,MSCI Emerging Markets Gross Index USD_DUVOL,MSCI China Gross Index USD_DUVOL,MSCI All Country Asia Pacific Ex Japan Gross Index USD_DUVOL,MSCI Emerging Markets Latin America Gross Index USD_DUVOL,MSCI Europe Gross Index USD_DUVOL,MSCI United States Gross Index USD_DUVOL,MSCI All Country World Gross Index USD_DUVOL,MSCI North America Gross Index USD_DUVOL,MSCI Canada Gross Index USD_DUVOL,MSCI All Country Pacific Gross Index USD_DUVOL,MSCI Europe & Middle East Gross Index USD_DUVOL,MSCI EAFE Gross Index USD_DUVOL,MSCI BRIC Gross Index USD_DUVOL,MSCI All Country Asia Pacific Gross Index USD_DUVOL,MSCI Europe Ex United Kingdom Gross Index USD_DUVOL,MSCI All Country World Ex USA Gross Index USD_DUVOL,MSCI Frontier Markets Gross Index USD_DUVOL,MSCI Emerging Markets Far East Gross Index USD_DUVOL,MSCI All Country Asia Ex Japan Gross Index USD_DUVOL,MSCI Japan Gross Index USD_DUVOL,MSCI Golden Dragon Gross Index USD_DUVOL,MSCI India Gross Index USD_DUVOL,MSCI World Gross Index USD.1_DUVOL,MSCI Emerging Markets Gross Index USD.1_DUVOL,MSCI All Country World Gross Index USD.1_DUVOL,MSCI Kokusai (World Ex Japan) Gross Index USD_DUVOL,MSCI Emerging Markets Asia Gross Index USD_DUVOL,MSCI Malaysia Gross Index USD_DUVOL,MSCI Emerging Markets Eastern Europe Gross Index USD_DUVOL,MSCI Pacific Gross Index USD_DUVOL,MSCI Indonesia Gross Index USD_DUVOL,MSCI Taiwan Gross Index USD_DUVOL,MSCI All Country Far East Ex Japan Gross Index USD_DUVOL,MSCI EAFE Gross Index USD.1_DUVOL,MSCI Korea Gross Index USD_DUVOL,MSCI Emerging Markets Latin America Gross Index USD.1_DUVOL,MSCI Thailand Gross Index USD_DUVOL,MSCI Australia Gross Index USD_DUVOL,MSCI United Kingdom Gross Index USD_DUVOL,MSCI All Country Asia Ex Japan Gross Index USD.1_DUVOL,MSCI Brazil Gross Index USD_DUVOL,MSCI South Africa Gross Index USD_DUVOL,MSCI Hong Kong Gross Index USD_DUVOL,MSCI Greece Gross Index USD_DUVOL,MSCI Philippines Gross Index USD_DUVOL,MSCI Russia Gross Index USD_DUVOL,MSCI Emerging Markets Asia Gross Index USD.1_DUVOL,MSCI Peru Gross Index USD_DUVOL,MSCI Nordic Countries Gross Index USD_DUVOL,MSCI United States Gross Index USD.1_DUVOL,MSCI Russia Gross Index USD.1_DUVOL,MSCI Poland Gross Index USD_DUVOL,MSCI New Zealand Gross Index USD_DUVOL,MSCI Germany Gross Index USD_DUVOL,MSCI Chile Gross Index USD_DUVOL,MSCI Singapore Gross Index USD_DUVOL,MSCI EMU Gross Index USD_DUVOL,MSCI Hungary Gross Index USD_DUVOL,MSCI Pacific Gross Index USD.1_DUVOL,MSCI Chile Gross Index USD.1_DUVOL,MSCI All Country ASEAN Gross Index USD_DUVOL,MSCI Zhong Hua Gross Index USD_DUVOL,MSCI Czech Republic Gross Index USD_DUVOL,MSCI Emerging Markets EMEA Gross Index USD_DUVOL,MSCI Emerging Markets Eastern Europe Gross Index USD.1_DUVOL,MSCI Emerging Markets Europe & Middle East Gross Index USD_DUVOL,MSCI All Country Asia Gross Index USD_DUVOL,MSCI Mexico Gross Index USD_DUVOL,MSCI All Country Pacific Ex Japan Gross Index USD_DUVOL,MSCI Spain Gross Index USD_DUVOL,MSCI United Arab Emirates Gross Index USD_DUVOL,MSCI Colombia Gross Index USD_DUVOL,MSCI Mexico Gross Index USD.1_DUVOL,MSCI Turkey Gross Index USD_DUVOL,MSCI Israel Gross Index USD_DUVOL,MSCI Kokusai (World Ex Japan) Gross Index USD.1_DUVOL,MSCI North America Gross Index USD.1_DUVOL,MSCI All Country Asia Pacific Gross Index USD.1_DUVOL,MSCI Peru Gross Index USD.1_DUVOL,MSCI Colombia Gross Index USD.1_DUVOL,MSCI Brazil Gross Index USD.1_DUVOL,MSCI Egypt Gross Index USD_DUVOL,MSCI Italy Gross Index USD_DUVOL,MSCI France Gross Index USD_DUVOL,MSCI Qatar Gross Index USD_DUVOL,MSCI Pakistan Gross Index USD_DUVOL,MSCI Emerging Markets EMEA Gross Index USD.1_DUVOL,MSCI Frontier Markets Gross Index USD.1_DUVOL,MSCI All Country Pacific Gross Index USD.1_DUVOL,MSCI BRIC Gross Index USD.1_DUVOL,MSCI United Kingdom Gross Index USD.1_DUVOL,MSCI Emerging Frontier Markets Gross Index USD_DUVOL,MSCI Egypt Gross Index USD.1_DUVOL,MSCI Emerging Markets Europe Gross Index USD_DUVOL,MSCI Emerging Markets Far East Gross Index USD.1_DUVOL,MSCI Far East Gross Index USD_DUVOL,MSCI GCC Countries Ex Saudi Arabia Gross Index USD_DUVOL,MSCI Golden Dragon Gross Index USD.1_DUVOL,MSCI All Country Americas Gross Index USD_DUVOL,MSCI All Country Europe Gross Index USD_DUVOL,MSCI All Country Europe & Middle East Gross Index USD_DUVOL,MSCI Argentina Gross Index USD_DUVOL,MSCI South Africa Gross Index USD.1_DUVOL,MSCI All Country ASEAN Gross Index USD.1_DUVOL,MSCI All Country Far East Gross Index USD_DUVOL,MSCI Zhong Hua Gross Index USD.1_DUVOL,MSCI EAFE + Emerging Market Gross Index USD_DUVOL,MSCI Israel Gross Index USD.1_DUVOL,MSCI Poland Gross Index USD.1_DUVOL,MSCI Ireland Gross Index USD_DUVOL,MSCI Sweden Gross Index USD_DUVOL,MSCI Belgium Gross Index USD_DUVOL,MSCI Emerging Frontier Markets Africa Ex South Africa Gross Index USD_DUVOL,MSCI Euro Gross Index USD_DUVOL,MSCI Switzerland Gross Index USD_DUVOL,MSCI Portugal Gross Index USD_DUVOL,MSCI Norway Gross Index USD_DUVOL,MSCI Austria Gross Index USD_DUVOL,MSCI Emerging Markets Europe & Middle East Gross Index USD.1_DUVOL,MSCI Netherlands Gross Index USD_DUVOL,MSCI Finland Gross Index USD_DUVOL,MSCI Denmark Gross Index USD_DUVOL,MSCI Morocco Gross Index USD_DUVOL,MSCI Germany Gross Return Index in USD Currency_DUVOL,MSCI GCC Countries Combined Gross Index USD End of Day_DUVOL,MSCI Kuwait Gross Index USD_DUVOL,MSCI All Country Asia Gross Index USD.1_DUVOL,MSCI SRI Lanka Gross Index USD_DUVOL,MSCI All Country Far East Gross Index USD.1_DUVOL,MSCI Arabian Markets Ex Saudi Arabia Gross Index USD_DUVOL,MSCI Romania Gross Index USD_DUVOL,MSCI All Country Americas Gross Index USD.1_DUVOL,MSCI GCC Countries Ex Saudi Arabia Gross Index USD.1_DUVOL,MSCI Jordan Gross Index USD_DUVOL,MSCI Vietnam Gross Index USD_DUVOL,MSCI Vietnam Gross Index USD_Adjusted_DUVOL,MSCI All Country Europe Gross Index USD.1_DUVOL,MSCI Emerging Markets Europe Gross Index USD.1_DUVOL,MSCI Bulgaria Gross Index USD_DUVOL,MSCI Emerging Frontier Markets Europe + CIS Ex Russia Gross Index USD_DUVOL,MSCI All Country World Ex USA Gross Index USD.1_DUVOL,MSCI All Country Far East Ex Japan Gross Index USD.1_DUVOL,MSCI Europe & Middle East Gross Index USD.1_DUVOL,MSCI Germany Gross Index USD.1_DUVOL,MSCI EAFE Ex Israel Gross Index USD_DUVOL,MSCI Hungary Gross Index USD.1_DUVOL,MSCI Morocco Gross Index USD.1_DUVOL,MSCI Philippines Gross Index USD.1_DUVOL,MSCI Thailand Gross Index USD.1_DUVOL,MSCI World Ex Israel Gross Index USD_DUVOL,MSCI Czech Republic Gross Index USD.1_DUVOL,MSCI Select OECD Countries Gross Index USD_DUVOL,MSCI EU Gross Index USD_DUVOL,MSCI Frontier Markets Ex GCC Gross Index USD_DUVOL,MSCI Ukraine Gross Index USD_DUVOL,MSCI All Country World Ex Korea Gross Index USD_DUVOL,MSCI Mauritius Gross Index USD_DUVOL,MSCI Croatia Gross Index USD_DUVOL,MSCI All Country Frontier Markets Europe + CIS Gross Index USD_DUVOL,MSCI Serbia Gross Index USD_DUVOL,MSCI Ghana Gross Index USD_DUVOL,MSCI Trinidad And Tobago Gross Index USD_DUVOL,MSCI Pan-Europe Gross Index USD_DUVOL,MSCI Frontier Markets EMEA Gross Index USD_DUVOL,MSCI Slovenia Gross Index USD_DUVOL,MSCI Emerging Frontier Markets Central & East Europe + CIS Gross Index USD_DUVOL,MSCI Kenya Gross Index USD_DUVOL,MSCI Estonia Gross Index USD_DUVOL,MSCI Emerging Frontier Markets Asia Gross Index USD_DUVOL,MSCI Domestic Arabian Markets Ex Saudi Arabia Gross Index USD_DUVOL,MSCI Arabian Markets Combined Gross Index USD End of Day_DUVOL,MSCI All Country World Frontier Markets Ex United States Gross Index USD_DUVOL,MSCI Bahrain Gross Index USD_DUVOL,MSCI All Country Frontier Markets Asia Gross Index USD_DUVOL,MSCI Botswana Gross Index USD_DUVOL,MSCI Frontier Markets Africa Gross Index USD_DUVOL,MSCI Nigeria Gross Index USD_DUVOL,MSCI Lithuania Gross Index USD_DUVOL,MSCI EAFE Ex Israel Gross Index USD.1_DUVOL,MSCI All Country World Frontier Markets Ex Japan Gross Index USD_DUVOL,MSCI World Ex Israel Gross Index USD.1_DUVOL,MSCI Far East Gross Index USD.1_DUVOL,MSCI Emerging Frontier Markets EMEA Gross Index USD_DUVOL,MSCI Domestic Arabian Markets Gross Index USD_DUVOL,MSCI G7 Gross Index USD_DUVOL,MSCI Jordan + Egypt + Morocco Gross Index USD_DUVOL,MSCI Tunisia Gross Index USD_DUVOL,MSCI EAFE + Emerging Market Gross Index USD.1_DUVOL,MSCI Oman Gross Index USD_DUVOL,MSCI Zimbabwe Gross Index USD_DUVOL,MSCI Kazakhstan Gross Index USD_DUVOL,MSCI Emerging Frontier Markets Gross Index USD.1_DUVOL,MSCI Bangladesh Gross Index USD_DUVOL,MSCI Bosnia And Herzegovina Gross Index USD_DUVOL,MSCI Jamaica Gross Index USD_DUVOL,MSCI All Country Europe & Middle East Gross Index USD.1_DUVOL,MSCI All Country World Frontier Markets Gross Index USD_DUVOL,MSCI Frontier Markets Central & Eastern Europe + CIS Gross Index USD_DUVOL,MSCI Emerging Frontier Markets Far East Gross Index USD_DUVOL,MSCI Emerging Frontier Markets Europe + CIS Gross Index USD_DUVOL,MSCI Emerging Frontier Markets Central and Eastern Europe + CIS Ex Russia Gross Index USD_DUVOL,MSCI Domestic GCC Countries Gross Index USD_DUVOL,MSCI Arabian Markets & Africa Ex Saudi Arabia Gross Index USD_DUVOL,MSCI Arabian Markets & Africa Combined Gross Index USD End of Day_DUVOL,MSCI Emerging Frontier Markets Africa Gross Index USD_DUVOL,MSCI Lebanon Gross Index USD_DUVOL,MSCI Domestic GCC Countries Ex Saudi Arabia Gross Index USD_DUVOL,MSCI EUROPE & MIDDLE EAST Gross Return Index in USD_DUVOL
12/1/2000,0.235517850548732,0.45651052393329855,0.14497865090685058,-0.18322329562668235,-0.023195220515021722,0.050208750385684155,0.3236952737010414,0.00945495230666154,0.23284835307259158,-0.04647223709159378,,-0.014100581816427314,,-0.026235709521271734,-0.10699537148106143,-0.08215057031188125,,-0.0739082592059855,0.07348429721477066,-0.04130220928659424,0.002942061436641083,0.4518641673373345,,0.6321699180412496,0.1775518931305667,0.08766411814917148,-0.02156762412831284,-0.05255293913893557,-0.153524104769747,-0.14444275309539345,,-0.2586218627778119,-0.0340798489570332,0.1901106287326236,-0.215504407369938,0.483618582864609,-0.34835710625606864,-0.0934066711265619,0.1398304149998764,0.7060744059180035,0.016225641091121405,0.11013333617019826,-0.04794099049593139,0.047245811999606396,0.21592056631044917,-0.0743624189348026,0.8236386021891247,0.19479842628940153,0.18816063087945656,,0.23751159689933485,-0.30622032924166276,-0.025275071734743366,0.022369427855351842,-0.02332022501209535,-0.24211199336589637,-0.0412135825600894,-0.16417749234465928,0.28750602542646936,,1.255610053637151,0.09647860440895924,-0.18351637469128035,,,,,,-0.007633830269118053,-0.23352353480545254,,0.37118284905724824,-0.21614017998615112,-0.17767049827436038,-0.1599238376512881,,,,,,,0.14954684145968253,-0.22441966952888617,-0.08727139568714214,,-0.01667451865472198,,,,,,,,,,,,,,,,,,,,,,,,-0.03298798498073789,0.2553926009889388,-0.3566514065505693,,-0.09087680291334797,-0.21702917527802504,-0.1290114298930644,-0.02409952679571841,-0.09680545415130141,-0.31178836226202644,0.021732690701095802,-0.47535029637836385,-0.5785942463110576,,,,,-0.01717996027058484,-0.009330837088745835,-0.11311316000388683,,,0.04875896586614358,,-0.03579404779682888,,,0.002850785277335437,-0.1592859061467559,,,0.21356874792840297,1.090359652704884,,,,,,,,,,,0.05155157703809924,,,,,,,,,,-0.01408158661589562,,,,,,,,,,,,,,,,,,,-0.10218988789349322,,,0.050437193959143894,,,-0.013323589155516388,,,,,,,,0.005722958002519021,,,,,,,,,,,,
12/1/2001,0.15506531001650614,0.07850705392832262,-0.16601639977779384,0.5030090781400051,0.9190416966555037,0.00756070120690072,1.034803717731919,0.07329212394133507,0.2990728297756026,-0.16120291830523165,,1.2767701617032317,,-0.12743909994334282,0.987683189636992,0.10549777909491027,,-0.048569791563980995,-0.1597055797264302,-0.1881881177810973,-0.08296526681572199,0.24760982967240955,,0.08663770558639905,-0.5300382909579695,0.18279605031682755,-0.07568896513158094,0.22814893970064196,0.24183390197455365,-0.09928172751410275,,-0.30181903591207065,-0.14188080159505806,-0.11766648505593305,-0.16125015100171577,0.14861398937530265,-0.2617608467329908,-0.3547149385222838,0.5204241617745677,-0.0952829087712616,0.2817947475154025,0.3179863291825658,-0.12215562457411853,0.2699971329450369,0.14513911269201904,0.12193406425291003,-0.11505819635604078,0.1729876400525152,0.6538319071017272,,0.04664075695477635,-0.27845345968319524,0.02878705480669654,0.9822771856238987,0.24527583034955466,0.004137986192884764,1.033988069517497,-0.08184215416320365,-0.12077960918435716,,0.1504503075390137,-0.08541238028262918,0.1241177712403427,,,,,,-0.23527390139537635,0.46713833447097197,,-0.2799349873136306,0.41889176802856937,0.30504163705206794,0.15334832722973218,,,,,,,0.09389535225285228,0.8413243931553234,1.09799704875213,,-0.00093472914173616,-0.23650198002311607,,,,,,,,,,,,,,,,,,,,,,,-0.005329215751053883,0.5999673959730368,0.23429689766828865,,1.025062840203807,0.8570433425414616,0.3906700672394896,0.020252546078361043,0.17731043808533722,0.8464549005507406,0.3747477339587787,0.574836533896304,-0.03293638219688406,,,,,-0.09258997371519194,-0.4849058456704214,-0.12559584009180527,,,0.35174425819272265,,-0.2667179642224726,,,0.07510688277375677,0.26305537604046386,,,0.06863552331248354,-0.03971697827860162,,,,,,,,,,,0.13201485416828024,,,,,,,,,,0.9353730215989058,,,,,,,,,,,,,,,,,,,-0.13204674778875317,,,0.2018066360524882,,,0.03194241379859931,,,,,,,,0.08501769317046357,,,,,,,,,,,,
12/1/2002,0.22465128091858846,0.3200163823573255,0.3833016262743422,0.1126170476961804,-0.5763801414408054,-0.015135627863792559,1.0158314299529336,0.07407924749925915,0.23089489273566283,0.09797763260042308,,-0.053916810255858975,,0.13301391674054458,-0.37874035853684,0.08104620576580032,,0.17464536768418001,0.34439724327159543,0.14388157181904512,0.17314280875683802,0.3443911862575676,,0.20823613377185252,-0.29796032106404896,-0.21152356705203912,0.2554390046509741,0.1117381225140932,0.10933141433700133,0.1049783545238996,,0.007623754565792976,0.29973447804610387,-0.13575400623312578,0.22740915397163208,0.41929747148988444,0.06701943159715806,0.34649900097970704,-0.2283786853950037,0.31121571562632383,0.038444898421511484,-0.04500105677649689,0.1776223484255243,0.153856167561321,0.1700210140709461,0.12485500319555141,0.15247285922538326,0.294404261762785,0.19285054370424393,,0.09380106459802862,0.09177025102721958,0.1929601955956794,-0.14273595765094066,-0.07381986389642263,0.1834360674122985,-0.24169950070262347,-0.08360680499365096,0.1452495007898976,,0.12409574493134447,0.4268877950932126,-0.22525078975681884,,,,,,0.34793718822046754,-0.18912817533717832,,0.09328227371264267,0.0968184116922294,-0.10202230105918142,0.15229757214191006,,,,,,,-0.11464087967640779,-0.12501746001554556,-0.13579104371615017,,-0.2882241465396183,0.006737549784940101,,,,,,,,,,,,,,,,,,,,,,,0.19422043527996805,0.2587432861000406,0.09870991045921708,,-0.2943788485847013,-0.5613367409642328,0.1175437504359236,0.10362545472334826,-0.17066080377071371,-0.17511778084978896,0.1947591983091377,0.002080600783954194,-0.010352183425263787,,,,,0.07802461169332969,-0.013123646598849214,0.04273457943584171,,,0.08511494422074099,,0.21300902322676846,,,-0.45059478328086094,-0.07810534913312388,,,-0.001999338301751767,-0.3160906966503423,,,,,,,,,,,-0.5104529274501873,,,,,,,,,,-0.7421047331206388,,,0.2751623798367744,,,,,,,,,,,,,,,,0.09139249030660528,,,0.04418627150387301,,,0.036686800247351666,,,,,,,,-0.4513098405041631,,,,,,,,,,,,
12/1/2003,-0.013911720821962197,-0.1361463528292927,0.21000696274803143,0.2154763838224136,0.04519279764465099,-0.089294553475512,-0.15749709126857298,-0.20709018296223625,0.20011562789761414,-0.041494223226638906,,0.1582169382813691,inf,-0.0415146254375675,-0.14067317561379442,0.06520709569108671,,0.12424076907516267,0.042790980712105485,-0.13574239016934758,-0.0018396751079046813,-0.09543985738165754,,-0.02775782492473568,-0.054331016297221035,0.12077764074111479,0.053669327068042436,-0.493584077828767,0.2964644097276773,-0.05484070755768877,,0.07351877672066488,0.00556071787305595,0.23140517065569177,0.16724006103680178,-1.2242156635854897,-0.16927451509504104,0.23339161876278494,-0.10511500440471944,0.05491736756340459,-0.1231559557701817,0.10001306466141634,-0.219484968403098,0.045434495124899894,0.10276402716022587,0.33585419774286723,0.031124650688892242,-0.18119910209497941,0.16970056636975908,,0.32716968496884735,-0.030003009699303963,0.12085244872140509,-0.17103585122935297,-0.22171723481894226,0.08514366653587352,-0.13042802441394272,0.3803402322896993,-0.053283206949615254,,-0.11887273816133363,-0.19023300904126306,-0.12634430341467387,,,,,,0.20816577004683756,-0.056428135187156156,,-0.04808570410207363,0.19220587902070113,-0.18111086632381196,-0.40311310192182875,,,,,,,0.39011967693381466,0.30286515559282795,-0.015845990376941583,,0.2629585548062573,0.22456055587697962,,,,,,,,,,,,,,,,,,,,,,,0.27648768113700994,-0.16653349008685805,0.14581039820870934,,-0.11471645263056324,-0.02794039227132352,-0.03466479005342414,0.18851150846435247,0.20351575658501309,0.18217011570957792,0.17062312116430403,0.04455337148791762,-0.07925283240949338,,,,,-0.06238891568041243,-0.03649467325426781,-0.09885475249903013,,,-0.12395922553598868,,-0.03299142870798597,,,0.06151250280542972,0.16191606888123786,,,0.11677226481014608,-0.8685195430777785,,,,,,,,,,,0.14870798575180932,,,,,,,,,,0.03163382445951547,,,0.2468777595088526,,,,,,,,,,,,,,,,-0.090609757786546,,,-0.37034358632799225,,,0.1650708905543826,,,,,,,,0.05937723816107492,,,,,,,,,,,,
12/1/2004,0.008093385812554069,-0.2082999868960909,-0.07653649930802693,-0.07479878502363654,-0.06708429861056923,0.23703688230122238,0.08744372542117934,0.2283717982550206,0.05194304815132526,-0.17521715516104558,,-0.18223719834507046,-0.040435807131750545,-0.1846135645483862,-0.06820669658569789,-0.2390035424664848,,0.1835147178663866,-0.046063692642712435,-0.21366063485192516,-0.29531205061627697,0.3392504874295006,,0.051280413064923494,0.3212465787494701,0.16619099542781882,0.04625891674659375,-0.07741861419923,0.2726654350560457,-0.24467292400989812,,-0.013284740641885989,0.04293659709730178,-0.1692574643397835,-0.13948213247128888,-0.6508632911946833,-0.16742011328139525,-0.04800480437543307,0.00018757302130544023,0.09098401644778116,-0.13342387983918275,0.13449830914609284,-0.14224449084836593,0.00397168941898663,-0.17311263337478613,0.34926551060431127,0.10964169909099923,0.19224662064498232,-0.15382807712642602,,0.37356849649040186,0.0032420669636254334,0.19636741054812076,0.0605944275767515,-0.05336260080610713,-0.23522525784810136,0.11817860183482608,-0.28711382695369925,-0.16678719717634552,,-0.11636438074995098,-0.17757628070023324,-0.1278851264468018,,,,,,-0.06767565749910727,-0.12829395037498853,,-0.19344593154522377,-0.08965626648632585,-0.16091524652675887,0.24784839723814023,,,,,,,-0.15562401659998004,-0.16176593292649682,-0.0202896307179095,,0.395026232542123,0.0798669858435287,,,,,,,,,,,,,,,,,,,,,,,0.15250190061362834,-0.41065704614529663,-0.34299412078452046,,-0.00948673741207388,-0.04979676874470458,-0.028909443289755234,0.09977371411657843,0.17048344524615192,-0.10569616956641922,0.33159345590543,-0.13568419223519984,0.1567392171200335,,,,,-0.24261837276530027,-0.17781971246305456,-0.23134365273127788,,,0.09791788514633272,,-0.19235688199123058,,,-0.06369820908925117,0.14117010820936807,,,-0.23838318063634373,-0.8772145394096282,,,,,,,,,,,-0.06296381006354744,,,,,,,,,,-0.04527000755744806,,,0.26654284290321767,,,,,,,,,,,,,,,,-0.16754947243794613,,,0.18144155817034463,,-0.09830784104428433,-0.2860080565195973,,,,,,,,-0.03223884821377076,,,,,,,,,,,,
12/1/2005,0.09591364070692342,0.35193802654987644,0.07964521394971012,0.09274623225812022,-0.38077372607902454,0.44020478209847935,0.18582920026569374,0.3652210243096809,0.09052981815985486,-0.40196305768312685,,-0.40042557586373567,0.11775293689622084,-0.3638925873380092,-0.3001335192469779,-0.23837538331159927,,0.05193047484602263,0.11368736049705422,-0.48645290751312953,0.09931364879445286,0.13235900273885395,,0.19280035901411774,0.04198774592662886,0.5302700611007534,0.06555310717035759,0.011528027101358066,0.23966790921517203,-0.4274695515029274,,0.007635877528686976,0.09746171973359281,-0.4592738491307552,0.06723988816424868,-1.0299584273424331,-0.10593793283445611,0.2677431796163729,-0.07813261983496392,0.039926239510853376,-0.004603903745177417,0.13837598402653584,0.2088718055611375,-0.1665849210066499,0.03953840222933816,-0.013646827643101626,0.03287350145859489,0.19613860726203047,-0.07010571519509283,,-0.03562804655920085,-0.07236231326368392,0.3038397315096671,-0.3605705412534845,-0.1228107677282302,-0.046784010368325496,-0.19963512792294308,0.29269778489568254,-0.41766960183005275,,-0.15330969662919328,0.38333044057972077,0.04369187223287749,,,,,,0.1388912415988642,-0.05438137580996987,-0.05378098394915309,-0.2517965657793496,0.126003426140708,0.27045109015867314,-0.14082093802383994,,,,,,,-0.12515304428164897,-0.1727845717123869,-0.051567052731707995,0.036405775929654514,0.2193963151426187,0.22387902657745634,,,,,,,,,,,,,,,,,,,,,,,-0.17679069732012975,-0.24343872950866777,-0.1423467379720629,,-0.2605801840109476,-0.10363011699229244,-0.03911189059847796,-0.033820084787042536,0.3574222999605424,-0.4741967670069322,0.0787051719792789,0.02007219471546773,0.030601305303088317,,,-0.13071603070983354,0.09846535927470956,-0.41773005698180354,0.02944590375952544,-0.45186875801802323,-0.06685946463215915,,0.42139479183973144,-0.12343778714772283,0.11754307859061691,,,-0.25902090235333264,0.33254464703716563,,,-0.2194610889401695,-0.8421299916560729,,,,,,,,,,,-0.219162975639281,,,,,,,,,,-0.39533177183525625,,,0.15633009906777354,,,,,-0.09823202434231451,,0.20545698160816633,,,,,,,,,-0.4934754316174643,,,0.22138839788330517,-0.4336443704099317,-0.8534087292492537,-0.10348476782796401,0.6410311816832285,,,,,,,-0.26817108463731015,,,,,,,,,,,,
12/1/2006,0.026730020245956998,0.12729007574050538,-0.29746571912120773,-0.04358333527305893,-0.04266076065326055,-0.37352097347244595,-0.03713057279224195,-0.2372221438070538,0.09805943852490506,-0.045767227227537274,,0.19888705862767683,0.0473809895032828,-0.09332989223059725,-0.1793576067389229,0.2818156560856984,,-0.12166550381526879,-0.3181924089276819,0.011013557556525585,-0.1606745641356738,-0.01420234047590511,,0.0660904988769342,0.09798238675884537,-0.040829932268187055,-0.27494282668724873,-0.5168058435012642,0.17919386198793838,0.044562016708627215,,0.047953836370504994,-0.2216541460860744,0.24408870383344763,0.000390585410133635,-0.5904207806449066,0.048034141362578824,-0.1406020261591281,0.13031216784268407,-0.26581522212841324,0.14541416563691603,-0.13616850335573355,-0.013128867302840165,-0.008502324686176408,-0.23372435798266095,0.03289001413629153,-0.21464557246380525,0.05515917302530882,-0.07295784524661314,,0.02888465601231578,-0.05982810685808827,0.12563339901963583,-0.18421513034687026,-0.14094281495584388,-0.19379289084456686,-0.22210105576671874,0.1911266021377975,0.05791953561105776,,-0.17679249245965745,0.0853651822021338,0.0806757037808883,,,,,,-0.30287075204325387,-0.4763255712557292,0.18307573646390382,0.18921964823572401,-0.12152418408855872,0.08082434528066768,0.21326502004806944,,,,,,,-0.1821731192369941,-0.14781117261567986,-0.0543487383312402,-0.175708666490407,0.2052656141338736,0.2171734571791046,,,,,,,,,,,,,,,,,,,,,,,-0.05166916912265954,-0.32031918739589404,-0.37591943547375206,,-0.18198354394571303,-0.05121580558487556,-0.1328736593042265,0.199430518408181,0.15396655221497824,-0.23679678329506818,-0.08060524521267413,-0.12417244381104348,0.019573531609479035,,,0.2126646740463107,-0.4183819575192359,-0.09998250726863098,-0.41072989542508953,-0.08493457140722918,-0.03407657601029684,,-0.22189341118149006,0.21225839973668365,-0.08809390869369846,,,-0.045002844122720584,0.1899699154231643,,,0.30396683530469365,-0.9966042815061006,,,,,,,,,,,-0.09458656474331968,,,,,,,,,,-0.10614876186931853,,,0.1455844004155888,,,,,0.10278368275970563,,-0.42653022563762083,,,,,,,,,0.04239898299686114,,,0.0008282066002842676,-0.40686326084082286,0.11705165822580568,0.30972568098496916,-0.7472814549355363,,,,,,,-0.07925183897679763,,,,,,,,,,,,
12/1/2007,0.47779562947942156,0.16974105689774388,0.5384563255278815,-0.1174196228671421,-0.257130793712834,-0.14587225632601192,0.4813246337261094,-0.1313781897426697,0.030366092913524784,0.3973853010015807,,0.09599246203523618,0.2414513395992909,0.34614108370453694,-0.24675167606743273,0.2629471001907953,,0.4726524618523294,0.46091740189094155,0.16662941581143928,0.18573885699231726,0.13218817184566367,,0.42430837295450835,0.22443401896027806,-0.1445602975357937,0.41131982582122917,0.19666579690365052,0.26896188844894736,0.25065023986540624,,0.2626689555551578,0.3961179997939933,0.08861437612217402,0.4621241452353553,-0.8689464791798275,-0.010583819516269626,0.4456259481706282,-0.00398745658285019,0.39617937080630583,0.02601520771778222,0.06312402042776923,0.002896946201774836,0.07761594363069298,0.16636352876673186,0.47334485042159247,0.3786332523585275,-0.22965353900275992,0.22121155822326147,,0.42465930781030714,0.014944250704550825,0.28171655234750886,-0.2642940640145666,0.09608135894383267,0.030907221312746168,-0.33928107000158303,0.27851924254112104,0.25716752125463954,,0.24828102922542353,0.11540082666737358,-0.1961535451846249,,,,,,0.5318237235641334,-0.18924204890963575,-0.16648165101768653,0.0610029663569418,-0.36177754964362957,0.0073059188073853415,-0.12835103624000768,,,,,,,-0.11563103081856987,0.03320612555816007,-0.16598169532393586,-0.2031607381515342,-0.038672438500161964,0.1044171153513062,,,,,,,,,,,,,,,,,,,,,,,-0.003377497828915889,0.4137785988542774,-0.013313307757936963,,-0.33525593946311316,0.18345710066740326,-0.12636718180839748,0.08502881569927943,0.07350236876151658,-0.18827724937669335,-0.04140667830044756,-0.07963289971826099,0.22065185167774962,,,-0.3355339883991835,-0.18951634410409518,0.3279508096225074,-0.04211177545538192,0.35042342521274855,-0.08234471394920591,,-0.19090368073302746,-0.011139016864459082,-0.6290234222664052,,,-0.2851368866021316,0.0885415111512908,,,0.2698169009462735,-0.7436265823823419,,,,,,,,,,,-0.28131428828705435,,,,,,,,,,-0.32300957679388254,,,0.25942569025026496,,,,,-0.36929837505704893,,-0.42102510017259004,,,,,,,,,0.18359180374238768,,,0.12807955244188624,-0.27088122928508857,0.13896252584983762,0.19568059786513123,-0.5130544233413101,,,,,,,-0.32485714581778397,,,,,,,,,,,,
12/1/2008,-0.08651030717441248,-0.13849204579790292,0.16451298107516538,0.1095540363460388,-0.05363677227292906,0.02150480290642046,-0.04043125817322841,0.030826678176336785,0.365904651227722,0.2814234560631495,,0.024575108875945363,0.10758040581464183,0.30510456645040956,0.013464805184496692,0.2060306626026074,-0.03910866781422208,-0.05659170958339527,-0.004846776894846774,0.18340066661505,-0.124752623788231,0.285134509723296,,-0.02894326961451313,-0.2459332462492509,-0.1708154355790054,-0.08462024913380908,-0.12971824278010954,-0.18387497139152806,0.2612766998639075,,0.07272873600728726,-0.04612615282270627,-0.04538477723706965,0.03843819604731501,0.9219358298184066,0.17569807175051058,0.4181630305894929,0.17287982274161923,-0.025673422440721214,0.060886314145119295,-0.01677451723284617,-0.12948796004387178,0.30280616562773033,-0.07620118369124627,-0.22530958980811752,-0.10607695051872378,0.08365782129415347,-0.06114997344850582,,-0.21645293981152391,-0.05851673642257239,0.24876448667242515,0.05625785368928165,0.07244458618642005,0.032029379341383446,0.014514171105885834,0.022488258948538002,0.31587872952993123,,0.0028942871302370804,-0.1803729185631566,-0.3310829300132688,,,,,,0.17358493812360803,0.000915789749665747,0.45366618930573743,-0.01884493112790476,0.11371345187078542,0.0009029096830330492,-0.03807309238567241,,,,,,,0.07112289731331088,0.2371996115164354,0.16336632137237664,0.10730669460797977,0.24248350271395092,-0.14089626623613763,,,,,,,,,,,,,,,,,,,,,,,-0.32458088774744204,-0.19793372291240477,0.5442312856866574,-0.03738235488326195,0.021490809819959142,-0.12454718781122254,0.05547661984573413,0.2911448847266161,0.003973169898641728,0.04455942012402524,0.10594681234884468,0.2390197808593679,0.16373242303004998,,,0.33677673284009724,-0.1869553990724663,0.14516573116225429,0.41596243287212487,0.15583743278092654,0.17785424890079654,0.08178880455399458,0.07427073474280235,0.09238961468675301,0.22796013517930847,-0.14556922047143228,-0.2015148238515525,0.04315541778031491,-0.19182767502995113,0.4821673392415221,-0.08506319320535599,0.10757159751796747,0.9213163012304247,,,,,,,,,,,-0.03444844828060629,0.5122705271977259,,,,0.18709802671995676,0.2372499166044636,,,,-0.08449784242021086,-0.012470532010429556,0.345538756698871,-0.1668116255411646,-0.18777202004785304,,-0.28580216402131686,,0.37251992385481536,0.2737646963715195,0.19236812244945864,0.013077487009708696,,0.014767768567535611,-0.06209539009558756,,,-0.04146720393416202,,0.18252433573474106,-0.3080503397807615,,-0.010596214842521988,0.04354830308744165,0.04267596832492249,0.15895809550645926,0.18393634022469413,,-0.4783380602849416,-0.1316504704319819,,,,0.04079615602721206,-0.2694232285335513,0.06585549304785325,-0.3144101013232822,-0.4680709853694386,-0.7781457166298134,,,,-0.13608212454825003,-0.415703494839627,,
12/1/2009,-0.23231467137704756,0.18566956880823457,0.06104287267074771,-0.26149558581742205,-0.017664104935732654,-0.059542764072819124,-0.2452637342065674,-0.12630693578588292,-0.5072308912224828,0.02614353563862669,,0.07353897734554464,-0.23400245386934831,0.00046609591157876584,-0.03807766903490983,0.0529921493786101,0.23469226002211416,-0.18470218112936404,0.018281846514647978,-0.08581464266759019,0.08441390239411488,-0.14112054777759675,,-0.2937734557948191,-0.15306147442797172,0.044889832606439646,-0.14311670462397771,0.06790795120840001,-0.1403990044869729,-0.02242370008390702,,-0.21407100908110913,-0.053528252237110975,0.07583269129215278,-0.14095055951811358,-1.0722933155135332,0.011818526837453717,0.09729933556101794,-0.16430413154561926,-0.04629733495991916,-0.18990442213685035,-0.12382204591346743,-0.04325076912193234,0.03465059261312214,0.07076461025791599,-0.19954721403253894,-0.1747238599597337,-0.2070752509032963,-0.23192703109675528,,-0.12725904863001966,-0.01764665559016556,-0.03465032928922759,-0.0905395342750753,-0.11064981379412872,-0.026915177708378264,-0.050655714860118106,0.14456215385618063,-0.0015733330501272365,,0.009531116035636509,0.10675006031860239,0.12343542682229926,,,,,,0.13624433869660862,-0.013009769291841127,0.42086063485368097,0.002599341226672427,-0.2739087335793551,-0.15126608028350474,-0.2051613700047917,,,,,,,0.0035475070798053365,0.15434691218122923,0.019989182938964335,0.3021046716004128,0.14636156633859113,-0.16356388657023307,,,,,,,,,,,,,,,,,,,,,,,-0.2026132866079127,-0.21742124719542433,-0.19650107121946908,0.19242944781031782,-0.04848055586514895,0.4987076537196703,0.15562989945610597,-0.3072442297205642,-0.13386046329180631,0.12656740116869852,0.3563420534620931,-0.12300505104297708,-0.023736695091907963,,,0.211455380323878,0.20336944958038208,-0.07982656271465295,-0.6254803972294084,0.020939199618248854,0.11992413312124227,0.464423114211128,-0.2233981634079979,0.15785718808270366,-0.17127040245727176,0.06641459816220718,-0.0020584396132300804,-0.04120265285481284,-0.07334627837191121,0.07793298975996107,-0.0076956492501685965,-0.03875579706195627,-1.0795245588645985,,,,,,,,,,,-0.026653332397273823,-0.08213461010637763,,,,-0.43319289527948746,0.011194528380432134,,,,0.1356354990872766,0.2779233558060389,-0.12225964609396281,-0.15663430190100724,-0.23296953683122223,,-0.1948163124612686,,0.18953286261249913,-0.06297994942260968,0.4713651015807619,0.0012154764755012326,,-0.08306825297910035,-0.12130985826563867,,,-0.20772850774689142,,-0.09637299920960031,-0.18107948502009588,,0.0018901718691139234,0.003237520720356684,-0.22455898060383786,0.034856944284915786,-0.3528657448960695,,-0.21869325529264133,-0.3709709807782643,,,,-0.042176900102625765,-0.3382817936931054,-0.282669775009826,-0.23400228768697062,-0.1306463786204561,0.23570412944925473,,,,-0.03525397829897915,-0.6886960135502666,,
12/1/2010,-0.1959502785107667,0.12940270416158592,-0.0034326683509679585,-0.02203594310994952,0.27442148072970046,-0.0019721920887403916,-0.18006594047746427,-0.19733326244042274,-0.3502080218305789,-0.10919864151334634,-0.06250038991986831,0.051272999707877034,-0.13190201094823978,-0.056486179207718396,0.30902174566523083,0.14458204551292617,-0.13193055401510131,-0.11042867858304282,0.008048095629700706,-0.13998906426806962,0.06561461160726442,0.27162679155235364,-0.26307374891927937,-0.0992576276924896,0.01570877213508378,-0.3369662728896682,-0.12831341275547828,0.160170622875469,-0.0208234640457272,-0.19268233606302226,,0.047015278328032185,-0.08293731714243412,0.13099472974812348,-0.020995267200060393,-0.3075277352016993,-0.2548655763123628,0.035169926912709495,0.20734346139504034,-0.029761194298173813,0.05555461687448515,-0.19149170627703807,-0.08277765048356996,-0.061993425819401544,-0.31209680542036783,-0.06253048678736313,-0.13088275368294286,-0.2858063723642914,-0.08498996466826383,0.42494760426930267,-0.05592346143836647,0.2854779866515764,-0.13517952966058908,-0.14553430313407809,0.11389567232899922,-0.14367687900972242,0.207799016994534,0.24262803519599,-0.06499308612469991,,-0.03525632464311587,0.24472072820079965,0.025551602099727524,,,,,,-0.0005930694925791278,0.060396937459746086,0.05099899358333417,0.16617710085327067,-0.0030166112034853343,0.38745566910969004,-0.08303702553792407,,,,,,,-0.03801115226624041,0.2897112640717904,0.34208642123647776,-0.24463793870795753,-0.04675765467649008,-0.1985382288233571,,,,,,,,,,,,,,,,,,,,,,,0.5834269785386001,0.1527787828740079,0.11719241676798624,-0.13666998746333292,0.2651431746493636,0.20618583609110097,0.3418374738839804,0.22829795144707066,-0.19109473077681285,0.07330862160109719,0.030761177116574362,-0.029238082771866982,-0.08723281011941268,,,0.21514419474996455,-0.08320276030406407,0.10494610468078452,-0.41490967732874195,0.015906958745330543,-0.055941398573472426,-0.16246834360320267,-0.2384182180402765,0.021345398493216396,-0.31765121897925586,-0.2196721837286912,-0.02628137540774008,0.26858281198049977,0.03188603900735259,-0.1786126216256087,0.1605662479941255,0.1735465665469137,-0.45188886931941535,,,,,,,,,,,0.30866540824421274,-0.428395164224483,,,,-0.03905425800339301,0.13973410142851453,,,,0.3100906801910564,-0.19207968454195665,0.05351772613069455,0.01315704543206763,-0.4538560318590036,,-0.05794910217416849,,0.19550443423111247,-0.10988285957061335,0.09389754529018988,0.004276179181769779,,-0.2998344192362349,-0.20327950437140527,,,0.0331484895926951,,-0.15574295806341246,-0.17618855681416426,,-0.6868305286839882,-0.10601396512408821,-0.16530592158445254,-0.02748284007945377,-0.5090844503166863,,-0.05360297391730101,-0.18954764896227683,,,,0.2634835076360534,-0.12174654451395249,0.12546527005862007,-0.03970044965740768,0.11523765558861862,0.13406861674256718,,,,-0.28995169707067553,-0.2108032858834654,,
12/1/2011,0.03367839692354754,0.2677925731143111,0.07750368606241229,0.06750031660616998,-0.20300221715245612,0.08829816493679157,-0.018892287552801413,0.0968294138934588,0.06238694791738784,0.03193381279928418,-0.09169780971806822,-0.13462991447153713,0.11782292332807144,0.0012774485329417413,-0.0870809806873844,-0.08030397016012569,-0.23570764231953145,0.12974710153924637,0.24822247462875438,0.1905129727640798,0.35795437592298773,0.15500693922986608,0.02360293087672571,0.009314777084582643,0.11527461870617667,-0.1625174699908628,0.16716617699381012,0.23008407018651225,0.2588019819548528,-0.04979243927772537,,0.1933524085941939,0.24964717880557016,-0.13627463304568813,0.09068478397054397,0.017465590586668,0.37526619299353753,0.10822260766408326,-0.08826170519578427,0.18948317676211035,0.09082103320507003,0.06676922915952876,0.3744392479832665,0.03694278184481307,-0.06105445336937574,0.36573405870976927,0.14676392216199816,0.07002508030125455,0.08467360760077397,0.029329715132567272,0.3429346595415007,0.011066412982857673,-0.08546047009194263,-0.01954363103642418,0.3601821186381506,0.3472432194934159,-0.1639895271864986,0.12191226691657714,-0.004499533235243363,0.1922344548759176,0.22443354333780255,0.42734783154316386,-0.03353805836758736,0.1471136321753087,0.35887321042848075,0.3007319688711068,-0.05555336395357897,0.012250974580905218,0.10976924347248848,-0.19315161532487926,-0.07105804071763554,0.02312132355710405,0.11541243956656035,0.000549645173999522,0.17813876590056574,-0.31477543373557276,0.10853133372113735,-0.04209193315668883,-0.018299390070728783,-0.20279372069540938,-0.041932164556290986,0.4974334257418661,-0.0876026189736838,-0.15705091117641037,-0.14580627562449291,0.2921088747536105,0.2300961483310378,,-0.002336223822593605,0.14405217802526263,,0.08918510316884232,,0.21325720859387323,0.15551352430124415,0.1353283010368127,0.07928359378089207,0.30906963843609153,0.23609213312161278,0.01551333751380884,0.07423987033067296,0.09521560372029926,,0.09774566135197954,-0.06456443610370255,0.17529148768164324,-0.34532249475037124,-0.01158474322367486,,0.15029136157854472,0.042358501549014105,-0.006387983054514453,0.4205054825084751,-0.21693668971857447,0.21632590988447098,-0.10299063285562447,-0.01792729442530822,0.27873980117696895,-0.0027212594439750145,0.1849849382663739,0.040173934953368615,-0.3770632147450959,,0.2198986796531871,0.3413550774764553,-0.18414214132341192,0.037027025128912996,0.09326251563797532,-0.006239655329920694,0.0004155821556254846,-0.14523354695168364,0.12302572721861292,-0.1380687923599288,0.2127084462942472,-0.15451756198183864,-0.14907630247971754,-0.14749023360607394,0.3363494329147199,-0.1617643846538871,-0.13045695114301792,-0.06786428322526708,0.23943053419783558,,,-0.14220515103095144,,,,,-1.8022703973074312,,,-0.13238728456874485,-0.1795918340130383,,,,-0.1265737632139724,-0.08784254775692732,,,,-0.23552432639122958,-0.06274935860550376,0.06066933029769076,0.23217883926752353,-0.1285443305576033,,0.10033388908437416,,0.285968047003611,-0.216315151797612,0.20185909213023775,0.04144962409957985,,-0.2800171742828565,-0.270233702830303,,,0.15161019315575958,,0.18576173483879665,0.17084511853267623,,0.048765822344856186,0.5391313858403263,0.30499919677508947,-0.17727356548422557,0.04839680773637324,,-0.16032682753696037,0.03586506602147272,,,,-0.13769434658489227,0.03529706052570685,0.02760136516541326,0.09471679879898648,0.3056755649312872,-0.12429136630613893,,,,0.06222218140660948,0.24153587259589318,,
12/1/2012,-0.28367785720808986,-0.2938186414698456,-0.3247279900575966,0.24052496307792182,-0.025375832160017073,0.18886515229727693,-0.27388626360818097,0.15046245242593967,-0.04566713966163237,-0.11526231188584153,-0.08655814349945004,-0.17067523357586417,0.012443615933496726,-0.12612369031257314,0.1806103005225138,-0.3869727115528507,0.1258308513412777,-0.2309351539713746,-0.2604520376943268,-0.20576373793705074,-0.24125558017165044,-0.18335329765824368,0.07922213632857668,-0.22749306015753434,-0.13331999784762052,-0.001741415078093161,-0.23219989301873475,0.14424604137731925,0.32381058649424077,-0.16213347572098835,,-0.16863642306906884,-0.26897906208152494,0.04351133218710344,-0.06380729531174258,0.06651189419522786,0.07223011723201521,0.09958716040157403,0.005671446037197824,-0.29582838031943265,0.36328824334555393,0.08857992255047806,-0.5018650445410238,0.05319855357531193,-0.2685759072007171,0.36585876209476065,-0.22842504263837013,-0.0976461747656418,-0.26376044116588326,0.052471075324240966,0.3625695076899544,-0.09815896141388782,-0.05914314372499712,0.03865003212006655,-0.02514852579601634,-0.30476883876399713,0.21224198053270169,-0.09610405756750058,-0.14679253367693298,-0.04955760637278346,-0.3563112556892186,-0.35701492787052636,0.3117965409858439,-0.17927729966372385,0.22553468198374305,0.17615524081041264,0.019049195355162047,-0.1785912713921787,-0.3521407516534751,0.014846767614758912,-0.27788841149026,-0.0446546400369227,-0.0009052359627137693,-0.0332785202566001,0.29691752296582513,0.37668435400524136,0.018956953315638497,0.038732633559409244,-0.1212698059601078,-0.07096438189959242,0.13586704965229038,0.060988679135155814,0.09927778210490851,0.15682311481307323,0.1669275568327148,-0.1797709166290102,-0.09147647458571345,,0.01414403256151521,0.07240751575385086,,-0.0891536998942009,,0.219771546499188,-0.17824417733496306,-0.0906188677454453,0.0694641820991961,-0.28146685664216237,-0.016152248389498365,-0.17234754685696896,-0.17889256552051,0.04777857725585544,,-0.5059724287641559,-0.0852269188485171,-0.19886195975731827,-0.18111718870852359,0.24221909916961543,,0.12390431696666795,-0.09846784545402774,-0.10073692079482319,0.0621868229846488,0.18221832423298226,0.011177554283782526,-0.161842682378108,0.016136213661143768,0.1586612683754508,0.1851569595205979,-0.04422305327021477,-0.11706493863592274,0.22312744733937814,-inf,-0.1315121113974592,-0.09719787129167842,-0.00751262739554891,-0.16785627597079025,-0.17155406354725825,-0.23427942540176142,0.14028345381301194,0.13045758189434584,0.030290928417880808,0.03505016380946874,-0.3303476650137485,2.9103707570427955,0.15720952425888998,-0.10339231327667134,0.2330802713033215,0.14928480636204153,0.04990658604418146,-0.32039588000052305,0.06299465948629678,,-inf,-0.02800169132004868,,,,,0.14996252140616737,,,0.005222854728271354,-0.35984015457092955,,,,0.21650482426305298,-0.13149623668188123,,,,0.07238266076239588,0.07385513026580437,-0.051758738323500364,0.281437114784846,0.17664744534800003,,-0.314932251191952,,-0.09645051871203034,-0.3017195012922189,-0.19318413582324956,-0.23886634131788612,,-0.6856668736274864,-0.5333908399585294,,,-0.24059990645300763,,-0.20187646965950454,-0.22318117518206057,,-0.007938188380933069,0.11051625159250449,0.44700095553768343,-0.31379223109327625,0.31074938106272154,,-0.19332282642347998,-0.29358951236555275,,,,-0.10811128869741568,-0.22788077891882186,0.048991534299036466,-0.3815791531905613,0.10249340770904017,-0.09661973944318905,,,,0.02208146571442094,-0.09972762775847048,,
12/1/2013,0.019548641926010434,0.13633035373963026,0.07268577176564092,0.3676871556552779,0.2899199715316173,-0.183787981462032,-0.007686827390980493,-0.23232892883544143,0.23584040612973295,0.20335267456630277,0.2898439014128585,0.17069479595917494,0.30396835223691204,0.1824323045770773,0.4536194237247645,0.28779156890047103,0.1026231626804936,-0.16992033160905645,-0.12941188323898895,-0.10469236730543358,-0.03729828926015479,-0.10472030166871887,-1.9128680493238799,-0.03505413071223757,0.11970347029600201,0.17145532898560747,-0.07045565180864208,-0.005030172353013419,0.3205675376004996,0.16470638171508886,,-0.2147733637454569,-0.18570641859459142,0.200926355483188,0.13605564434767287,0.20145746084429544,0.0634019025252852,0.1750480378942803,0.08749195863438781,-0.02885598442654114,0.3946733547089671,0.15017278841239293,0.4222284552781279,-0.053848109355364875,0.2195795686789381,0.18963178744476086,-0.013755939481212393,0.5210099759894069,0.06822836435458035,-0.2355318760424404,0.10296427219163763,0.338071086218007,0.308772769495068,0.42245918232567964,0.0267975667345355,0.24026606393039243,0.3813430717758104,0.3302860042967843,0.1610092648154615,0.28067347225037215,-0.10196999110529985,0.16602289146801907,0.18694110069785108,0.04830751295992086,0.1507453573339667,0.13765292910313262,0.014740426027482607,-0.16169702775447475,0.061679814680956874,0.12386953515035684,-0.007174612242837582,0.32679667144594804,-0.23345064174576102,0.15608066315486469,0.24297259330114762,0.09353407898993416,-0.23632127472309825,0.191004660134625,0.42782211726577807,0.14989130451318025,0.3799042085522605,-0.13552973750883504,0.1251205278928296,0.3489047103798199,-0.08967680239361664,0.053851890847023624,0.1092462341791194,0.251260140014965,0.1822346263048865,0.3163266406062282,-0.0931599803742089,0.030853715416722334,-0.27191586312863447,0.1483277410827605,-0.12118164041669155,-0.022052111362505688,0.17886381443801497,-0.053411323547610884,-0.12427682793258805,0.29751808447478567,0.293987856991988,0.20576717951996493,0.34992980239940535,-0.09804069233627315,-0.004469140683544821,0.14333130265715927,0.20460574098156034,0.17420772519483235,0.05731950480560837,-0.10543019529016241,0.17948899405717283,-0.26130038570060143,0.2755513959038915,0.36206477474881704,0.02981389324881486,0.021764206427598104,-0.12774265544400676,0.23970930243114072,0.35617387066581463,-0.19411135425859835,0.21122413728807002,-0.20699094209625551,0.35290014146633103,-0.06003134270657046,0.04795994700255229,0.21596825631295943,0.09371324902706321,0.5990187830243215,0.06502468681671789,-0.2593221153270945,0.04118933201758273,-0.13815956266515672,-0.21941858736953518,-0.2563540950363628,0.040418522275625646,0.14534922009118603,0.34901645317192725,0.28557668664399116,-0.5376154777844177,0.15757032553960265,0.317837670634093,0.19433980070011883,0.31878566914798556,0.35290014146633103,0.22631403435460562,0.2769029564840044,-0.18224582727212732,0.26668081228628576,0.02046253682110756,-0.40061070402043064,0.11112403998795167,,0.3003713755337765,0.4354251095617199,,,,-0.1340768602738411,0.25099954703733107,,,,0.25480147886955357,0.2012212443755387,-0.14770065274060562,0.2467204103076535,-0.12337725748036439,,-0.12519867674880633,,0.017547756435731546,0.23349935861003637,0.08224754003515737,0.10327588211542117,,0.3186196013351083,0.26003851056555205,,,-0.015008215481535093,,-0.07532586876884204,0.003520797673543904,,-0.13010274593020513,-0.15736126230016026,0.316600269271385,0.33092447085818244,0.1271765643938336,,0.013722875208747497,0.014606966239059674,,,,0.347207924165503,0.039688003800631096,0.2573338485578186,-0.18737067924343642,0.169360541233845,0.22764863030837937,,,,0.10364371090523364,0.11977133741798099,,0.31878566914798556
12/1/2014,0.3363739549733837,-0.08075885877808946,0.20314515620448245,-0.037838467213472324,0.010237358137897105,0.08772173216453967,0.3246095671183891,0.007091308553035849,-0.004580008730651636,0.4258532632814851,-0.014699350730577381,0.04388462479273199,0.1262494330216156,0.36303321922121273,0.08481562428424225,-0.089239291534939,0.16785907804735417,0.16368152405173989,0.14073350291216097,0.6440957084567598,0.02139436666134003,-0.06585670760857286,-1.1373586475293467,0.39610159575385095,0.12430014942014377,-0.583045321548103,0.17223860559838902,0.352227577770032,0.1461638964248825,0.46151470144469725,,0.09128188579960486,0.1662992973026479,0.04480002434329122,0.06953414111437424,-0.2432601982014746,0.24069972190051053,0.22794937949233898,0.14593618162120575,0.14788139118788282,-0.09316876294601682,0.06981216946372042,-0.02446403643900326,0.12982808099637086,0.23261653625243317,0.350919516726812,0.14666190798733972,0.05865210317620879,0.46441560934517334,0.16410077865898037,0.37339551775136726,0.18890392600715694,0.09464382937211885,-0.239841302045305,-0.047982384198002805,-0.18504737634274357,-0.1047825728020457,0.1459322253815376,0.4343040979834912,-0.08160771463984734,0.2285825720369729,0.00988355540605546,0.2416932264512853,0.030638499335428598,0.23338333245453544,-0.018650435988069956,0.27506189413441134,0.09003515385139255,0.18486106120719242,-0.1648019084989134,0.15933706904582534,-0.04922983904255576,0.22498985697908785,-0.047349614641239886,-0.21236682424815176,-0.6194501560276228,-0.015954399051426635,0.3175649029654665,-0.0389590301532948,-0.06416820873265186,-0.1877706516039821,0.40200548704559014,-0.06553096777097998,-0.003429641661228547,0.2716626034257101,-0.22492662335668098,0.09242809306838908,0.10105784293480935,0.31022438710058275,0.09725135358590799,0.09044437658388015,0.3036064088999437,0.09557256616975202,-0.01492790282780246,0.09345026135626337,0.5876482345830071,0.06712979754047342,-0.0667256034472756,-0.060949087642580786,-0.037885704973901826,-0.04617810835710311,-0.02578145527272522,0.03292923485223341,0.17557774251958888,0.3006013798241811,-0.0417772018223563,-0.02897948576339502,-0.2573279858180394,0.07664034521383838,-0.06845784268695805,0.21485180230608844,-0.055394313107048565,0.5270029784820989,-0.2098273241130217,0.0278967920822797,0.4192495672888264,0.36715504803344656,0.03938140469213944,0.013154944391843053,0.005888612651091157,-0.06964635716023111,0.03434387260250792,-0.3175757510472323,-0.08398609988429896,0.5738006870259983,0.016612523674620898,0.3840576366193357,0.09980451314285721,0.40861958660632786,0.5049915743412132,-0.23162192561282247,-0.10085351676853425,0.49501483059169016,-0.2657229430310894,0.0988296391238902,0.06171742223190122,0.08717447150996982,0.1260299704296526,0.08665833434159816,0.05441646431380472,0.06973310751811655,0.028513450353077008,-0.04589173687555797,-0.3175757510472323,0.030788524199610087,0.14404300547851068,0.11101520280887184,0.10444669003798099,0.27001080103802294,0.050440863550388106,0.17143613290305507,0.1204647818908258,-0.06452642621986238,0.34080688992273217,0.3468322288070814,0.3041468721499231,-0.029545791968085378,0.05185159715966132,0.042283979881636166,0.7601420226999536,0.5895852660819708,0.15282656065216907,-0.02415272016851334,0.1705597544448276,0.04392972074633499,0.23312225170645215,0.1916943004144922,-0.11658967849195466,0.09602415763130161,0.09606032711005906,0.7372499759807984,-0.12169662425093676,0.25457103305867645,0.3298361048150397,-0.3684621297708631,0.64843805687892,0.5972396118994862,-0.007420430684483732,0.7085597767131192,0.10004100949613288,0.2337299514053091,0.5183675899675136,0.029921762266046353,0.8011672470996648,-0.08722402016416307,0.3055940562862284,0.16051353111157188,0.07472472000499161,0.3501645543405317,0.14251661461137993,0.3477513842821406,0.2877449626047794,-0.3499541144677751,0.5454024323138513,-0.03459191626024393,0.08256597330743869,0.3097471067412122,0.3425560116842778,0.11917001466656212,0.08804440049586378,0.28074128591189806,0.7997058197910946,0.3208992740300844,0.5598902698822001,0.17202664040062907,-0.17760193290817963,0.08682115736820102,-0.04589173687555797
12/1/2015,-0.2290759850266083,-0.43677938969284236,-0.11220946980487316,0.19533254270670267,-0.17973604919861225,0.1677695818530563,-0.284552512906254,0.18616809177161397,-0.0668997368883783,0.048870326615570864,-0.18234362611431795,-0.2080315351433537,-0.23103337417471567,0.030802213153338347,-0.25102584558954044,-0.2539949706384134,-0.0622491871019079,-0.21315156876625654,-0.1022055144288878,0.03139418558406106,-0.377678131522867,0.1502908684871198,0.18660522724792383,-0.2229813414435867,-0.15262327219735483,-0.010525468738782027,-0.1269915395267386,-0.12025933848426672,-0.18387234216585302,0.024457681560208222,,-0.14904902416559193,-0.12141191964276198,-0.17594019619321427,-0.1839264831458797,0.08191196957974729,-0.11627735933857664,0.05834088062259315,0.13359360200017434,-0.25251672475576215,0.06145700193859157,0.29329705370235465,-0.19785741145224306,-0.06412863330716997,0.07351479975667803,-0.1775579809188886,-0.2781982718830238,0.07918449740180002,-0.1730845164978141,0.23586887554742295,-0.1911208808142276,-0.050952260916725674,-0.06597916634662912,0.08474550933852107,-0.1274108762394585,-0.05719269704172911,-0.17215768076732407,0.05227651640352029,0.017558291931608426,-0.0780300228740658,-0.23748869381476975,-0.4972783278058191,0.13476387396261216,0.13581830031581346,-0.19853519439430553,-0.1860221622402807,-0.07068261967679419,-0.0716272186375313,-0.0997870966517679,0.10949633177549128,-0.039681412845806466,0.009861871609098677,-0.003940533415878893,-0.02219754671554105,0.15922140966303208,0.06928794271791779,0.2555895459318952,-0.027501651832766004,0.001685552102849385,-0.04010547826009933,-0.040257174101052125,-0.032035235141292626,-0.19851073722308912,-0.0023245652651608926,0.004218350025104621,-0.20843235815508154,0.13610237985186333,0.10544711432888813,-0.040037000104924,-0.4713599618969431,0.07794878681941123,-0.3564283260471451,-0.4002318872685483,-0.28297449531645563,-0.3199830777086555,-0.04752776289942155,-0.05101862465807176,-0.43503169018504845,0.1956017064690738,-0.19009846684441964,-0.19944475836618555,-0.24555441130411249,0.19643391249626088,-0.253940625291537,-0.08068151953956693,-0.5771335959205252,-0.2669864338254123,0.04926667178530605,-0.003416958693520405,-0.13052543393595462,-0.09452448143426985,-0.34435045995183017,-0.2877719031837692,-0.14214582424479563,-0.0063019460500520815,-0.3751771396607444,-0.23843236066089646,-0.17110235421651535,0.03339665314802822,0.12583626775470547,-0.1106268782163239,0.23408119960157053,-0.05166691654874724,0.17582154641577102,-0.020536979367921232,0.3457723893904916,-0.0018978075886973446,0.3431044314812167,-0.017167295257823633,0.11264969607447727,0.009565429955930061,0.17392038827009546,0.1392248744425143,-0.2696089267175676,-0.21547681143562586,-0.27868198081204304,-0.09187594853264539,-0.1624643042092023,0.05874084062311573,0.014498214698519377,-0.31978808976842915,-0.11170014361446506,-0.26176206493373405,-0.05166691654874724,-0.24875244673293462,0.0219340240090328,0.26226445244359986,0.10522958386291034,-0.06476714052631083,-0.09080431536580887,0.06065535619678386,-0.3126903330885336,-0.05857175228661959,0.015945351126553715,0.5926070031526447,-0.36606626144502574,-0.26076267185865193,0.282219570490368,-0.21497667986975794,0.08836375424444023,0.04047760884575005,-0.18687388888525405,-0.14978263688202323,0.03332487556384549,-0.11149706562438912,-0.164276791921568,0.2417556071529621,-0.21101533246524093,-0.2771561722573679,-0.19175170204370917,-0.06130893806729431,-0.3648223404789699,-0.0009977573413957799,-0.04147330798430017,-0.1453748373244343,-0.4241391730617625,-0.5411760201180225,-0.09035171658202788,-0.3691541318527341,0.059351024256652,-1.6456060395322074,0.04684902439062659,0.1407948288683629,-0.08158689688551031,0.20579597524176657,-0.043027893523458705,0.04830174117254708,-0.24713551212402127,0.09053148241558041,0.1964390649999665,0.012565815128941563,-0.2665917477653934,0.02962967604454488,0.14960761896629948,-0.1835321743774653,-0.13028881703720488,-0.29323548626330587,0.028299006826231703,-0.21862904812190403,-0.11031272697670139,0.05912544482543796,-0.09110848516982437,0.30811382752769306,0.18733391435766975,0.25783446765456935,-0.19116235013337465,-0.19181686122889005,-0.26176206493373405
12/1/2016,0.28546054309762503,0.1533920487983849,-0.04426869075913025,0.42473342996925006,0.06074116057904266,-0.3695016861363337,0.3043592814845607,-0.41223271822449953,-0.452609699699043,0.1455907419782107,0.06196498857096508,0.39983295659592927,0.1992309262355611,0.15693658786649364,0.05617708588139606,0.3903069756790738,0.13456628075273094,0.31526499086104576,0.23464085237727056,0.2539119854171232,0.22762512449450523,0.09631025661929092,-0.22376034603234937,0.3364538871976387,0.10232740357533689,-0.28331264999688655,0.2941166337757425,-0.10841666280675405,-0.3757470270762928,0.20069826946676791,,0.2526939096638047,0.2561632416870081,0.36993190444610613,0.0865996129478872,0.18253917628337296,-0.2323403478219122,-0.1040155627175861,0.10909932841659067,0.27419023664165526,0.17936052264583716,0.028762834529216838,0.14533349256754685,0.20204721538042048,-0.21645644745040357,-0.3435525300948833,0.3763421867681528,-0.3916298662278701,-0.10370096346570064,-0.29544801275674204,-0.3157037200431203,-0.07720247466567028,0.2947706515100462,-0.0006725820483464463,0.22069686751642817,-0.31202108428562775,0.04386191741428659,-0.25983041596897644,0.23077045877254015,0.15830619223934425,-0.05836018027643377,0.20675885385770895,0.1559886020703364,-0.11658862533667487,-0.395886701791958,-0.38652715013101,0.352711866585783,0.674442757630754,-0.020647899743678772,0.3009480328689988,-0.10723314427959228,-0.016418808395000276,0.7868570976371045,0.4036665928459192,0.22009310307929808,-0.3314517623403625,-0.32639957165762973,0.10072943259677325,-0.5157687554365833,-0.045172822633599556,0.164249043694689,0.655991151287302,0.05811668370632187,-0.07783660211186517,0.28560745438540786,-0.29368369937904026,-0.12076479327431226,0.04873982803813145,0.1322540053081298,0.25980019164431595,0.1222573715340625,0.28255973449392346,0.7457506393434957,-0.3386891469983405,0.27377308294014585,0.29253542084185014,-0.176152324764561,0.14790162094635206,-0.37469078498168806,0.03218889790270558,0.03686736116514627,0.024597030400658006,0.003804133766335311,-0.15222733866504026,0.3086225277284841,0.12474537346969901,0.3533178549069801,0.18956623112903864,0.024072997359786075,-0.023654640652339545,-0.16224211358259552,0.24843931512428627,0.5563438016137866,0.084523319953358,-0.08755512460489691,0.05779756969971929,-0.04913180990143307,-0.29029540347979976,-0.025031358746510694,-0.15616529886832756,0.5004262608310501,-0.3624876576573531,0.07750903246513041,-0.282115701385505,0.1583818883263606,0.1392637868976763,0.29051879404755726,-0.005008438663563593,0.3104560509604538,0.31311033488440426,-0.39148591743541095,-0.40973222874606824,0.17781584159489733,0.0004145643039351518,0.2899220737689882,0.26161516273100244,0.062156134443905886,-0.24037740314553943,-0.41348637158149754,-0.1872296801386724,0.3859870680047059,0.003270127177783235,0.014679769041440985,0.07750903246513041,0.3295178893148108,-0.20608381016233746,-0.2891863289772602,-0.4514456159772296,-0.35813333200811875,0.033197914121738066,0.12138053434088095,0.2602354771543179,0.06741817426148053,-0.1496976309240361,0.012349781505684705,0.304364601314586,0.1224823717055001,-0.20533422729798997,-0.0537465977955926,-0.1737636475978645,0.3337287797938524,-0.04138527224070876,0.09632550200431264,-0.1709182628930478,0.03237396921646261,-0.4296920674360994,0.1275614538347748,-0.17295459804610694,0.2522063158789432,0.07631237311853085,0.06962264085979894,0.40035685419571837,-0.2222079986733684,0.3357367879202103,-0.18985835157985997,-0.05219340824774336,0.05224322389386874,-0.012979841547179717,0.2759400863287665,-0.07442122457695569,-0.06874518361760104,0.2916086688748261,-0.18711607932602503,0.03668514190605703,-0.32440958420126087,0.4193851039755027,-0.20606212752466152,0.4057444377044854,0.3555399925185346,-0.13014998798640506,0.03575634917991494,0.2205765615169132,-0.01998861025491616,-0.03479826031792206,0.06520219334007572,0.06944315012004952,0.31538441861791494,-0.17732364199204473,0.26744810509758155,-0.3097707304336903,-0.16953555955680655,0.09007518106780442,-0.10429962918171015,-0.02266396886660679,-0.004068930291113976,-0.648698544575321,0.03587197747336006,0.014679769041440985
12/1/2017,-0.08680809533397812,-0.00040378418723464074,-0.07850956469804472,0.2923290498120434,-0.19318328161808962,0.22927028465119634,-0.1384156563875803,0.22777327356380056,0.41902370720623716,-0.11905930640302034,-0.19780982004463438,-0.25430151390745237,0.10121748113811546,-0.12129437391064961,-0.013000111125553788,-0.09888021730142024,-0.33221908926813254,0.01782844360608406,-0.017260878202023305,-0.28409817078820915,0.14663756175861295,0.14369001185738903,-0.2510259431921354,-0.10015989702736201,-0.1369824680593708,0.34823276921016744,-0.037144011651085766,-0.42494391309929935,0.23753143158171014,-0.050222993202615605,,0.05660289762899891,0.02622242964586308,-0.2549522129077788,0.011111490030686537,0.21450132453943307,-0.01496096812754645,0.0786029057640492,-0.2637649478695397,-0.057686750694410184,0.3543955365548348,-0.3441226532910318,-0.056310338075928425,-0.1581230739913897,-0.3225706825693188,-0.00036275555280023666,-0.07443323551204026,-0.029861302146962084,0.22338725564252068,0.28748843463627377,-0.0018393177402237489,-0.063779861534318,0.49370216913715076,0.10997366554413024,-0.19036614725772252,-0.3007843483086039,-0.10028716346051504,0.09428123776538055,-0.05182440384744868,-0.26716523812062765,-0.25414112102164327,0.0850271130700805,-0.06780698904352257,-0.24928027019718146,0.13546517374076975,-0.08400323855368734,-0.06481946550908889,0.07634341471626702,-0.07373349036944599,-0.3232048402440776,0.010326150007755778,0.098942688819311,0.20352803045642776,-0.015961199844546227,0.7411565734339928,0.32580567550981016,0.319202017217753,-0.14697812782064848,0.06849687172384719,0.12586445691147913,0.3389201928444131,-0.14623839080396905,-0.10366307845946916,-0.11327781043757619,-0.2571678670822238,0.11529609592879585,-0.2748038174273812,-0.2931657182486455,-0.10328128394036823,0.01690792066107253,-0.3211448825942243,-0.20769655298903966,-0.3761931912194128,-0.06260185523377784,-0.1308760823202519,-0.29578337547396233,-0.287085661886372,0.09402748443826633,0.23534950976575636,-0.22242970024373018,-0.2153217679409067,-0.2872828344990183,-0.40105360494519987,-0.21379713797813704,-0.08497299223867663,0.08224199973573483,-0.11087000332655048,0.7070080300289381,-0.20410834458041124,-0.013581266069048999,0.417105672504448,-0.2879595244352294,-0.2060736042082804,-0.05077945188852846,0.06702810478778709,-0.12534224972460287,-0.14793149613015646,0.02048080606886154,-0.15652662415277024,0.23355184529179515,-0.2897206153276003,-0.13718131901614794,-0.06580769897221285,0.10704886279395791,0.010867186909428695,-0.018628054753389748,-0.08856697185064237,-0.4423815176212498,-0.08140290332080591,-0.1975841456596081,0.10404503194840008,0.19965054085233033,-0.17585734307475845,-0.33840546038854824,-0.18707347790637732,-0.17238763771671184,-0.15750754184641805,0.059262044989130264,-0.09708828600979738,-0.12359851512921975,-0.061088292436772156,-0.12185435889835128,-0.30887982395832764,-0.06580769897221285,-0.30390928688754815,0.045927950826328105,-0.12165038625434003,-0.2658750726546689,-0.15571231440157735,-0.7501406715674873,-0.1883831795126448,-0.1061070769264109,-0.10137784796411801,-0.551957451812645,-0.03009813870522661,-0.01519736954019634,-0.23140427843719064,-0.17875312412425726,-0.24295141438853524,-0.3128132245236423,-0.69449376789309,-0.2335750716928426,-0.19669538126072145,-0.23987136267126125,-0.20218315025371308,0.21026815311999072,0.14363965028489425,-0.34935309726283315,-0.09770355172983314,-0.057016575909744266,-0.11693935447976665,-0.14849640713177575,-0.15554131707856225,-0.09391554298479052,-0.3648085710706939,-0.07973551118314577,0.03443768024709568,0.1525152103363885,-0.29152610478719354,-0.09327147097366895,-0.8015447928686311,-0.3066769799654201,-0.27019440181447646,-0.25875628797522604,-0.06901831411804522,-0.2472996214547464,0.04455125329042639,-0.18956328603527103,0.016833591156075016,0.2338897431572341,-0.43788132313518996,-0.18095576562360413,-0.09918082749826884,0.056462633518379886,0.003659831150895854,-0.14729937809435897,-0.16365761961537081,-0.1319303139821284,-0.12322503487385884,0.0021556089360650703,0.08036347354969949,-0.18715742446303543,-0.3593133554344975,-0.3345890276826102,-0.368002477817395,-0.24435313146399754,0.02706301952966011,-0.30887982395832764
12/1/2018,0.02296953531936348,-0.06686175911057765,0.14025014010662634,0.15593071157372884,0.009394706466722958,-0.08672877407740952,-0.04387812761437788,-0.14478984118745641,-0.013396319261570712,0.14246701272345139,-0.03030151307494419,0.08867654655196733,0.10904201096719612,0.22061383134610896,-0.05517447919863042,0.2507089961734301,0.1877463640978619,0.09268759846528482,0.09797718893538188,0.08359323297572391,0.02030949861997989,0.05156785998770718,0.1748110631805576,0.017123822467647053,-0.014019022894468106,0.018907935773155256,0.07271900701480702,0.030178872440420244,0.021232354064555967,0.1783858186392509,-0.12049853474199865,0.23532485575054823,0.11534063410637081,0.21805173536610187,0.0138921798693309,0.36892360639735144,0.06963093444933718,0.17497399082179654,0.08242121974042557,0.11325855963403743,0.22624917036236622,0.016752531870362845,0.1289662827863869,0.23361078868285,-0.010540255400084327,-0.17640107745323436,0.12639134416463996,-0.06715529401999601,-0.2119976128538136,-0.017850607545874607,-0.12875171537518804,-0.07688858055654131,-0.06786532777082478,0.1481983136637521,0.11585959918426307,0.1905422336726623,-0.022588782184956614,0.07597076183327271,0.13814023589093447,0.018379759510205745,0.20877941825740315,-0.017090018370673924,-0.1895025026307746,-0.10451058412154925,0.0380295637467612,0.025588437356889655,0.16186298392694454,-0.1825499901931871,0.16330813946361053,0.03708386794255461,0.022913059106371488,-0.08701465617415097,-0.15278240587609074,0.35303270849553636,-0.09377838258993382,0.03920782034341055,-0.09873020563447524,0.14734030309829085,-0.14069128892318353,-0.17317078239501535,0.2036343550352583,0.18961927985350663,0.357290792573581,0.021235875084262976,0.06579374841345707,-0.0010629234701677575,0.014631893343008946,0.13333168058640626,0.14751178284174632,-0.022084708279625397,0.05783145476415155,-0.07998769795232452,-0.19000412669083327,0.08118801794463502,0.007200336855429728,0.0066588428864472705,0.03423504064263634,0.018110457406868445,-0.14536494604876055,-0.0026065146564077982,-0.005003368314352987,0.05092485108530291,-0.0916430712873445,0.14146637757591965,0.12080338780121402,-0.10654572838142852,0.18276452011574332,-0.09699621837913973,-0.03595765570302813,0.07193368660159198,-0.08562875681239412,0.09673602349878742,-0.04336780862329374,0.07187928724362347,-0.018565704869091856,0.04575481936349343,0.14020098665268851,-0.0163649158401762,0.16916516044245325,-0.25353604945175534,0.060429238507867904,0.031195344547728477,0.0367764824961904,-0.06607037655350878,-0.09564813482614326,-0.4866235155527182,0.20195526231580352,-0.026258850117867553,0.15540381291450944,0.07637228315087233,0.5843696572331223,-0.2299974321336507,-0.013906482422785527,-0.23961707682153854,-0.08918577940026608,0.09549415147490427,0.0024101280866653156,0.04514427874657949,-0.1592283951326378,0.23339926552219473,0.26024875253341756,-0.019879163739660012,0.041932252605482195,0.0367764824961904,0.08843478062159839,0.35502088954944583,0.05992552675614892,-0.052652530401283086,0.06680641254629002,-0.24029794587783682,-0.07865264752320178,-0.12269174084878084,-0.07269114335941729,0.2617260825408732,-0.34140381320948815,0.04282942232542756,0.1743545820326233,0.03140450660575514,-0.09406134461801313,-0.052707351302034626,-0.2391158896106046,-0.23384533304506522,-0.033259981506299476,-0.218246866732306,0.09316515462764662,-0.011942203536559342,0.39479247551155633,-0.27672372631177106,0.02711253926139996,0.20532118521209555,0.027025680714897284,0.1556963298811258,-0.4439774854346965,0.2458823980719645,0.3183369642062749,0.02986502504737622,0.03792770010000058,0.09874947669252297,0.15989901952673422,-0.030025426105221725,0.06772807333944038,0.11383732801601086,-0.0767865262015122,-0.06431762087178798,-0.10226515847946795,0.0746173293016715,-0.12416191584763564,0.20577963451015877,-0.41095041616945926,-0.34462429285451324,-0.0492980121185233,0.0539646798493211,0.021701642843477163,-0.14467934790605966,-0.049132690887198044,4.9059205763378814e-05,0.06459535570377363,0.337194400535461,0.08876113807840331,-0.04492353258373971,-0.13784018230324396,-0.02756861824721312,-0.06292505093607703,0.05074612716108209,-0.004137853191720062,-0.2714855399912872,0.16135092441160598,0.041932252605482195
12/1/2019,0.2340630755697783,0.42692128911772736,0.39947150164423756,0.057744873099190124,0.2257005984203031,-0.28829357564251873,0.1736037728907986,-0.10183279770893658,0.15759291973629574,0.12561289651162444,0.20341729624277943,0.14013302543782727,0.5509835357098269,0.12755018026708875,0.1429579466475023,0.3685455914867852,0.061242336165417584,0.41122698386635675,0.6034080909361798,-0.1136934114928243,0.4076863675065552,0.404895604963271,2.555263497799584,0.2927408197896165,0.34938785140232304,0.056088056766199476,0.5778238213617921,-0.48498381215475034,0.06414044617773443,-0.012181887659818815,0.30064560860570694,0.39392257426650523,0.4739659663194073,0.11064626401910704,0.39820742730587494,0.04712822075746875,0.23371867017511416,0.07925058577779771,-0.038847640728138295,0.5732866646365429,0.09606381133055068,0.33429937353419953,0.002462861457741717,-0.045389748073871944,0.1913087320356775,0.03389558141522193,0.6037276515822334,-0.016083408201223684,0.13015200724446996,-0.13063158521556853,-0.01617256686086722,0.003235132595125755,0.23383110357046183,0.24970404333579987,0.2549218700519326,0.19990004878319628,0.16458474900001696,0.195913525634659,-0.007459532342126455,0.16628524667304329,0.26550956329678943,0.3912339277470432,-0.2030841269768267,0.14444035905486188,0.13250046662906212,-0.11502767199374875,0.26270097465806674,-0.15552172022184788,0.3726155227720236,0.3993155640152787,-0.1539016880491954,0.0294880103956836,-0.08778916919225956,-0.22644744891890284,0.24400392579840927,0.18331836832768908,-0.08065159882973247,0.2806515343198884,0.02260873508849094,-0.08185658595646549,0.04296675616024811,0.08222699512976157,0.32887060620541836,0.09019603063303229,-0.24639017494669613,0.2571594461951055,0.2490830368740285,0.11585703195419167,0.15452213390451647,0.300143092263918,-0.03971775979598972,0.21589873847304972,0.02231831261007587,0.11363698470389721,0.4041908764518511,-0.045009634200298645,-0.3332591154762159,0.33140635824900555,-0.051698813693588815,0.1764508226788359,0.13377468351542504,0.17513610465694135,0.36073607292549653,0.17019561540563427,0.2687364231445374,0.3455184502280685,0.16009078645400282,0.22726010356139864,-0.04119311969141458,-0.19758775049299884,-0.0891759255166024,0.06660454344786196,-0.012628478642645114,0.21073614440665986,0.0023388391125044546,0.050848534043486035,0.010218267345894,-0.09359858611829897,-0.15988728292259768,0.3665311534109405,-0.19536805273345265,-0.10603802640186415,0.10373415492442739,-0.006030307418772788,0.1549261008821661,-0.2957265046778734,0.2589302179734236,0.22053130089168702,0.2551959801865189,-0.2223338925404259,0.3052943870240417,0.004007884802634419,-0.2765804898141408,0.0010610341233210257,-0.015222746379650506,-0.05388996119624121,0.24773868768592566,0.11684427358552645,0.16352585343098255,-0.22404942317445087,0.36321810592829973,0.1207710423417427,0.10920085759099508,0.10373415492442739,0.1534847528769668,0.17773452745953064,-0.022427318734314368,0.08900391661092404,-0.010505633689251115,-0.019629376174964984,-0.31131742078196156,-0.058976880442072485,0.1710168311973368,0.28170143663932845,-0.489886735578848,0.21564107099642393,0.08257019548315658,0.16238834489486173,0.1821429296594399,-0.3947803817282057,0.1531619546001471,0.1488794330994637,0.3133458032839884,-0.2932518716397625,-0.27816692319249664,0.10304902398960165,-0.1291132578637723,0.3582439871548308,0.5692660191144527,-0.3256452430649092,0.047901363062930635,0.23889166430132758,-0.5713197231414023,0.22257716142192632,1.3801130542595699,0.23479973432440093,-0.00962844548818031,-0.3223399499077683,0.1322451698228236,0.38333543043074775,-0.14003122909787138,-0.0541649021194417,0.18383114437599785,0.07342133249829846,-0.12882383141331993,0.23005481229708524,0.03388546503278571,0.318709287599574,-0.24450110855559948,-0.28651249090293895,0.24489622121521523,0.28699711282548,-0.012321261172615937,-0.2967558185717255,0.036110233766758745,0.2534560572674502,0.2856330120151809,0.21098536796815903,0.44800873012523107,-0.0019383931049104081,-0.13834709225805636,0.08170395443362055,0.19982101209358175,0.058411753447759014,0.2937568449798806,0.43007562949949024,-0.24098080040611478,0.10920085759099508
