Date,GPR_TURKEY,GPR_MEXICO,GPR_KOREA,GPR_RUSSIA,GPR_INDIA,GPR_BRAZIL,GPR_CHINA,GPR_INDONESIA,GPR_SAUDI_ARABIA,GPR_SOUTH_AFRICA,GPR_ARGENTINA,GPR_COLOMBIA,GPR_VENEZUELA,GPR_THAILAND,GPR_UKRAINE,GPR_ISRAEL,GPR_MALAYSIA,GPR_PHILIPPINES
1/1/1985,74.3986026,71.83464492,50.01093883,107.2730264,64.70352705,136.3917647,75.86162899,44.39057278,44.93245574,106.4802311,116.967718,75.83892466,52.71791718,112.4338879,95.71637845,74.05659831,24.55224298,77.71687047
2/1/1985,64.27311495,66.90466388,105.8253277,68.84535435,59.32235125,114.6775047,67.38963433,69.08908696,65.59583816,124.3852802,170.897506,64.98528918,89.3216532,99.36865372,104.4178674,71.94672372,79.00278186,111.0659374
3/1/1985,111.3751536,87.12564664,98.2357727,97.09305681,90.75378212,165.4926864,81.76402155,55.3242114,50.96655051,140.2655434,211.2541958,78.47338842,80.63760359,97.09608586,143.5745677,65.43210411,62.8978809,108.2768663
4/1/1985,123.1985453,86.83983818,77.02932018,91.82626471,60.03300283,136.5723562,71.42621394,59.25348777,63.2863683,209.3522449,187.0333524,65.91764627,70.69598123,87.73687151,53.84046288,73.31176776,99.96270358,68.07585718
5/1/1985,52.54138602,91.34837947,88.94980414,114.1407251,131.6936427,132.0462429,56.53055995,60.16507989,48.39545811,146.5935597,139.1512507,75.77449057,82.42955033,90.64206593,99.87796013,60.87120636,77.74876945,100.4291968
6/1/1985,58.32996522,76.50196808,99.32728129,88.86670739,132.1976302,115.619232,81.01161646,38.04906238,40.4324938,183.35687,98.22979737,61.28397953,31.12328559,62.78418328,95.71637845,110.5792318,44.42786826,90.66287569
7/1/1985,64.50307243,94.46461182,109.1616656,77.48498445,123.8599916,114.7025544,77.73150206,91.29037629,75.85264195,214.3353355,142.0220896,37.25420861,61.43817416,93.99149479,30.22622478,90.32827215,50.43163424,74.40167529
8/1/1985,54.79080121,74.30309017,71.76526082,99.23883336,115.5208506,85.95893182,60.58523041,60.77280797,33.17739914,212.2508789,159.0300008,91.92596929,45.08769233,94.43108086,123.0639152,57.63312143,61.22715594,95.29278609
9/1/1985,39.68631006,71.65351244,105.7771047,56.90721114,111.3585949,159.7530557,59.53014068,68.48831229,53.66932213,216.7004302,156.371218,77.2178142,56.86839261,113.8546211,110.4419751,53.54090941,60.84686305,94.05273982
10/1/1985,96.75460864,85.81585969,112.6982615,128.0412251,97.86550968,98.4521252,91.07120273,35.61569211,84.92727898,240.1621911,219.6128582,49.6946329,34.40537753,104.6580863,170.1624506,91.00014262,102.6283757,128.8647212
11/1/1985,61.9988355,90.16491338,47.53084626,105.8061091,81.06905708,92.33652999,72.28846683,50.48817893,73.79531793,196.5841959,190.2649228,77.2178142,41.49771413,83.64829308,154.6187652,62.08911806,64.79064121,131.0867118
12/1/1985,40.57736711,104.5610706,70.11337503,91.31258008,84.94662047,111.0124709,99.6135704,62.50917392,71.98003204,228.7640471,283.4775479,78.28534159,77.93164373,95.22461936,109.3901468,70.97007136,59.97762215,127.7485045
1/1/1986,77.63919509,94.33230844,56.55129883,94.25256845,87.57050356,120.8627345,64.4120383,55.3242114,61.19759809,249.8804546,200.6545659,101.4540625,62.32858248,44.4381557,54.6950734,85.89157629,53.01052463,145.6620132
2/1/1986,63.44910066,86.4518698,85.13766967,89.93739062,95.676864,138.4049273,62.33368885,84.68984853,65.03770071,149.8589803,152.6544148,53.08724726,54.61171037,61.52975405,44.17679006,58.82984677,83.55091642,215.5368866
3/1/1986,90.23647037,101.7223971,136.0647689,84.8273116,84.43150473,133.4596956,66.69250018,55.18827967,75.76845478,204.9052201,197.4763494,100.2828756,78.84565684,67.86918325,78.31340055,58.97814091,92.32666372,119.5168356
4/1/1986,108.4048872,94.44314538,105.321169,83.56660846,91.5245765,135.2618134,65.56020298,107.0300963,65.25059691,168.9176646,148.9249695,80.30652677,66.55802201,144.2032867,65.42638527,73.71237852,137.2037108,126.9331569
5/1/1986,93.38467258,111.5335851,90.55278647,86.91665425,113.6482109,132.8715319,63.78229358,73.39786873,63.95438387,262.9913955,180.6889375,98.46566912,81.27254535,110.7910183,94.09406696,76.15625879,94.75631277,128.5392539
6/1/1986,63.5182927,76.91971387,77.84015513,83.68320528,126.7379112,85.83005786,61.49705899,63.41510397,60.69410252,240.7097111,109.192805,60.0003286,31.46833311,101.0303369,71.78728384,69.48059161,74.63881867,141.3830084
7/1/1986,77.96779499,82.54639907,72.07002735,81.99973455,83.14775086,87.73739248,60.77035194,60.92666318,33.54332633,180.960007,121.2041813,92.76165992,34.68284025,107.7712752,112.3627051,56.35299202,60.13381387,126.1985546
8/1/1986,52.44262401,68.72661095,90.95028166,82.25678701,108.2006646,115.1553276,71.14149354,68.87584904,58.1793492,153.3932665,135.885456,57.78203784,29.25627341,60.48526748,85.36866187,45.78213778,55.24254671,103.9704001
9/1/1986,102.2436936,66.19757194,123.4879713,69.6018967,77.59179515,115.6253494,72.96785558,78.95895653,53.29918888,174.3124965,143.4997273,59.70449552,39.09701992,67.25774917,79.21355458,60.71116821,66.64180239,100.1149627
10/1/1986,32.63096605,94.42210122,91.47349625,77.68696551,100.2227354,82.25380545,88.64977416,38.72249712,43.91126356,159.4716901,186.0979105,96.52226775,42.16345286,117.2875913,117.4701008,53.08619594,34.55500864,119.1927133
11/1/1986,66.14385011,82.13754678,141.0735299,58.13119305,101.0871629,180.0691417,101.7166484,34.72731884,76.84471124,164.1847868,187.6923847,90.0874499,85.30258892,71.78471305,50.37704129,77.78855171,57.51278836,195.3274528
12/1/1986,91.0059606,87.67065457,94.25956285,88.16240249,140.5902261,162.9983668,98.09674875,94.24460067,71.09442672,233.1168083,223.1102986,101.7871187,65.86615068,127.3660526,93.97608066,85.43303101,68.45272093,109.5189451
1/1/1987,49.73168623,79.59665546,84.42818909,69.6018967,108.8175263,87.90483025,80.68262334,70.01027479,70.89156729,208.2543396,152.2787272,75.07287492,68.69129194,92.54888625,60.00131187,59.51237486,17.49347313,179.0639714
2/1/1987,60.34493722,78.06190916,81.36773596,60.05473388,113.8467161,91.81820143,83.89966984,73.95451562,67.51946978,148.164695,131.2320738,100.0971666,35.83893493,140.2851582,89.11524891,72.54321087,99.96270358,141.9089869
3/1/1987,141.982066,85.30279587,93.36764441,77.38631936,102.1655875,115.6538355,85.12274614,30.88688593,37.79529728,142.3233302,171.3870617,43.64485151,45.805976,72.76423155,62.81387336,62.66776781,64.26173801,106.5008966
4/1/1987,77.76538639,73.75666022,118.2340828,76.61821693,118.6447025,117.5972375,77.53142098,70.32282066,52.01795837,191.0733135,371.011584,89.91115352,55.13682297,88.27579578,98.70751528,58.67775009,95.41894433,106.5008966
5/1/1987,93.36605894,81.238865,105.4966776,85.90107504,114.5121126,125.2066383,78.34183406,75.62838326,78.6023143,199.6241577,151.9001934,53.54519963,48.50382171,83.93873854,103.0791768,58.70378281,85.33401525,158.7364951
6/1/1987,99.76346309,92.80058077,253.8363855,85.65087774,149.4485718,96.06283848,103.3036385,52.31746078,93.40920188,156.2545393,156.7802098,61.16262511,48.14185289,119.6411884,182.731268,72.29699988,58.31157709,128.1570677
7/1/1987,96.19533345,55.02717992,187.2417331,83.09614198,150.6469082,84.00388642,98.23353353,49.22597446,109.0699127,155.8969612,117.1319985,46.19869226,32.25504143,115.2100333,118.5059924,55.92411513,83.66443669,124.2215537
8/1/1987,123.997671,89.61258794,131.8384682,73.93508871,141.5759001,90.76281981,89.76580502,89.96647461,162.1082486,166.8372066,104.0873443,71.64539462,70.95385097,84.61024845,95.71637845,74.81392401,107.6521423,156.7271359
9/1/1987,101.9717689,79.76592342,140.6362908,71.66927977,104.1725254,75.75001618,95.98424344,44.64940994,108.1871711,174.8760068,162.3065456,35.99135408,50.42167397,98.75145711,88.35358011,59.18348686,74.09000383,209.5749374
10/1/1987,125.0853699,80.24124697,125.1876385,62.52853321,144.260739,103.7595174,102.9776309,54.08097069,92.15246951,155.0992377,125.0636241,71.75106629,46.56778806,84.83647906,71.78728384,67.46957593,96.29434748,161.2036298
11/1/1987,108.5238011,99.04892386,137.3122986,121.2465041,99.72411483,133.4526027,104.0992005,61.70777425,78.25885219,170.3831449,182.5966638,74.82346337,61.90361487,79.18071379,76.57310276,59.4581865,75.1785622,128.854291
12/1/1987,72.58218685,78.61825645,186.1079586,102.2400742,92.51989618,111.2845603,86.81478849,93.3041346,81.44371841,169.902217,150.1539077,29.13879781,82.90452417,85.91376769,147.2559669,110.2543467,124.5298087,103.653279
1/1/1988,80.32237797,62.62204187,93.79573778,82.42329872,66.76442409,98.15923745,91.07120273,20.19527157,50.77943556,175.9974297,192.3481782,94.1680661,37.52264328,35.4380229,73.62798343,130.5631702,42.4084197,157.271834
2/1/1988,63.6303838,71.66367894,87.18246087,73.02718689,73.2654362,118.3300359,69.64383133,29.17094783,61.66262543,200.278328,113.099391,109.6843952,49.75984354,57.20774067,86.68653143,107.8133819,42.4084197,119.210361
3/1/1988,61.54942698,70.28063591,53.89033346,78.60445863,103.2078726,109.3433821,87.75842749,60.68408855,58.22428305,140.5505655,116.559962,74.01707579,74.68233147,84.83647906,143.5745677,112.3166275,84.22783357,116.5637235
4/1/1988,90.85867793,85.33734294,92.66508559,96.0721161,100.1055158,67.02161926,83.32039009,27.10574798,86.9108746,151.6568241,108.3575943,78.36461342,52.5981491,90.20945607,69.31186026,103.7693131,71.89098545,112.1566598
5/1/1988,99.60033243,75.74329472,91.90765305,85.77848431,112.0457441,105.6628519,95.18584402,43.75642174,45.52057689,131.0790746,79.38464794,72.19551734,29.54660284,91.14067602,92.62875334,92.17042535,50.89010364,110.9017601
6/1/1988,112.0736451,82.38673486,95.83335682,82.3837265,86.9808032,105.004858,73.47919022,49.62068445,52.13591293,161.4690905,112.5107696,94.93993549,48.80195394,92.91614374,109.7923165,94.54587379,57.2513666,75.5888072
7/1/1988,97.89289816,95.12763215,109.0552109,94.73591495,77.95101643,94.64821449,123.1754397,107.2177221,95.63631087,166.0325256,120.91045,53.75923774,54.73582789,121.7219047,77.60787442,82.22482711,88.20238551,81.16018439
8/1/1988,64.19206437,74.74703858,113.6953786,83.40562482,136.0599559,100.3775253,101.8734654,63.72294428,64.79588892,195.2954442,131.5886827,62.97906832,40.95878277,204.4155162,59.41016594,86.27135483,57.35564959,81.32795738
9/1/1988,110.341706,76.46603191,81.06143739,60.93717078,102.7455045,97.84626596,86.97920381,63.81144837,42.59470011,183.1067924,118.6878315,36.96597488,33.08209378,225.7533311,53.84046288,81.37158014,55.979114,92.03243973
10/1/1988,65.42347154,97.33840155,90.47159597,75.88851963,89.08687592,155.7171279,93.68556246,32.24157391,68.57746717,207.7198522,232.5476834,72.74141918,68.15272871,100.3442225,146.1850144,77.69523415,79.7947897,84.61868398
11/1/1988,65.2619321,88.3564608,161.6810005,100.7395873,100.2227354,167.7152802,86.94298096,85.95011413,60.56262956,177.7491066,145.4615981,93.71093957,72.20106599,94.46016342,65.26116713,83.89453513,104.2164356,86.33767428
12/1/1988,75.89797484,86.1926438,119.9667164,91.14534092,117.8068749,127.593708,93.17193547,61.0554722,66.68969022,165.9355156,271.6125374,66.92210564,73.03028249,97.86380356,74.10300267,83.72273009,108.2929289,71.79605895
1/1/1989,73.7886167,102.6004789,101.5629436,74.55484066,106.3517744,94.5277586,93.3793917,67.97114057,48.69509228,133.2273484,151.4881427,80.95416005,51.0249243,124.9585746,114.8596541,81.36858523,77.17708732,74.97843247
2/1/1989,103.5903684,77.93656297,125.3845681,109.6153219,106.3604533,114.8817995,107.5005743,57.49018915,70.68642427,122.7482935,135.0424539,56.09841203,69.96308828,76.26160914,77.3093826,68.99506326,36.50811783,78.10459321
3/1/1989,78.03057099,80.28779602,94.88807318,58.09185542,102.9596915,137.5881837,93.0402529,66.50976105,53.91894689,107.8652007,220.8204933,70.86444974,82.47864476,97.3170784,100.168303,79.19511019,46.99739049,56.92020058
4/1/1989,102.7875431,76.3005459,79.72758364,103.7791721,89.28012294,141.729634,105.4819508,63.5777068,64.40318656,169.1877964,196.3526876,105.2970194,67.35992589,89.31629314,195.0446957,85.53453997,86.6343431,81.47884413
5/1/1989,48.09766672,92.58942648,141.5413758,112.6762781,95.15147545,151.5201679,178.5636371,96.83798254,50.96655051,96.54188253,236.4823137,95.8744673,122.5191496,113.4277786,112.3627051,77.35086677,56.5445596,107.3529037
6/1/1989,95.01369527,70.46395217,99.6529445,133.3268121,81.91462743,106.9485145,235.4780867,64.98478476,57.3453031,147.1211877,177.4822665,69.03579415,40.82916637,138.9231664,143.5745677,67.84111291,106.6268838,88.84566772
7/1/1989,63.56681698,69.42497252,84.58839439,75.12984518,95.42279597,71.40330346,161.4381337,70.01027479,59.63258015,174.125466,170.0303204,43.81152579,46.63379485,107.6770696,95.71637845,67.24251486,88.25535992,78.5837625
8/1/1989,72.69274616,63.96481469,63.40039231,106.4499597,87.60209465,109.9933586,127.4205052,72.1259699,78.38545733,120.5901534,112.5107696,140.646733,28.3277809,121.5664489,162.8607036,113.5254023,70.61585482,70.04321688
9/1/1989,67.90258832,81.36463367,70.84883001,89.80469443,85.82993637,102.3797366,141.048456,64.03378791,51.52254925,157.8994991,134.5128757,139.6170661,54.84078633,146.9877458,172.2894812,53.36707529,104.0933938,98.71475346
10/1/1989,51.52257798,85.5275601,102.1056668,90.48246571,92.48425678,98.20097181,125.2996947,76.65358553,80.5039832,176.4366911,206.6734288,107.075369,75.40139556,78.95103804,145.3043818,52.71537423,66.08645403,89.91216398
11/1/1989,74.22207442,79.94500806,58.61937912,111.9978403,89.08687592,114.2639071,129.7217823,55.18827967,75.68116393,156.7524933,104.363438,84.00264307,57.69194403,67.8155741,169.4650635,52.4080148,102.5479459,57.51048415
12/1/1989,76.53444765,97.78244512,114.6084015,104.1919302,114.6865529,182.5358422,154.7627787,41.49315855,84.46319549,193.9035975,175.7838716,123.4647978,95.91427189,104.2682983,137.048451,76.70097735,112.1718887,166.5477523
1/1/1990,162.5527829,85.46634875,114.4954868,155.7485066,110.7222601,75.03855936,122.5620543,82.04329076,47.35528423,141.1701661,145.3071188,93.65089594,56.675525,86.58568482,240.161095,64.90659085,39.23769673,125.6635882
2/1/1990,105.0448907,56.74659294,137.1840942,129.6386205,117.631508,113.7716188,119.3321343,72.92736957,54.68195085,189.0551425,147.6360831,109.2080515,39.4959691,130.7383421,185.5425182,64.33697409,67.44471567,135.9721736
3/1/1990,95.43018374,74.99672102,96.31736367,124.803401,102.2308412,148.8402194,121.1097889,44.9832373,68.51402825,236.2226118,226.5630003,96.08551541,61.00244243,106.5533678,187.4445745,67.9349852,83.96867101,103.4938902
4/1/1990,105.9665392,86.76543725,92.87745783,136.1362326,112.1972789,93.11751561,150.1875975,49.89767392,65.33656607,232.5369222,90.92608549,94.5918224,45.53652908,65.4878084,170.3961902,65.87999674,55.03564579,84.93507668
5/1/1990,97.33668851,69.48799716,129.9977449,115.8175561,123.8956552,92.06716619,121.5891844,65.46236323,67.08665267,165.4266012,86.47256293,99.63588929,80.3863961,93.62213385,224.7254103,79.9922012,95.69079317,129.4283919
6/1/1990,79.80399306,79.61190386,105.2806515,111.2313999,109.8092579,92.47655374,121.1744598,66.2976087,56.00277092,144.7440944,75.28705728,72.48415509,54.81248871,98.75145711,123.0639152,80.00859161,35.57994534,74.68894045
7/1/1990,75.30222935,69.01732381,89.91732832,115.4841997,84.74674606,105.5331844,131.083637,95.22122866,81.94155433,177.6188465,73.60683111,67.56558743,83.6241815,119.0687425,164.6077846,67.37685521,92.41834859,91.36705336
8/1/1990,320.2579235,106.3402089,152.3229873,106.6291683,187.3338943,171.150436,194.1051317,117.8057508,210.6365867,301.70787,154.9016383,131.7789045,170.3356121,132.4345036,201.7804735,168.4458958,231.6037287,152.6973894
9/1/1990,287.1804507,88.59981403,171.3985276,110.2194342,174.9601972,188.1314193,148.1664949,71.40169238,206.0046587,238.3816564,133.748598,90.41326346,141.5411101,108.722478,143.5745677,147.2788011,81.95140564,166.2234843
10/1/1990,197.0043801,81.28676859,136.4495985,114.3459732,144.5372118,115.1145069,138.1780932,68.46242857,187.5416347,179.5020114,126.1058209,120.8626657,70.65390029,107.9212353,215.3618515,122.0544371,131.2010484,123.1220418
11/1/1990,184.5265492,84.81719594,115.100283,142.0072031,118.727611,127.360731,186.3904191,38.69615528,194.3699775,183.5084833,141.738774,135.6529168,58.64552988,57.42777044,251.5973377,119.7348516,201.8477668,71.47965004
12/1/1990,188.0347457,103.3035743,137.5300818,148.0622166,154.2678396,210.5073694,150.3349021,85.90217765,174.4252969,199.3672411,304.5574543,110.3111631,145.785498,99.64919763,273.7933616,123.7713376,162.9529004,85.01180214
1/1/1991,297.8996155,131.0216334,144.7821388,197.6693866,209.9274898,178.8375422,167.5192583,122.3955853,184.2609992,244.4050215,223.0615526,93.59735055,89.59733732,159.4218836,382.8655138,179.2046982,177.8997267,173.096666
2/1/1991,229.5718408,97.33645463,127.9141574,172.5869253,181.4453038,203.4114378,145.9130831,110.2261006,142.774302,163.1652678,181.9231515,107.9130944,100.9723036,207.3780599,223.8789869,139.0969992,145.2288335,153.1991755
3/1/1991,241.6654253,93.41884952,93.11932621,171.6046763,131.2859224,109.6717406,137.6396242,82.04329076,149.1369424,181.5267721,142.7613067,97.28228561,60.20941068,116.4586149,230.7448409,115.6788847,92.27326484,86.3150491
4/1/1991,218.9393862,86.30991271,116.2855976,143.7571885,124.7216263,104.7263305,123.9489195,40.94168116,141.6669158,194.1207348,86.22620235,63.03495037,72.95783182,103.68903,214.6367274,81.83341227,94.19562453,85.05247764
5/1/1991,171.482919,80.64018204,139.293288,122.0584581,135.9683947,121.4427913,131.177516,49.84908806,118.0321558,188.5063078,90.00861569,89.31911344,53.75840239,97.95304107,174.029779,70.19275625,41.46601037,87.83419397
6/1/1991,144.2824432,56.41256039,133.5780679,92.17768755,109.0831561,123.0389334,123.8233052,46.30309179,109.2217784,123.8356412,126.1058209,99.57033937,46.98213318,77.76677247,99.26142951,60.33235553,77.08988157,115.3646075
7/1/1991,140.0240189,66.17162333,107.6410185,103.7048318,82.20289005,106.1582295,103.1561298,55.00807305,106.8299303,154.8343956,92.81388421,74.7921237,68.66619465,84.17109491,135.4477054,70.44675608,145.9578126,85.55278633
8/1/1991,126.9663529,75.32364657,113.122737,241.3814206,78.51724657,85.54395767,137.5615972,37.50550435,97.90227993,125.7372941,117.5076968,63.25753141,28.20112912,89.91783067,334.1821834,81.75381746,68.11617854,68.35489603
9/1/1991,135.6568252,84.20684466,106.2570916,197.1343806,105.6962935,121.886995,126.4476267,62.12331482,107.6453261,159.6664052,117.6987662,77.62637407,44.2716255,86.49993944,290.3575056,64.22774324,126.2686782,121.7754464
10/1/1991,106.5225751,80.07965887,101.48657,164.1423791,90.52376101,94.21799534,94.50249114,72.92736957,102.2874139,131.2617798,124.468083,51.64248721,121.9902208,135.3229713,217.0886934,77.89961496,120.6446423,99.42199942
11/1/1991,88.99354378,77.68891101,130.4677262,143.4117512,63.81106461,102.9960694,116.5323751,95.99623137,85.03451039,83.05441364,185.3863351,129.4034798,104.0031837,142.7407425,238.6168871,64.55927019,64.1427348,78.42338747
12/1/1991,114.3608623,75.8767347,144.7068379,190.0404729,103.0862421,95.96277303,129.6926587,60.45295109,101.2050075,155.2187839,103.9155263,58.17780522,65.77498646,162.8763303,275.4664082,65.27079299,99.12968105,120.2309773
1/1/1992,125.1684003,100.9730609,127.929378,120.2235545,109.1920853,106.9554127,124.0938305,70.10697406,105.7220984,165.6850803,147.1234578,100.4889363,100.6986659,83.7488319,211.2506855,69.52143321,136.1907975,114.7659329
2/1/1992,114.1507293,77.29563729,86.1088218,111.5537248,113.181547,127.7040214,96.92767324,68.93134932,74.49622326,121.6949784,139.6327429,105.5010834,130.0203221,74.38560845,184.7742262,73.12780014,72.61441675,70.11030808
3/1/1992,142.2471175,71.84717058,86.55074303,117.4092601,94.55862261,97.006945,102.3908921,46.4911981,75.33957673,168.0741552,150.4720304,69.4404804,89.21607205,118.5017485,187.8401851,61.03794969,112.6698269,45.03715136
4/1/1992,110.1295104,68.54477821,64.27059377,88.94999391,101.8642764,111.1072346,93.85056091,40.78988467,89.86491148,97.0603674,138.7632825,76.67017013,132.8479892,94.85453862,175.6899315,56.17310824,62.47668974,66.23996529
5/1/1992,159.1510307,96.82029465,129.5573234,110.7467679,100.0602999,117.0478931,124.4655459,84.32227106,57.22234346,142.4221792,102.9435273,64.3481785,68.56144073,296.19278,151.5019978,77.27761784,111.1350057,132.8997454
6/1/1992,147.3304487,78.00951542,96.64276017,105.381185,82.99820454,103.6974045,105.364365,66.97411491,63.03290599,147.8225569,83.75329995,65.15253073,85.42431065,149.2110431,173.1040887,57.61072224,68.53113183,78.3323034
7/1/1992,108.3685219,61.67012868,56.22298941,94.28188496,64.26496011,94.27921561,74.14548966,67.31757191,75.20766852,136.9107995,62.04136645,93.05736583,52.74409291,113.7234522,124.3871831,54.78005284,81.84080995,80.6018149
8/1/1992,137.0500574,79.48540798,67.5229794,115.6871596,75.96680874,102.4801511,89.2332166,44.03161936,125.1689838,130.0051396,103.2153254,42.89878567,50.39850224,98.2317126,155.8397318,63.2261026,77.74876945,53.01347871
9/1/1992,92.09436412,71.0571265,119.1927375,106.125944,75.58886441,136.295838,121.3799983,48.93810326,107.6940702,190.8198395,92.04804448,53.71674031,30.50122121,101.5198034,110.1393944,64.18603691,87.46736563,45.03715136
10/1/1992,97.89289816,86.57305269,103.1475613,95.53445735,76.60703339,106.107409,102.461068,43.46664411,87.06356702,130.9688315,144.1209382,76.68892506,45.92950884,71.10104912,117.1454184,62.40694563,44.42786826,98.50280552
11/1/1992,108.0951357,86.22634385,118.2828693,104.8314941,82.40975307,103.8995437,103.1143061,77.39231056,87.82252713,157.0343499,158.8396723,101.0568709,88.40270615,88.03785563,145.6756589,72.04883374,85.57958076,66.23996529
12/1/1992,108.162912,85.9881433,121.0194462,104.8658829,138.3356066,130.4069444,105.8613968,64.74164441,93.63583861,164.4138393,113.6728527,74.00040528,106.1204826,113.1153054,192.7175405,80.23623754,91.46914053,87.50168756
1/1/1993,165.8382979,81.74411833,119.1927375,117.7607848,116.9265246,145.4593612,113.5843879,46.3303289,104.463502,140.5933837,116.0974225,60.96143226,65.74275961,108.9613535,153.1462055,76.68404895,82.03835673,68.72785131
2/1/1993,116.1192035,67.27500362,100.7668071,113.5731698,95.52378892,86.36649572,77.75206051,61.19779264,77.49761038,129.0563264,81.52295495,62.91821898,39.82103881,108.30676,131.5431793,74.26109385,109.334207,58.87641702
3/1/1993,92.77431525,67.65323037,145.5658433,135.6789938,96.71913412,71.44834575,95.9815674,52.71858041,64.04736785,139.8559438,103.7131985,76.13023935,37.54555088,70.83706008,193.1046587,88.96966206,96.88692808,77.26442115
4/1/1993,112.0802747,62.49808028,89.80274746,101.3158002,109.9817977,81.12704099,87.02641632,56.53919663,65.40948635,214.7856646,87.30402988,46.33068852,60.00937941,102.6823404,123.4741282,70.86597894,89.22845353,52.52099009
5/1/1993,119.0943012,70.82742737,104.1725145,111.6170562,107.7712039,97.04765535,93.56675653,53.53179256,104.1816253,183.7809706,94.81640672,44.54873896,123.6443255,118.1572667,118.5059924,51.99269033,73.17531242,64.11975076
6/1/1993,142.0268666,74.38361619,115.7450137,103.9661273,83.22589724,80.24761507,98.91272446,77.07097011,65.25432999,128.5506931,120.6593901,72.19551734,95.29898606,103.68903,137.9807534,50.44513329,114.5027332,62.42657709
7/1/1993,98.75160779,74.67955579,125.7110904,89.08505311,77.84290129,123.9440904,89.28639406,53.57929193,69.71478957,132.174357,110.5096947,39.34665692,56.21793714,61.47570947,139.8659995,68.43759344,100.6818597,85.97526923
8/1/1993,107.9957239,91.48499894,84.36015671,92.75060272,79.5418535,132.5577856,82.34713781,50.48817893,91.78231901,141.0743353,115.2967506,71.94206292,61.10244643,76.91840768,103.4771659,62.54431567,83.41258709,64.73041506
9/1/1993,89.75853126,71.06917057,111.4192981,123.7705184,80.91801013,100.6211601,87.92859191,73.80601258,88.67105396,149.1187098,89.109476,61.6670044,42.50664375,63.80863382,157.0178793,92.04237321,102.6790814,68.09873982
10/1/1993,86.63088332,84.45210079,95.35419003,137.2635997,98.56420314,124.9747742,88.65160452,23.47905557,64.67841385,128.4265112,121.5873713,49.64002342,58.51254682,58.22930747,139.3694548,72.84402529,46.13663242,66.43601885
11/1/1993,64.74398026,95.10347402,179.7106996,95.89970071,76.15745322,110.955953,103.1591579,67.1779089,52.69351628,154.720806,120.5539923,67.14592539,55.69215787,106.8551072,116.1502121,74.48495574,103.4396672,95.26989293
12/1/1993,57.12285819,76.54990755,151.7282879,99.92843741,82.52100902,104.9573445,84.58020825,65.76109626,39.65713458,136.1356599,95.2799536,67.00719414,130.1229022,73.99833857,168.4032523,91.85492398,54.08610049,72.74053331
1/1/1994,76.62543146,149.8042952,155.0040085,114.4146032,81.1931021,117.6965021,86.718005,53.73595652,62.6625599,154.5447117,117.7641908,86.62254798,56.8871983,78.751162,197.4526549,69.51641633,64.79064121,50.4245131
2/1/1994,124.4055581,112.0939274,134.2443802,92.76516882,84.92717743,93.28785252,90.51906573,56.85862712,66.68006689,158.5029169,107.3241029,87.85260298,94.86776893,56.11406328,76.67742579,78.03018841,70.8986576,69.5082047
3/1/1994,84.99682774,87.61223826,148.6039325,99.11094827,80.25725952,92.95048867,99.9546756,66.53023189,53.66932213,191.5863808,92.33510957,68.13336547,31.85683105,55.67737796,115.5820419,82.20518429,65.8061685,54.08509481
4/1/1994,104.6746351,84.99491515,160.3816652,106.9681444,76.4493331,81.84046975,109.5230046,79.36213747,52.72775508,231.3948683,104.6521336,50.86203331,43.34010735,111.5380004,105.0843644,74.53727678,66.93154935,70.49293256
5/1/1994,108.5505927,75.21860481,126.4165398,95.59486509,89.83299716,74.13433109,108.4634753,50.81390912,51.71058775,141.4668219,99.63916716,74.60658377,55.4925444,91.1206627,157.6505057,84.5527736,63.95463293,72.76396776
6/1/1994,89.45385521,72.36519756,184.0142009,94.91377111,76.54395837,81.63535579,134.141914,61.50501048,36.51727073,103.9110102,67.34446982,30.66592882,45.27023359,94.3521031,100.0851758,61.30371725,79.13714033,50.36364333
7/1/1994,77.53892923,74.96992418,156.3603654,91.7500653,78.08658341,51.87975869,106.7444443,57.91291113,48.66478727,98.79358824,107.9424311,42.35160728,60.36031146,92.26566226,124.1725991,74.17749787,96.83886909,67.46097847
8/1/1994,56.74950618,120.7908151,99.6529445,78.30213379,79.87993532,90.25514839,72.45828939,56.38714142,53.92611315,77.85317068,151.1895401,85.79757134,57.86358948,78.14245737,74.76072163,60.44270999,68.77775759,70.04321688
9/1/1994,54.38494342,88.3110498,143.0312851,100.536073,75.03306394,98.91502404,80.73985927,64.08768841,52.60656328,137.7371189,148.5418259,51.79243636,65.55902731,56.31386972,112.8678682,48.39041549,67.97463843,82.19044975
10/1/1994,99.03561681,77.75660036,112.6616286,103.6778253,77.38203091,119.3548501,93.84883892,46.51273177,131.4173131,117.3548079,117.5355224,52.17419879,45.27023359,60.20653353,122.8445499,85.23511489,64.22724433,83.17632005
11/1/1994,63.96410959,67.50074962,94.00058166,97.95279565,68.27082484,113.7947384,73.92432359,88.28729342,53.0148182,110.5955198,116.9193042,49.49859885,31.98847084,84.71614363,132.282186,71.81239451,105.7383265,91.00985707
12/1/1994,85.21462472,126.4276734,163.2257234,153.49704,79.24823455,89.24463521,71.04911243,46.40832609,65.27349989,107.345869,131.7188397,67.04540754,64.97418418,80.87744337,167.6181556,68.57703964,89.7101186,51.30501984
1/1/1995,74.71576339,83.75785033,81.14059598,122.3738266,75.61715366,109.6717406,82.73316958,43.07627011,67.08665267,106.1379557,115.6810731,58.85504131,44.02262873,72.67922661,104.0395418,69.46580221,77.24390731,68.48474731
2/1/1995,87.85260091,121.3149622,74.82952133,91.14131862,81.84856725,119.2084137,105.599569,71.10418533,74.67036123,92.99544603,156.2085008,84.54505205,46.9164239,78.15756028,170.6248485,60.69846193,82.86382007,102.0748853
3/1/1995,89.62025888,97.81587501,62.96974814,85.00741205,69.63624134,68.57369886,70.9726738,53.29307776,65.95507057,82.51509927,73.338137,56.56081932,57.11830254,59.38553534,93.49041617,62.82512337,59.41179552,49.97568809
4/1/1995,96.99753628,99.01924776,103.9766434,92.33693128,80.739724,103.480594,87.75842749,74.10361746,50.13421708,104.18031,158.6236741,46.90801797,27.64717837,111.875006,125.1675718,66.90797498,111.0696706,96.75008656
5/1/1995,91.660017,68.55916903,83.22015459,123.447355,88.79188626,96.12558737,86.13842296,48.86503951,69.89493115,64.54514432,118.2619182,46.70432311,16.38351311,91.1206627,123.0639152,67.24251486,94.34682136,86.13552136
6/1/1995,110.8221489,69.22774248,71.15984331,124.1398299,79.41077329,82.25380545,88.28231536,36.2122111,61.70365179,84.77501863,99.37891561,68.42084803,24.81157033,69.49371157,115.5820419,49.41707129,72.25564987,84.83536255
7/1/1995,93.60277115,74.34013007,70.11337503,96.21033693,67.44206458,64.7609147,92.91565698,60.62636747,52.42119836,80.7202382,76.94592464,34.24983694,24.81157033,84.96105539,124.0484265,67.11780273,89.60071601,70.77510951
8/1/1995,58.07205823,81.39965325,79.11022403,86.00313573,90.9428525,83.14786855,101.2178351,49.53557178,75.13705099,101.1195835,127.471588,85.43247529,46.9164239,83.8832602,72.92676454,67.1636314,107.6521423,87.13709719
9/1/1995,54.60967459,74.82704519,61.04993874,102.8606065,79.10073643,69.73692201,81.79298787,27.69393781,64.40318656,84.90547792,82.6923416,55.62300176,41.6194083,41.67405989,99.62316941,65.43979441,42.55169139,60.61711109
10/1/1995,60.34493722,89.7108573,94.00617693,96.35623628,84.05153076,102.7242095,89.02145201,48.61824638,45.16077106,97.18512365,108.7379534,55.70439333,50.97092967,49.97061685,79.9023681,58.30516586,46.90987207,49.18539981
11/1/1995,61.18306135,71.89034796,73.34937695,79.49594717,55.81346443,70.840598,76.37097031,45.04337532,77.72798378,105.1794856,78.29853957,57.09767952,41.13686444,42.00061973,78.05995913,73.06407153,71.56420824,45.66136097
12/1/1995,69.92349868,70.8610649,135.2037023,76.11400549,63.10957076,107.6299795,84.41444934,58.34189565,78.98504012,99.61458759,108.5911236,36.19585041,44.72699079,59.56603849,112.2688349,51.0834609,84.93940709,41.27546709
1/1/1996,122.6856165,71.80799934,98.2357727,121.4369935,68.60569006,98.46440945,88.70931968,47.80113299,86.83575716,77.17209587,107.5608473,69.29803839,54.61171037,44.94505481,100.0671229,65.64012361,39.55046098,65.35282289
2/1/1996,80.24008046,77.10168954,103.968743,89.96836079,75.36049926,71.88567871,121.5485559,53.88721889,77.66266615,78.38337243,93.94117835,56.50083966,60.26419631,68.80746689,110.4419751,61.33037104,84.93940709,67.77329781
3/1/1996,83.81241281,65.345813,120.4173205,81.99058382,79.55494681,56.94494224,172.6811098,63.89212024,92.8163571,98.59520754,141.5925007,49.02718362,19.72785409,100.6773154,66.10627577,90.94414883,97.53936531,95.26989293
4/1/1996,71.92131293,60.38878562,172.1312014,100.8092689,72.18615026,81.40582808,121.0892746,51.47814322,56.0814265,103.9498298,88.9152907,57.31009648,23.51930105,48.29352081,107.5041098,93.01118835,70.85963798,67.53125032
5/1/1996,66.05230152,61.39540666,115.2316496,89.97078353,67.79968932,74.02842491,98.0049752,44.1578568,52.42119836,86.78338732,77.32035737,36.88749086,31.98847084,53.07305799,96.56342605,75.22917371,57.62555853,53.92340544
6/1/1996,95.20476365,72.540909,80.48934863,98.27576231,73.63638452,66.33911804,82.8949609,52.44776579,108.534618,91.88494571,104.363438,65.43882559,40.95878277,77.45445612,121.4861727,88.83181958,72.13803351,47.29048491
7/1/1996,87.40437335,84.80800007,47.7941419,65.61301607,64.97473944,50.80382101,68.07776898,87.9758744,86.41098406,80.8836395,68.01212815,57.66265346,47.16866274,58.52830263,38.18863181,61.75728837,52.9770795,64.86144828
8/1/1996,112.4291986,83.00943757,85.13766967,94.20943226,74.89604612,79.65631686,71.91579204,79.55713044,76.0881529,85.46634179,107.07098,62.01430674,34.87031506,78.751162,57.93359749,64.57684286,61.19389839,76.15342948
9/1/1996,213.6618908,111.0747766,140.2267501,95.80496369,81.05984574,87.88762774,100.2265088,42.0435369,159.7267359,107.9022169,119.2273216,91.35143198,30.71908708,78.56301929,127.0987976,100.9451797,64.09822214,64.8893277
10/1/1996,85.50139206,82.23806068,84.89985495,93.38048063,48.59284141,52.17862548,81.83807198,52.50770609,57.74078795,100.0803354,74.17989467,75.39017363,34.87031506,47.85647537,78.82525285,78.05698337,40.06138884,35.44559886
11/1/1996,57.66679345,73.32290472,99.61352705,89.86798377,63.85873406,77.14839684,91.49282866,44.3398407,73.1147287,90.65329258,91.44515671,89.29951302,34.68284025,78.42027476,79.57144715,57.71313651,73.65672895,87.92211608
12/1/1996,44.10559148,101.9066768,105.8619708,87.75239131,77.95101643,92.70594648,83.87336952,34.20697465,67.00909584,86.30953107,77.39828164,100.322357,66.40743825,60.69601754,121.8208453,58.83902102,75.46204094,35.24646628
1/1/1997,100.772101,60.9644841,95.90220262,88.31088653,72.63200589,62.38663348,80.98770892,57.34459829,64.67265596,80.38589402,82.14526759,92.13489195,25.29807171,61.83863835,69.37831458,80.06826466,99.12968105,51.36502571
2/1/1997,104.9865864,89.34656009,134.3717709,105.5363266,78.54245054,73.25014215,131.296252,39.77856522,79.40118891,98.87868177,117.7994495,81.69802868,38.10722195,46.953523,136.7376835,52.02042946,71.60119233,52.86969942
3/1/1997,108.3895726,89.27929044,83.73043546,93.50073505,75.54214695,53.58741791,89.36005278,41.05830458,69.66690854,114.5361048,105.6092826,71.93294479,50.00781618,70.01510062,117.3297542,99.29298975,54.03389383,62.09770145
4/1/1997,96.37124689,66.67885653,112.6342855,82.93570923,70.4210543,91.49086382,86.45599039,39.87150579,60.45064442,134.2039208,93.41171922,60.2675623,64.34076507,62.00672888,92.95000914,75.04016699,44.60487172,66.60160295
5/1/1997,95.30215983,88.26537167,79.57972091,92.27485498,68.38992495,59.77676851,80.75423375,60.85840348,67.02594076,132.5304405,85.45523866,54.35234495,26.8792012,54.39424523,102.0974704,55.62781147,70.24406197,46.03469286
6/1/1997,118.9352968,77.09979347,79.09394621,69.63116579,77.15559789,68.30302434,107.9362403,63.5568137,60.28608788,75.80108647,53.09718776,63.4155962,19.54850996,59.82059421,70.98068515,53.20990318,70.2079189,38.87156752
7/1/1997,101.9250999,81.0600352,81.51479011,84.85016995,69.01263321,67.47688969,94.36180472,68.98960663,62.7518228,70.92873002,81.61455378,59.00924666,20.97888874,115.3697699,136.6049285,73.48908728,131.8879649,73.78031587
8/1/1997,76.47882668,78.34126808,109.0004845,75.59892696,92.89098283,88.99592065,99.90505825,53.15313704,53.39962705,92.31224931,99.35610135,69.00315312,31.76632869,101.7848909,62.08629954,92.99649882,81.81027233,61.10913309
9/1/1997,56.42949017,67.17958442,88.2909167,68.24711526,57.58267618,57.9740677,80.74602015,40.73631559,75.05634524,66.25677774,65.22714876,61.22998483,25.18411644,64.39286893,84.67218094,78.11671693,62.82867109,51.78902946
10/1/1997,62.69545163,65.40798484,59.33837583,75.89703542,63.13388107,92.50152322,91.85358464,48.13206392,59.40099731,75.7258422,128.5154863,78.33691296,66.67708824,70.50218883,51.47012804,59.52815227,83.38857656,60.73191622
11/1/1997,98.27086301,85.24514173,105.4397294,114.9645549,87.96307358,97.02754721,120.896809,67.496608,120.9941523,89.85402921,138.716403,56.34813469,37.19500274,103.4154441,66.49769451,72.92791563,82.72107447,62.20551981
12/1/1997,73.24853219,103.5704868,102.5769647,86.41946119,72.83947437,73.91470997,97.52878955,57.76644448,56.35278824,106.8944763,79.08331144,47.15591707,55.74945433,94.53558448,89.41170682,62.19514003,92.03529382,73.16855489
1/1/1998,80.35984177,97.42443535,79.92515929,92.37567748,74.4504779,79.92272595,91.31117196,76.46753314,86.63372811,72.21057454,97.87317446,62.42158633,35.62687022,93.32012697,62.98755227,62.72278478,88.89605218,52.97321327
2/1/1998,169.1239094,84.84920457,86.70093197,116.652342,101.1256429,89.99113882,114.2467731,82.07535145,190.0184108,100.3465709,125.4385944,72.90952414,44.93239603,68.59119584,55.96974672,115.5369671,82.08081232,61.16587324
3/1/1998,119.8312313,88.18135742,83.69709997,108.7617517,78.03096619,75.37439627,94.8052535,80.09467862,54.30446204,113.6024834,99.05986968,69.9091322,32.58084993,76.15780477,77.82546659,58.21083393,80.88380048,62.81260716
4/1/1998,82.319028,80.24854229,71.71766412,88.28346368,81.63597357,85.33168978,96.13787319,69.44393589,55.11984435,94.71120856,91.35990111,62.14447376,52.93135005,102.6939337,83.69170779,70.10193593,61.97687622,67.67929879
5/1/1998,89.19130721,95.46609456,100.1619643,112.2590293,183.7259084,91.43159848,160.2426825,157.4362569,37.06065723,91.28527554,119.8452483,82.3514085,51.29242063,132.6255034,95.71637845,70.21169447,169.0756733,144.5592396
6/1/1998,94.19882653,78.94029143,81.23892655,102.8209838,140.9618966,68.12674737,129.5044855,84.7534295,34.79760509,76.78613382,103.8149165,60.0036518,32.70473149,57.58410739,77.6991778,56.5121419,91.60927431,57.93812267
7/1/1998,72.85530156,82.51946904,78.23834474,90.1585428,119.663677,57.20075959,109.7157808,109.0683669,64.95600361,93.92245472,76.35546396,68.63805707,65.88263782,93.44813812,105.6180728,58.16162036,69.42579413,84.23252728
8/1/1998,75.49580835,81.72067295,73.88980681,86.83537976,118.8137598,120.1937526,110.3353967,93.36561327,128.9646119,136.0177018,101.7469188,108.1049399,84.14358635,111.8121337,90.81926142,83.11164448,89.11769328,86.62149307
9/1/1998,85.28547945,88.11575316,107.8410483,92.78810965,99.09777344,89.27204824,109.3471104,88.18088046,94.21426855,137.4337866,93.20865026,63.11071353,59.88277735,83.3343705,84.23041304,67.65139693,81.47645018,60.02192797
10/1/1998,121.0408578,85.59066344,95.67695567,95.58281124,83.56821989,101.8833263,96.93118045,81.38993123,62.23837357,122.2638882,175.3129896,87.38641525,32.54562739,77.60509519,107.0725589,89.10952274,85.9593076,65.68796557
11/1/1998,120.9180029,82.4841187,101.7774799,100.0891292,83.90852145,91.3354559,115.474671,136.3741811,125.1652036,95.38691279,90.60452765,86.00994156,77.62188833,81.46995212,78.7609057,82.4040052,135.104419,73.02918622
12/1/1998,98.17955379,95.37313691,94.67447585,113.8940128,103.1032111,104.7044866,122.6620081,113.0072876,101.0246064,97.0603674,173.9390634,103.2323719,111.6665762,65.56449202,92.06308157,83.67957405,120.0199451,73.31091572
1/1/1999,106.4943662,86.08915303,90.02855708,92.71595941,92.98192991,83.42127882,101.2640709,112.0240994,97.77811725,117.5923682,99.08314503,121.9228645,75.89421514,74.02609228,99.5892955,62.04502579,74.60451774,56.96121528
2/1/1999,199.6597923,98.41435168,100.9293342,120.5196777,120.7252057,102.2218785,116.128991,116.9248735,110.1633454,113.8667934,116.6003571,92.79393981,68.69129194,81.52103046,153.1462055,89.54613569,81.05084074,110.0679122
3/1/1999,188.443829,104.2979171,121.6889205,141.8895809,91.29949114,120.8162131,137.9827142,127.3507797,72.05950944,115.8214262,160.0752856,96.52226775,49.55507052,83.67886629,125.7339409,72.25496674,122.3120885,104.5645166
4/1/1999,245.816731,85.96218405,79.27957314,186.259372,105.8699456,86.23539462,141.3321967,153.3932987,78.20386939,98.15621025,126.4096904,92.09464079,111.817477,81.6551111,201.0043948,60.03404715,98.36585528,78.54611578
5/1/1999,168.5420181,90.52858633,108.9395988,187.4109118,108.9575546,89.3320261,197.1191061,123.7555362,99.53219741,96.50717359,102.135293,124.5448616,65.65911742,98.04406845,197.2780319,69.42167043,122.966673,120.2954616
6/1/1999,162.4029647,76.48214664,128.201491,156.6486339,127.428063,70.50326182,142.8465852,136.025398,46.00227611,99.37999192,79.64578165,84.60119086,57.66264391,63.18550264,108.4785622,67.83104896,110.1112014,79.5599583
7/1/1999,119.9350077,74.74629181,110.5190876,113.367136,138.272313,65.98382196,128.8015771,114.4205281,83.39980993,95.30475352,89.67525045,106.1744945,68.66619465,63.5757556,118.8203319,70.59336743,75.55866327,69.28973993
8/1/1999,107.913431,76.11118279,121.3023435,114.989391,124.993351,85.66328962,141.5422605,161.0546787,67.23409586,94.71794516,108.7762684,123.2466741,133.3657927,84.64410609,96.31089012,73.90667233,81.08562651,66.04074734
9/1/1999,86.16041598,96.45467963,111.5597051,113.167972,103.2675853,86.07149262,123.9426941,275.9379883,87.16220737,101.1093696,121.6488585,148.1321334,104.9446324,174.2725263,95.71637845,67.32839291,198.8329186,171.1055727
10/1/1999,84.25208448,77.50277876,112.381724,118.6046218,157.8427221,77.58992988,114.9749078,161.412578,80.01608027,87.59307117,101.6001508,109.6492962,77.41209944,96.72757566,85.71615981,57.65886873,96.14733321,75.73598167
11/1/1999,124.5909613,87.13981571,78.55108778,128.5896171,103.7238677,74.55027684,114.1216343,150.3425773,79.99121898,87.50289244,101.6104457,104.1827652,76.45639451,84.22739665,98.20713923,57.75140312,104.2657339,88.61399714
12/1/1999,102.6900999,124.1174071,86.21809695,129.646518,129.2042217,107.5148077,132.5658246,159.7044473,98.91992707,130.2428805,144.1209382,147.5718227,127.5734564,80.82845643,87.27081565,83.04852433,114.9329635,90.44610088
1/1/2000,82.11766291,93.61347481,74.49546096,111.1378398,119.414323,84.88107688,103.7854301,139.4099948,67.28691133,100.0935039,84.23379108,93.69525573,90.33375379,80.39887862,124.1725991,61.82209427,77.74876945,88.61399714
2/1/2000,103.8258011,91.03096472,66.85490087,104.8189999,88.4550541,67.45995555,119.4049195,161.0813328,71.36569321,109.8460974,77.29066445,92.11949764,68.89426326,65.4878084,64.95039967,95.95364439,70.61585482,76.00504513
3/1/2000,84.30967305,81.58452233,76.28335203,110.7685701,136.8206417,70.92543704,142.6361668,92.5051869,64.82138907,134.3135951,89.52967374,94.10056211,80.53051514,48.75659716,88.58856304,66.32357378,69.64226268,67.33321147
4/1/2000,76.97223847,85.98457991,110.7414187,93.36023644,86.50048275,102.7304912,121.0408303,90.21942627,52.21879991,152.6744777,76.34514565,112.3168207,94.9841711,88.8763114,90.86997955,63.92096722,135.9205106,105.5238241
5/1/2000,65.40728162,94.13750413,54.93520026,99.32714428,124.7216263,77.17641005,98.18088897,95.12265596,64.40318656,144.8282969,56.67677346,101.3141534,66.66041896,49.97061685,71.07651865,101.5995911,102.8187808,107.0958736
6/1/2000,54.14106475,74.5823745,149.2197866,102.2309064,85.17213196,79.63938132,95.92661481,94.84773499,37.27036259,107.2597706,91.71332432,99.99429177,52.44722184,48.6042328,93.00376854,67.52987603,126.89566,75.67168967
7/1/2000,47.10808479,87.87724716,108.105041,93.3383403,87.64999082,52.70099215,102.3039741,102.8710577,52.92183854,91.28611302,55.66050028,97.27050239,80.01250588,77.25849292,83.07459262,76.98484477,119.5533842,74.24699406
8/1/2000,70.27575812,85.38582371,101.8860637,118.0917213,101.8765759,78.36087725,92.19707349,133.7001775,61.39152676,108.4792341,90.34446873,127.4822404,78.07374132,53.83853479,80.82716403,54.33738574,74.56234447,102.6972931
9/1/2000,61.58824718,84.25391915,71.23987527,69.08164761,97.43877053,57.63770309,83.58018245,132.7842533,71.47370346,93.75149123,77.45825706,117.8996828,80.2457785,58.85053052,44.98419875,61.13694979,86.78932404,153.2657983
10/1/2000,84.9906961,80.7096512,127.0711488,120.5378302,100.2820318,76.38744907,108.7863307,103.4496872,134.048493,102.585149,74.96736701,129.6058719,72.50175342,63.34457103,95.20452616,157.3753369,83.07402763,99.81158405
11/1/2000,72.00528411,95.29167087,72.88764526,80.7749794,80.81452315,95.78239187,90.65101187,96.96713959,77.16510832,80.80596013,67.38478982,108.4335263,81.91756555,81.4430199,53.42309495,125.6806625,92.57246479,87.84552887
12/1/2000,76.05525164,106.2425759,88.00500052,106.7955764,96.86430159,77.65219396,104.8141176,120.1951091,90.11145445,104.9885657,87.99270264,130.4593208,91.97969426,69.83138753,88.87949428,106.4820227,63.9184595,88.2687478
1/1/2001,87.19205504,92.37030189,72.50596794,90.48246571,83.86660749,87.59834749,116.7411308,89.07557283,53.23650502,96.73812182,62.90170445,128.696357,86.01344383,86.05890671,81.46074762,105.6757951,85.68231735,166.8582712
2/1/2001,100.3358582,102.807629,56.22298941,118.252202,92.05026472,101.2354529,108.8819839,125.7226766,104.6836248,92.95095668,109.3930013,131.9722643,59.50615611,60.95233518,126.6401315,111.5171805,64.39315261,96.25975358
3/1/2001,82.14196472,87.55935679,116.9990062,97.36193153,77.80139835,76.91264925,110.8660241,91.68012174,88.05123162,99.18284588,112.6545334,109.2422565,45.64959309,86.21335076,80.52890881,102.3639334,99.96270358,97.09562258
4/1/2001,87.13543682,98.52030116,103.465918,108.8035856,90.85681385,96.54500717,184.436789,73.23250501,66.05455032,87.91863512,103.2544306,128.696357,93.05548016,54.20108385,91.00901558,108.1252923,65.39616122,103.2533628
5/1/2001,76.6031825,57.43484836,105.4924229,94.82114543,79.32393061,82.5084612,117.1233146,118.3997294,55.46685924,93.23187513,76.03439204,112.4935782,67.90535039,80.51148209,83.97757732,108.5807622,86.56564021,144.4261279
6/1/2001,73.69465367,74.07809387,70.85767837,102.1365025,89.08687592,84.76811392,108.9433468,91.34337198,69.26380441,100.2703235,85.52841806,102.4890989,89.43875796,73.61129608,100.550539,107.3189952,72.13803351,100.8955862
7/1/2001,61.40554521,79.9101797,95.59021526,98.64408981,90.6747283,81.84046975,108.3133467,133.4037248,60.27036175,113.0953718,100.2657325,82.81668895,60.26419631,60.34077329,97.52234786,107.9652518,47.3926762,88.18694173
8/1/2001,82.26293963,79.79686347,87.48090829,87.19358488,71.00488625,90.7346326,101.1229892,94.37659591,69.71478957,137.3986109,102.1099765,93.44176985,46.37979814,69.6418858,127.0571395,122.1827401,66.93154935,67.0285363
9/1/2001,136.5590586,147.9631578,119.4340184,176.3691861,212.2491209,142.5732628,172.9432941,163.472025,166.0817469,159.676141,173.58696,125.4789481,90.17538466,144.3771303,81.59428983,146.1678433,196.5558778,164.5922947
10/1/2001,163.9625274,164.7957967,131.1354283,171.7728989,246.5618949,134.2110285,185.8710073,193.4684763,166.9607257,144.3584731,149.8286981,160.8704463,103.6306552,120.9005694,100.6738004,157.8997688,278.8814556,161.8260376
11/1/2001,129.667204,130.1640572,80.72814893,139.4178932,151.4476891,144.191912,126.0346213,139.1713683,131.4932317,106.4643086,132.1272449,106.0162613,79.80628809,89.2877758,91.64334107,131.577306,130.8454901,133.6762286
12/1/2001,101.408389,121.9010248,80.11775991,129.2114419,201.6211041,121.557348,139.9786297,109.3910544,114.2637181,112.4188172,149.9782598,148.1747245,90.01406912,81.37620073,107.4226981,140.5499859,130.9671785,142.7633622
1/1/2002,92.86282829,87.77294471,68.14553602,90.56260961,218.3612069,125.1862795,125.8084484,124.5242042,114.1950775,101.7950195,136.7626509,171.4497231,98.13614396,71.31182298,64.77048166,117.4619294,125.0597228,171.4172404
2/1/2002,100.7128582,90.68429425,132.741528,66.55242433,123.0247334,135.8975916,110.0912173,85.420903,129.757475,116.2975573,130.2938371,167.4945235,124.7381112,56.78208784,59.76859831,125.5901928,103.0865381,135.3865642
3/1/2002,126.7363414,106.9756665,95.74145886,106.2216154,121.3770152,123.0056908,95.09932417,82.70114075,161.2870097,154.5672325,136.3306172,151.5932549,95.83019557,81.67012399,73.15901538,157.9048056,76.18125394,138.7080323
4/1/2002,119.1459616,95.90575056,76.12674843,115.5597086,107.1034291,104.2535456,87.90322607,122.4459538,165.5505109,99.40083016,137.1363537,157.5873759,222.5723505,81.4430199,47.85818923,168.7119446,127.4948041,97.01862368
5/1/2002,76.87923939,80.37371579,61.37628092,135.2697732,224.7391065,90.49929695,90.42158647,106.8967958,121.4747604,103.9932508,81.96245935,120.3933662,137.176613,56.1324072,111.9701031,130.4212931,86.07899475,96.88086205
6/1/2002,45.91782648,69.72222636,38.70359487,108.5275848,230.5359848,55.5934328,92.5952127,77.71410811,83.21760061,88.57881909,62.90023999,86.64203562,107.5168048,65.22374466,101.8259345,125.4974401,87.1044305,109.8091319
7/1/2002,104.885248,97.60936134,80.24857577,101.3124133,124.6264916,83.29499286,98.7499768,102.9562864,103.2345196,114.6195682,122.2375442,112.1968241,124.1431148,85.51672574,114.8596541,110.977894,112.5070429,114.9468091
8/1/2002,109.7240087,91.85666557,82.98228563,103.917516,94.29460444,95.00439535,106.1462251,107.3527117,124.5128273,97.01079622,119.922326,124.2069492,129.8316133,44.15145792,98.57358378,115.4764709,73.8121229,80.86824128
9/1/2002,137.8642895,127.4781959,116.0175212,144.4654173,136.6532945,134.4784438,137.6140216,148.0986582,157.7527509,137.4595045,128.052566,127.1075131,128.5767975,98.41670641,104.7249788,135.300814,177.4337989,143.4722437
10/1/2002,124.7800219,135.9083407,174.791222,164.9531887,138.157086,171.4586367,131.655866,203.2678926,136.298823,121.8355363,118.2082847,160.4919276,131.4094281,117.4530605,70.19201087,118.9486469,258.6376786,191.437562
11/1/2002,120.3120151,94.71682414,119.6714232,115.7551544,102.4456529,132.1499155,97.01918758,98.80482329,128.9386179,94.36999474,109.1162322,108.7790637,162.4698383,93.83007302,114.2582947,112.5962335,126.0066264,112.7275458
12/1/2002,110.7003869,92.3749336,246.4788091,122.6164255,122.3255586,162.7167038,129.3979062,151.8605225,139.6293153,120.6451296,167.4346194,143.4481133,233.4842313,117.4658941,87.32020491,112.8843261,129.4517011,126.0560378
1/1/2003,179.7252427,150.8119241,271.3203105,152.3031563,125.2150847,221.4067701,163.8289093,136.9248571,152.0960863,141.1963401,145.3606882,108.2683638,202.8739709,144.2901562,117.8047735,120.6020203,143.8715547,150.8959488
2/1/2003,236.3540244,145.3947814,255.5406517,177.617728,107.9002534,134.1094654,206.6961081,131.5982609,168.4391033,110.6863396,115.8810246,131.8684503,198.8145295,97.27916266,94.72961167,133.4309746,124.9533795,150.5095315
3/1/2003,251.866392,198.5542944,256.9843419,189.4836368,139.0862743,176.5154657,183.2895959,173.8470628,194.2119439,141.7673346,170.3829759,153.7948167,191.6004598,123.1078236,83.17423231,153.2449698,174.208861,195.1681032
4/1/2003,190.006788,158.2747177,197.2253931,165.3764074,136.1137558,129.3700629,165.6335575,151.3586916,162.4286249,149.007076,191.3688334,111.5368427,178.8935071,152.1628489,155.7419039,134.3383264,163.3536863,136.327394
5/1/2003,111.9733835,94.9222001,118.495704,137.4231749,114.3478048,113.3866891,116.7353903,126.2204473,132.7393921,112.1305439,142.574023,80.57511047,116.8660922,107.8066449,84.67218094,119.9616951,130.1839861,111.6536364
6/1/2003,68.68292048,92.22885628,138.8146593,120.0352065,118.504972,110.6845403,114.746503,104.9562819,111.971967,97.86157326,103.907418,81.61232395,114.6845918,129.7499092,56.18135257,133.9475196,150.6164502,96.17962614
7/1/2003,111.9625252,65.96996637,148.0712249,82.14642459,96.07408187,97.45161718,96.86640145,111.8585217,88.25621862,141.7888636,138.7457983,102.5298778,115.0498293,101.0107155,80.32143647,102.0689493,91.14246503,113.148171
8/1/2003,111.5751002,77.00298284,106.4576203,95.76354348,109.1438257,86.51881759,98.60203583,153.1474761,108.7603482,71.72731347,107.0480281,103.2957602,93.56424233,96.69534173,45.33933716,113.4929891,102.107826,139.3047014
9/1/2003,89.82194113,110.4783599,89.99819962,95.98659196,130.9426567,88.86965775,79.41328478,102.4086466,99.3781228,96.38398853,113.3356112,87.81633772,98.77141875,76.51917719,51.5395884,107.2230093,110.9718119,95.42009122
10/1/2003,77.00046445,101.4406516,103.0754806,88.93133773,88.24178302,113.4692385,83.81809705,121.0284006,108.6905164,72.61110028,84.98863439,108.945926,87.35740389,125.0221797,100.2131211,105.3768377,141.3794759,115.8609603
11/1/2003,141.6263889,97.61766842,85.62696663,98.13355656,92.72983367,116.556962,79.96576584,98.53545354,131.7985566,70.27999164,104.588845,88.77230465,73.96060456,101.6950102,97.94234074,90.21554383,99.96270358,123.0170784
12/1/2003,88.83309869,88.36159879,104.7387852,102.3011024,95.40671412,106.2972255,99.52759374,84.01232974,104.7829623,100.851788,79.78123366,76.84297044,102.6612071,77.49002239,75.4792013,88.98054254,66.64180239,102.777089
1/1/2004,120.5797559,147.6383021,81.36023041,86.82660851,106.8915787,147.0068012,88.5931051,80.71572943,106.1188869,91.15555417,135.8062687,82.57396316,80.92662726,77.26720006,77.14454383,83.96682899,73.65672895,95.98695862
2/1/2004,84.32358554,91.07121148,90.8697108,92.436406,94.1019307,80.11734297,80.13176222,68.6375243,90.46601457,118.3191647,73.4201006,89.09747793,78.42402231,78.97558241,110.8989764,84.37185594,81.24309617,77.5372475
3/1/2004,108.8682321,84.57280887,101.7207098,85.82741924,82.13135485,109.8389231,92.6280856,81.08218725,115.2311916,100.6529406,145.1080679,95.03730979,138.2358919,77.76677247,91.09558777,106.0455431,87.95601013,98.29064563
4/1/2004,105.8977689,100.5478063,110.9318547,92.713751,77.37455041,114.2036307,80.48933183,90.78713354,126.3079736,115.4110429,105.3320082,90.72038281,83.08116733,129.3734686,131.6100204,108.6535294,111.958228,113.3113583
5/1/2004,122.3661227,97.96378653,113.3913211,107.3775319,91.02064792,113.3685408,99.11632081,89.84208266,114.7243308,96.07531631,86.07222699,109.7083699,130.9750167,94.93055604,81.51330294,103.5926844,110.4850934,123.5762469
6/1/2004,132.8057499,84.06619884,118.8155453,76.33065149,76.68237421,92.87040037,90.83038046,108.5807502,122.2361785,93.57985354,73.81804153,62.3982337,100.7970045,78.56301929,61.90041241,95.26237881,109.0045562,100.0029773
7/1/2004,86.3202881,96.43561093,98.26382003,69.70601323,86.91231438,69.81876413,88.43348196,108.2633115,103.6584622,106.0265383,61.34877776,71.5596123,72.05314666,68.78633438,81.03595231,94.01894895,113.0582543,184.9608195
8/1/2004,76.45136571,90.5246388,76.04529718,78.68040497,90.36182226,58.91150931,77.84659784,74.44668977,108.3418092,106.6494639,76.20187538,95.20004491,137.4728908,60.31771826,36.41891473,76.89149661,82.72775469,96.95982451
9/1/2004,98.9627659,89.60047813,87.60542822,137.1566788,86.54355511,94.00434909,89.21966102,100.0880028,94.97244101,105.6283648,101.4644536,90.69206366,78.91141635,63.33102429,88.60601891,94.71772302,73.33508385,84.06167023
10/1/2004,95.44119767,105.5532887,97.84478455,82.34555333,73.98740542,124.2435103,83.83518124,86.2445414,103.7822434,117.333259,83.39798292,113.7111647,73.72580899,116.3592606,100.168303,105.177811,122.7612149,96.44300077
11/1/2004,78.05718896,91.58197051,75.24190847,98.4923889,91.52094356,134.5971362,85.27722501,113.5103828,93.0743726,99.20483277,111.3366707,96.9977469,108.1174573,109.6826155,187.8745272,109.5407059,73.33508385,94.486009
12/1/2004,85.38569741,86.99520601,69.50764392,100.8059685,90.01789487,101.6329743,79.91717516,108.1126948,101.808316,81.74410375,106.3543068,70.84203138,77.7781141,111.6406427,178.9133733,87.68454278,118.823591,68.94363734
1/1/2005,83.17697229,90.58523751,68.82135952,88.62831682,93.12335849,77.72013114,96.91117401,119.2294306,110.3817502,86.95200789,100.0944375,116.0376989,92.30711045,100.2095323,143.2302642,107.3927642,109.2615597,80.93906099
2/1/2005,101.3428681,77.25816061,99.75913903,98.90643592,82.75112238,105.511778,96.43640211,83.81911957,108.1337453,79.96957997,101.4482582,72.39170081,69.62993072,70.66215375,177.1564157,108.2533593,97.09296089,60.91136891
3/1/2005,68.75077753,79.17726674,87.94803935,107.2694359,80.30984381,90.74677263,100.7488972,81.51624607,95.31126975,104.3856781,121.5477792,85.79757134,102.9738412,57.05964371,187.3306264,87.48951501,57.59168107,87.85133569
4/1/2005,74.82820453,110.2113561,130.6221781,87.86689308,90.22415518,136.28664,102.9424369,84.4422174,86.7382984,100.3292399,115.2967506,88.6711742,99.24628134,82.6887201,155.9595943,86.44318517,67.09825309,93.36117556
5/1/2005,83.27967259,105.5627454,98.78450926,97.53215858,81.49424445,95.89388374,89.75983506,106.7229799,95.3741457,77.16643394,92.55473097,61.22998483,95.16381019,81.42024501,172.6313254,82.19316885,109.334207,106.9409829
6/1/2005,94.50057,90.62540834,97.55989194,69.18795169,82.01752794,100.4941891,93.11712531,80.53329155,93.00732664,74.63258015,83.91162376,62.93081774,99.97176585,89.12596396,124.3559248,87.95750736,58.31157709,105.916644
7/1/2005,117.2089298,97.28242024,91.86338154,87.73838455,89.08687592,127.6127641,91.16948761,83.15083259,122.6727363,102.45261,105.688688,60.05829993,91.41525431,64.54418004,82.43515848,110.204707,91.12879024,121.7258686
8/1/2005,66.19424542,80.54522905,83.07372617,76.01707968,89.15924543,117.5791075,76.05936171,95.39917531,96.60477984,89.08167618,74.94288787,72.69459496,90.92849776,66.51749092,104.4178674,119.2571717,88.65470544,117.0799607
9/1/2005,90.8777719,117.8284433,78.05761398,72.75528876,84.30660453,97.17749167,75.64210267,58.51149419,75.22879342,79.21168238,42.76905648,74.17474763,77.2303809,73.06945065,127.7971427,78.77527667,78.58030709,95.69520495
10/1/2005,65.17673376,64.02167857,75.69485121,78.4900019,81.10981579,64.80602854,74.28450006,93.12007373,69.51455057,70.81755646,75.98007622,63.07395715,63.24517928,80.322488,112.6075041,71.85252179,93.94642975,85.59484768
11/1/2005,51.78634544,73.64409391,98.05792306,79.86095826,68.42239439,83.2139666,75.55350978,75.49031227,89.11132731,76.93373906,105.3809089,72.39170081,88.81823004,85.35377467,104.2162885,79.5786592,58.31157709,52.81036193
12/1/2005,57.85789497,67.75032115,76.20146389,63.92010921,77.56970468,84.24611216,82.55643206,88.00174205,74.11477818,103.5101854,72.3557989,90.0874499,84.80198687,77.3371218,109.8784957,80.72366343,101.6380562,54.3528428
1/1/2006,64.19206437,77.24358635,57.94091408,83.56321833,78.35076523,126.9058713,82.42491885,70.24442286,98.16440117,93.11261052,113.2122083,80.9977072,112.6043507,47.57496669,108.0782724,94.05812435,81.63620792,60.85765518
2/1/2006,84.93960795,95.10558898,59.34908093,66.24968954,83.33933554,79.02563412,87.35769427,85.84366118,101.3886086,128.7469634,56.95101591,64.3481785,81.65833275,73.06945065,75.81495323,87.79939166,85.24738173,156.1206325
3/1/2006,77.33538954,75.89925209,53.80932785,96.25186536,82.3321446,76.01940944,83.79107772,84.64356993,81.25635687,90.14381589,104.7157197,81.17770211,49.33439421,89.5742929,129.2580153,81.55087448,79.12242262,131.3024752
4/1/2006,85.9282106,99.29078603,60.86437662,82.32020782,82.5306989,82.8704007,90.24679285,71.00822826,78.94584159,91.72458804,79.4367376,78.26129818,101.9747014,62.6309577,91.22427405,85.0908367,60.1925957,81.856061
5/1/2006,95.28509554,93.84205092,54.48175503,87.3978362,78.78028256,117.1071128,89.19166176,93.07600713,79.10796037,98.79358824,105.5769664,80.24596378,98.53568744,58.38799746,91.69468188,84.18057957,130.1022122,57.84420069
6/1/2006,72.26992481,67.89436067,50.01947021,75.30768423,68.96665544,50.05964786,74.26293389,94.35347006,50.51230318,107.6874149,53.42801136,58.34234851,79.22290879,89.83887073,48.46398909,90.56230957,82.72775469,81.44472401
7/1/2006,128.4479379,100.3530105,99.01881147,114.3784285,96.99766641,65.97666717,101.6720835,67.69861477,159.113755,67.68683516,73.9715892,75.33445288,90.05017585,81.98667486,89.64655933,156.4508099,129.7077032,59.23605622
8/1/2006,103.7969445,103.6170104,95.98453624,85.20941661,86.69569342,104.7939444,86.32895455,119.574606,113.1685387,108.0664517,117.8214969,88.90208872,103.8093288,63.0896633,79.37455774,128.6739482,171.7307985,116.4468481
9/1/2006,116.9231485,103.4034635,93.29338102,81.21064328,81.83489163,98.44549944,82.35077599,98.93967973,101.8340984,107.9643011,78.07773842,51.97352879,86.94499737,206.6294027,77.91986588,98.57774981,98.50693605,97.56019494
10/1/2006,83.74867713,99.26606839,194.2451739,96.94549898,75.55535871,86.8293729,113.3980631,77.1185977,78.06446856,109.4211667,108.0907037,81.82020048,71.67786985,114.5137089,91.71303183,85.51155031,95.23074128,84.85602135
11/1/2006,87.72763277,116.7306196,101.627492,83.89102781,74.31990435,84.83698281,87.56648388,104.7688971,109.5228609,70.1236366,78.27257852,95.38671166,118.7499038,93.554012,125.3544449,119.8897552,74.0464471,50.51425924
12/1/2006,88.32941286,110.030849,85.94275402,80.99453452,83.06426918,121.557348,82.65005364,81.77429637,131.3398318,99.53416986,134.1241101,76.23414778,99.36571128,139.5598295,120.7849538,113.0302195,120.5105926,95.24287367
1/1/2007,83.31310481,101.4105392,84.92848621,83.79232732,68.1160751,93.7981992,94.11879949,56.85862712,118.7947409,94.70654964,85.54546918,84.75125949,81.00989169,140.0616216,91.07813985,92.50952513,57.35564959,109.3174492
2/1/2007,87.85260091,96.18262678,96.40589066,98.18578798,76.52117489,98.06154005,85.16199737,77.65644814,114.4471638,89.60588777,66.41309692,78.08543009,61.65838267,161.7548867,82.0426101,86.57325546,100.5874705,49.49799604
3/1/2007,107.0703574,87.68222864,91.46684895,76.78416982,66.2400656,127.8283439,78.30931271,90.38211704,125.8149683,99.4895757,129.1323606,93.0994923,83.53823681,106.347723,68.57292785,67.68341031,96.73810024,52.28225831
4/1/2007,131.576476,79.6229626,80.35465452,98.03969197,82.36333811,81.34132267,93.95314002,92.04857013,105.1670532,73.43948153,97.71550523,78.97276452,86.38904838,109.1463473,141.2588488,85.69594933,70.27945535,75.84990844
5/1/2007,158.4342565,98.67220588,85.60804354,103.0932623,74.12396394,96.76918288,81.88005314,82.9863171,113.4144166,101.7631577,101.4482582,118.6419541,115.3838881,86.5374611,124.8474502,115.0609283,82.53330911,74.28080416
6/1/2007,120.7345744,80.41346111,84.53385641,97.68294279,77.90183598,69.91079743,78.50877667,80.60393479,86.41440222,97.36179711,57.43433429,80.67532827,76.95939711,111.2425355,85.17135371,103.4681529,84.93940709,89.81001428
7/1/2007,139.8469974,79.82824055,91.93056885,85.59987364,70.75897422,88.98753668,75.48002695,81.74276589,117.3527452,73.59271988,61.07839344,69.37537995,62.81880729,113.1153054,99.13482054,85.74016062,109.6605778,99.44994788
8/1/2007,119.6022062,88.49111431,107.5325784,78.97138279,74.73427013,64.11122049,76.28907942,68.89308955,130.3937756,64.13372045,69.6484032,70.19801291,64.24784676,104.8284699,50.67337683,61.44355237,84.30589458,81.07943803
9/1/2007,90.98281123,89.46354413,99.08081161,72.91155409,87.85422732,54.76825517,95.80457077,72.92736957,117.7520948,66.66634624,51.97088378,65.8106371,64.80464946,165.0970963,63.15307444,71.1078998,68.98834472,96.6085208
10/1/2007,193.3751575,81.30298407,111.3729357,76.32440405,78.51413006,85.3661116,97.03443622,56.72128744,110.9057895,65.395283,70.05878941,91.4421484,72.65975848,171.5072604,64.72906169,72.16946899,126.5859362,87.13709719
11/1/2007,115.9654332,77.11766902,78.18335507,77.89881154,86.05216132,80.27971412,75.28851882,63.35104831,110.0500216,62.4660504,87.61035981,88.40357233,119.8547988,131.1109222,86.68653143,75.49488699,95.23074128,119.9134365
12/1/2007,109.8157511,103.5406235,80.61344568,94.05776071,84.53098516,70.83323028,74.36395406,59.25348777,79.90469796,93.37453066,122.5435096,113.9279226,118.1357485,159.9773605,83.23163344,86.08545578,65.74728155,100.3396877
1/1/2008,93.72724292,87.68021767,89.98461621,75.57149758,70.47841647,89.98706921,74.14583315,69.88872917,87.7565943,88.16638951,110.8622602,91.54689313,98.55707105,98.02114087,72.65219088,89.16474307,57.21135865,70.73482007
2/1/2008,143.0442945,91.61353585,54.91264331,88.77983867,66.86021099,68.72762411,75.93087453,97.7707592,70.15347107,74.42745661,111.2114326,98.66720704,84.96768767,108.5117755,104.4178674,82.69492747,65.60052422,54.86409823
3/1/2008,123.2908037,91.68624088,71.32544135,75.06693452,77.44869588,102.4152645,96.78660349,72.92736957,98.51145313,104.5934108,103.2445318,171.8497349,171.2657067,92.96257859,128.7948328,100.7048932,47.92732363,61.31869802
4/1/2008,78.73423444,100.840411,101.3823285,76.44549179,66.03749531,105.5663813,93.20297285,72.64579671,71.27285979,193.2073687,142.3058131,99.63588929,65.6034741,65.25883005,153.4226427,88.49778689,97.96344951,84.71662227
5/1/2008,71.98007217,107.4287022,79.77466686,84.74020202,94.29690923,107.0912291,108.6022837,102.0517184,97.74288189,137.4727749,90.79619108,101.960142,95.23979939,208.3293354,114.3830581,89.95577217,95.41894433,79.50758177
6/1/2008,58.65752886,83.20536299,86.95555586,58.04535536,74.3397264,79.5018194,83.7834093,84.49515922,61.42500452,159.785362,84.7123072,85.61105488,99.62947161,147.2225922,83.8577121,84.36878383,122.7612149,88.36438025
7/1/2008,136.9802586,100.5554867,95.13035391,81.71204008,91.56151136,96.40911151,89.69793645,88.59771344,75.88290863,109.3985497,152.3937413,114.9644876,117.455333,118.9061914,113.0267873,95.83444403,110.6729932,62.47565459
8/1/2008,114.6493402,89.80896322,62.67893957,154.7885659,100.7307832,66.93635837,70.8930634,75.69676335,75.69777525,72.91907704,57.8990204,68.24806811,77.48958903,138.8095079,245.9894785,85.21090037,88.63359717,113.222725
9/1/2008,89.69244596,109.532695,103.7747715,130.6183127,83.51542884,129.8744297,87.39167332,84.32227106,71.80843101,126.3292776,106.9550802,90.63123733,142.0283717,207.3780599,210.075852,78.3683899,104.2164356,121.2948393
10/1/2008,100.1177368,119.3830615,78.38801658,101.5619513,81.8413629,98.21349905,94.17704132,73.71153483,82.88575785,89.62717284,92.53402521,95.98899556,85.30258892,167.9525733,118.9987408,77.33544594,55.73141881,70.95449343
11/1/2008,81.22118188,150.9772989,86.35103314,112.1287017,128.0684826,140.8093117,100.9114212,117.0229884,78.46073489,100.949355,89.3663298,94.99016826,101.9555907,192.9978295,124.306985,83.0596076,144.9909484,78.91661632
12/1/2008,82.07182371,133.0959178,79.33282856,101.3099686,174.8434013,112.2452652,95.03162676,88.84552638,71.46107002,117.6820521,126.9876798,105.0389384,85.57459972,233.3003174,140.1677135,114.3349158,79.6450809,68.98353528
1/1/2009,135.3837953,131.690559,119.1927375,98.94026233,105.9493861,98.70456654,102.0160402,107.4445943,113.0055913,107.0572217,107.7153887,84.14761804,127.0653147,94.98231753,133.1843029,127.9229292,77.08988157,48.15471161
2/1/2009,89.24708664,120.5208367,156.7547169,93.5574302,101.4653979,100.08505,101.0321649,133.0041013,85.23951162,79.23171959,84.07054729,114.2275358,86.33925233,80.07667661,89.33528656,81.63860883,77.74876945,56.30397049
3/1/2009,91.56264146,185.1466502,120.1078449,97.55140834,124.2599793,110.5933519,105.4900217,92.81665218,83.60029025,80.1803035,106.8482818,115.5955302,61.43817416,75.73807406,71.62740125,79.51812548,92.07091119,75.28645197
4/1/2009,132.3335538,129.9499865,111.961867,112.3440011,119.7770915,125.5006516,98.91713803,113.3689109,80.86498761,76.14302739,133.4860598,89.67230036,76.95939711,251.2798219,111.2080466,77.22108343,78.39398745,104.0442952
5/1/2009,87.61297568,87.28930503,143.4511421,89.80722343,118.662276,93.39393124,101.3430293,75.57927392,68.33778638,61.06446955,76.65255783,107.108581,72.0653178,123.807797,91.88772332,76.02980589,91.50432097,47.52932574
6/1/2009,74.23158154,112.4950815,124.9601281,100.2199218,82.66729138,101.9439056,98.42354387,108.7997514,101.8709921,48.45933671,79.74338677,87.8685472,137.3513108,114.057933,113.497682,99.12829181,81.95140564,96.7070674
7/1/2009,101.0984591,109.5751998,74.32653702,97.21781779,70.14154152,72.74288259,82.48959135,106.0761739,72.52611099,67.99951993,178.6237065,97.17888182,220.643182,111.299234,140.6915442,88.27867785,110.2618912,87.13709719
8/1/2009,91.45257591,122.2588056,145.613294,108.9275269,81.30002306,104.7537253,94.76283735,110.3260206,75.04608603,78.90380116,91.21078556,114.5539002,115.0179772,108.1972487,111.3177265,68.99649889,111.958228,92.4058519
9/1/2009,106.4053241,123.4525686,102.2922748,99.82546156,71.72865371,102.9770173,93.91259492,86.5332221,85.57066746,67.20196624,98.87062549,93.26870817,109.8850163,145.9327088,77.06238777,78.70736001,80.22484491,87.97495389
10/1/2009,100.1390067,98.37626564,75.7580959,82.80377641,95.14541567,101.4088012,82.08165721,82.89260019,63.34739662,65.31986834,41.13322915,83.75477202,93.58975753,100.0294171,52.00774321,85.70356979,75.53999759,81.47884413
11/1/2009,67.16336058,110.3317146,80.24857577,81.20998262,86.98948037,96.67891312,87.84059131,90.23697869,87.50432956,63.87244516,56.81479908,129.777839,121.0239411,122.505186,77.66311134,78.0213314,81.12915073,126.1985546
12/1/2009,60.15304348,125.2237785,57.58103263,96.94549898,94.3839334,90.86726494,86.01285859,78.39692229,110.8579441,66.30180026,84.07054729,126.896408,114.5287703,119.6411884,79.76364871,87.121591,138.2717636,92.60326196
1/1/2010,72.73167132,129.9163802,77.73439405,73.76714464,82.90271819,95.27040093,76.43050497,87.85738224,118.5569349,78.37994384,127.8176647,101.7599102,107.5168048,69.65981164,85.87637693,76.42491087,132.3830399,74.68894045
2/1/2010,97.89289816,94.85532023,51.0826018,47.67573866,88.86415873,66.24467553,70.80649359,61.62876302,79.44750048,48.23400995,161.1352156,51.82403638,89.59733732,81.8597605,62.84114816,67.77245365,90.44244609,66.66865154
3/1/2010,91.56066523,120.7340975,88.19193585,74.48993313,64.47532654,79.75080403,61.94590904,64.97165652,77.14965057,51.22630501,110.6828069,92.5005066,74.79429898,138.25204,70.68286409,75.67259537,70.30869582,82.38416462
4/1/2010,92.29309254,88.75624478,116.6015911,102.1576226,66.18482527,84.63797373,70.96263552,51.20432331,44.68792537,93.24338666,112.5846279,45.26561522,72.65975848,240.7443873,167.5036623,80.761245,76.68371781,76.04692118
5/1/2010,71.10463886,84.48630231,191.871236,65.53047656,69.80956578,84.73268726,96.43381835,71.23138423,66.73356502,51.16517577,81.583253,101.9857923,93.70179635,279.7897774,78.58818442,63.03406411,92.07091119,105.6480867
6/1/2010,139.0079154,80.41377297,69.29810322,92.94907548,68.96665544,73.28203382,78.15373309,76.25600469,71.55909618,48.38298872,54.63338237,71.27798234,99.79460333,77.4819125,58.26214341,94.51363728,86.12171385,50.92427758
7/1/2010,83.07742418,81.11197679,98.65615101,63.6064858,85.03747247,58.54719536,70.26852826,46.05939131,63.00311729,62.40013952,48.2701707,96.52226775,99.37808251,57.64182496,98.12131259,70.05507065,83.30225298,75.71913273
8/1/2010,61.89449229,105.2128715,90.48031696,70.43731041,82.44819045,62.66956606,73.72560229,60.94644457,69.56691644,79.51545853,60.92068645,76.02526109,100.65403,76.75681439,73.42626292,77.0818871,87.99112231,94.81238554
9/1/2010,85.95032648,99.79761689,110.8769652,65.57203228,76.28034645,90.64705091,80.52719915,73.20465995,77.33453504,64.50284737,75.72456076,108.171507,52.70431607,67.25774917,81.11557496,75.96960129,64.3438092,76.88567399
10/1/2010,71.95026676,105.3362497,133.6083784,79.52211437,75.57959198,156.3541725,107.5417365,70.18948197,67.89492559,74.21319161,116.1076612,90.96339369,105.9585902,88.8763114,74.9084701,66.41236035,57.4004587,89.39453494
11/1/2010,67.87739122,109.7665106,175.9735298,94.15421794,73.27623582,112.5721503,98.35414547,75.41000343,96.27951122,50.56305506,78.81613809,80.85634995,57.95232031,125.0082698,57.69206373,81.32575543,64.73355694,94.486009
12/1/2010,75.459109,133.8223442,174.5087041,74.63121591,79.04891807,100.3188936,98.81100007,71.63661966,80.69611681,81.11598029,80.52877257,74.24789827,143.3557397,84.35717692,86.47734579,77.06136288,80.54548778,78.57449226
1/1/2011,86.68512449,110.5823594,153.6468882,85.31034054,78.39460731,112.3551981,99.18857184,74.35731799,109.7616385,67.1316888,102.696956,81.53433798,71.67786985,60.0681277,86.93505933,95.34775564,97.53936531,71.1533693
2/1/2011,148.1622242,114.497393,114.6084015,77.90123362,86.2698996,94.9316423,94.92344871,106.0177619,134.4731339,71.18949741,83.8210798,55.44896233,138.731361,78.58537008,104.7063146,137.5836529,105.8428626,130.7056458
3/1/2011,155.8418626,124.7516998,95.30049961,117.6705577,72.86725449,145.48939,120.1459178,82.61702007,158.4630565,80.99930558,85.29606548,90.96339369,153.9445159,85.42737991,90.12710088,102.5320187,124.3190984,122.8318117
4/1/2011,145.1377324,83.22741583,67.1919844,76.35802376,65.83126574,119.7564984,73.4898985,50.41892217,116.3022054,118.6444211,85.5991027,63.21926309,98.13614396,86.69082833,99.7721572,93.10247192,42.90851899,97.59354885
5/1/2011,80.90322162,117.5992141,52.16658274,78.30870993,92.49019477,103.6721924,75.88009162,83.53498696,130.840158,117.0886972,82.6923416,83.53974051,94.48446481,95.71295074,41.56105907,96.64081242,30.25898054,88.2687478
6/1/2011,189.8735655,115.630786,57.79820247,82.69556788,73.4868613,118.9989634,87.07284041,67.76436995,123.2832821,108.0027514,103.9819927,49.38348583,150.4175988,90.68396519,31.09918434,86.65702039,106.3930529,111.3704911
7/1/2011,88.91189833,104.1146416,62.97855017,68.54732251,55.5905655,61.93227705,70.24158405,73.28661769,99.53219741,81.21890847,53.6401038,42.0338908,99.10244615,125.0520964,33.58469419,69.63206234,66.51510694,133.3373031
8/1/2011,154.6385067,108.5422629,51.61890209,92.26830385,55.21982063,114.185483,93.45006065,45.26526387,118.0163104,98.55892414,45.0552836,43.92630149,69.80148583,60.37589087,73.68355172,83.34180111,54.47069476,128.8113611
9/1/2011,136.8463791,111.2206779,55.46848176,61.94741302,78.60606699,111.9666339,87.63977805,49.49821464,110.8828448,58.02163119,48.84731404,74.60658377,86.6553352,44.77480839,44.00753032,84.03875338,91.63247828,111.5354844
10/1/2011,123.7584047,120.6927167,71.042029,66.87363564,76.68741694,109.6717406,97.84836556,48.24852587,120.4718431,82.47692526,48.65819458,58.62085371,59.81067286,84.07218646,52.2089337,72.68776559,92.73648404,110.4554753
11/1/2011,144.2383282,124.9093768,99.86418551,91.70520173,70.54886833,97.06857925,102.9477742,83.87812474,112.0416261,53.49295568,65.27830731,76.07666424,75.32250731,91.83885511,22.24394711,90.91400786,71.03948478,89.09084376
12/1/2011,121.195155,110.1992635,164.4037759,103.7802083,65.24823504,111.4406396,104.1283549,51.81681522,109.6784512,88.93094576,132.4525034,79.95927506,103.098306,61.51439081,58.60186436,85.04577117,69.39559587,104.5645166
1/1/2012,136.5947416,127.4715425,120.3388216,106.5302993,75.00199435,86.88782266,97.93979571,53.91786565,100.629979,86.75422623,144.3997021,44.54873896,80.06570569,73.60460719,103.167354,105.5192903,58.96676335,61.91320064
2/1/2012,208.3361679,118.9153964,73.34937695,158.4409253,98.73489544,83.62470221,131.482617,38.83706072,129.5640577,91.36582172,181.3656751,64.81787324,106.2809794,123.5005816,55.5154995,116.6559167,129.251139,89.62672854
3/1/2012,168.5768941,98.51169019,118.444666,124.9138465,69.13059699,104.0112637,108.1312118,49.72320652,127.7094819,81.77081127,173.3346419,48.26113388,81.02715723,58.09084209,80.45724566,94.03766991,96.04259756,103.1418701
4/1/2012,160.0584612,100.164925,124.2172558,104.0515738,77.70197165,98.70456654,105.4434865,54.18751918,115.5559567,86.69067002,139.8556768,80.13169398,112.3105477,78.23244177,66.6185994,82.11967519,84.64583771,113.1253542
5/1/2012,119.0842727,108.8824688,52.86774649,105.1917267,69.46035187,76.60984355,84.96965813,47.26303394,110.5538571,43.03009621,84.87891794,72.49707447,113.5377459,52.46914769,37.82802981,83.14797226,44.19403737,111.3106145
6/1/2012,171.5104685,115.5509652,71.44044206,109.9026212,63.86090143,85.91900093,91.8712692,27.34776359,118.5961118,43.51969276,106.0928513,69.62261936,90.82164876,111.8946367,25.18077033,92.88276733,77.74876945,98.2272732
7/1/2012,189.3454741,129.5638483,51.58433393,113.7707509,69.48041079,51.69067076,75.83128839,65.16913876,100.5812478,58.8557547,100.1336543,60.73311229,75.73510777,77.25849292,61.09556072,94.72398796,69.0729411,111.7985398
8/1/2012,160.9846935,72.69795218,63.69636466,62.18582745,54.92534171,45.99399181,65.50882351,23.31846927,115.9536765,63.81750547,63.75610278,46.88224434,71.97777726,56.75610061,22.71949203,85.13394562,92.23831285,142.3067386
9/1/2012,145.63167,108.3210559,104.9960839,82.41619939,71.45942612,88.87593386,101.9830559,77.47038603,113.8083708,67.42607669,91.99208822,103.2563795,114.8809695,68.8868296,22.17818525,103.6462443,127.836919,161.8260376
10/1/2012,177.3506617,99.98057525,78.8775469,97.2897351,66.42782269,90.7373818,94.62724165,52.56453261,122.6727363,47.48061227,88.68980813,80.25446982,89.51625376,76.29947488,46.39178232,91.32574316,58.31157709,68.03855534
11/1/2012,155.1119865,120.8458843,85.66978011,85.29644204,64.15721517,76.37853363,105.7527274,63.12401825,113.6024378,51.81783279,51.778549,71.66922875,46.74643686,153.9936089,34.67461257,119.1671874,85.24738173,124.7644801
12/1/2012,123.1764944,125.7966978,164.9207689,98.48025622,58.97087086,114.6568197,100.8021107,54.30761564,117.6596678,78.65048851,112.3541421,122.7565251,116.3466873,80.94682637,74.79233293,85.23415934,88.35087438,130.1632987
1/1/2013,131.6490699,96.85063481,119.4611897,90.13798932,87.98950119,78.22739539,101.6522251,48.61824638,104.6551782,94.44144779,87.9169122,69.62261936,95.20572027,82.80203112,90.44067256,87.82858028,93.02887443,141.9089869
2/1/2013,134.8403391,135.1192082,166.4914429,102.3020456,111.656186,128.779864,146.0013834,48.21644269,112.8493336,59.91446688,120.7166833,50.91284453,123.9695543,147.3475689,35.23302274,98.09764678,91.66885481,80.74480049
3/1/2013,164.0199142,104.9401249,182.3666336,85.00440411,94.18337912,111.9258019,114.1311036,47.85858628,124.2481567,78.4563903,250.9908692,91.63981841,114.6393691,116.6501587,44.58023106,95.76233896,94.24093267,137.6828155
4/1/2013,131.9290254,107.2718172,273.9064896,113.2432347,82.35435629,94.93508522,120.8827004,45.48158532,130.5180857,81.91768819,175.7572417,91.25741678,137.4441628,83.48986828,92.1713274,89.86939511,82.1122208,129.8731257
5/1/2013,154.1292439,122.4886251,142.2796191,114.7911878,96.30513387,84.60391418,99.34631448,66.42889109,118.5961118,65.95476578,95.37415029,79.43459356,87.32329322,94.98231753,80.47491692,107.4831622,71.52886789,85.79652646
6/1/2013,161.6428647,88.63026811,123.9243963,115.2201563,65.57943576,109.0614845,107.6963452,37.65389408,123.6311171,112.7631275,72.19985106,86.82385807,96.4393158,63.18550264,45.74057024,77.94033146,71.76809488,114.2088167
7/1/2013,119.9595272,103.9254246,122.1457108,69.53796354,63.48365327,103.1101835,69.67268379,43.23239274,144.2912923,53.54423737,86.40584027,55.95493783,65.79386561,55.54769462,44.17679006,101.2252912,61.8243227,100.308984
8/1/2013,171.5769884,111.6951812,116.9385014,114.7162798,81.17292766,102.2060708,86.73959813,48.34278889,196.2830306,85.51488015,141.4704382,99.69436106,118.057668,86.72173415,42.68433093,126.8041609,57.59168107,90.0416671
9/1/2013,165.8567574,96.63169104,142.4418704,160.0966163,91.9646823,99.28291361,101.119163,52.00038526,145.6502834,109.2442499,82.6210551,64.83938597,124.5711945,53.97511149,43.36537963,126.5836311,64.22724433,144.7361953
10/1/2013,96.24301785,103.7483149,80.98020385,82.53128129,90.9847887,82.37638936,71.99845292,74.16342668,105.9482473,112.7613092,89.89721889,60.39382116,106.6566703,62.21341798,67.97250064,86.14256731,118.0033098,130.1033156
11/1/2013,103.1138527,96.61454171,151.494971,94.12417486,69.87101293,83.06382502,107.7061579,44.83873606,129.2209859,88.9020176,42.56736572,82.10944044,123.2676743,176.1988411,89.8769177,84.45919741,84.40430613,102.4732263
12/1/2013,111.4676743,118.3424576,174.2194167,105.0554828,66.56226081,64.70936495,113.8629108,31.14863921,144.2157245,196.9841637,94.80726779,55.15558157,89.86479206,179.1284171,176.3282855,80.96206474,107.6521423,130.7056458
1/1/2014,98.57666694,129.0120364,117.4736115,112.8727296,82.15916898,99.81360662,93.5800789,52.7038133,139.9611734,43.10992941,79.3246293,70.19801291,85.11747045,196.9766525,170.8944247,80.97225735,79.87887272,112.9828464
2/1/2014,91.13726847,110.3317146,99.04748613,78.09680115,62.90386812,107.8559833,86.28846722,51.89440853,94.59815236,72.79527555,116.8940607,69.68436891,202.0992571,138.25204,233.9570204,71.17592102,90.4157038,98.02923434
3/1/2014,121.0503579,113.9942243,142.9710867,220.0771463,78.00548953,123.8534312,125.3843307,67.74471386,141.1994153,96.07373088,135.5637575,70.554348,186.8104483,163.2092264,310.1736938,81.26484716,126.5152967,121.2732796
4/1/2014,95.50526649,95.7849368,146.6108753,192.9602774,77.61646271,83.10883461,95.65659402,55.58633381,94.92260706,65.44377526,126.1058209,83.00915027,123.8072297,126.6789054,291.673544,74.88030608,118.4549315,175.2815597
5/1/2014,84.61487208,90.52858633,108.9685298,190.8261652,83.3657004,93.06805079,141.1079613,40.97043234,75.36543108,136.5080865,98.94870385,66.35905908,138.6400904,266.1867635,294.9595918,71.84029365,120.4096202,178.6155444
6/1/2014,159.3457681,81.33743117,79.51647553,145.5283638,77.18428512,53.29787866,105.8947179,27.9296309,173.0518694,94.80314955,51.29728309,26.10962063,142.1408606,198.9821871,278.9314577,85.77632875,77.44146206,129.8731257
7/1/2014,144.0847852,115.7425627,97.15223133,163.4137187,62.12947997,79.05197947,106.8143017,97.09265179,117.9989891,59.63288538,62.95575653,31.65792739,131.1180546,142.9905171,259.3784259,135.771284,271.070034,167.1318094
8/1/2014,172.4779634,129.5822798,100.4742476,171.6895322,62.96556718,84.63531875,110.391269,50.7110848,152.3516241,62.66518866,89.06933659,51.86271103,63.57515413,140.9522751,270.324543,118.9671807,186.6920554,125.9153865
9/1/2014,188.6790522,93.68544791,79.85134378,185.257743,108.1722037,97.25138493,111.3316168,71.86273644,170.4505389,97.2651361,89.761977,51.79243636,85.4034194,111.875006,286.1112469,96.9348514,147.9734644,141.1620974
10/1/2014,181.4394233,139.9471699,109.0552109,123.8898234,99.79716116,108.7681629,97.04347353,59.73098841,105.0853521,109.5797481,85.85928234,71.16849235,132.6803123,90.27044962,231.0605569,77.637493,79.35183686,131.4198843
11/1/2014,120.4379292,116.7696861,121.736485,135.6743624,79.08732862,79.95987462,111.0911435,89.59648261,97.91913059,61.10782894,49.79681412,70.84203138,118.78047,101.2776572,261.4942611,95.82715935,122.0185314,128.0915329
12/1/2014,112.2238283,113.5464374,113.7748858,124.8533795,104.0090871,110.2551009,109.1242488,72.33446412,128.9442814,57.5766734,101.3791894,92.09464079,119.3089705,102.3247006,246.1278303,92.99397008,118.1678317,107.2456581
1/1/2015,133.0999931,115.8320397,126.2765437,140.5163084,94.49897964,116.3030552,97.43621357,58.09468423,117.6760071,72.57059877,98.01589874,50.91284453,107.9520955,100.4487478,262.4224043,109.706494,102.3333606,100.7076287
2/1/2015,138.8033631,81.46542083,76.76820384,183.6918003,69.58948871,107.8002092,90.00080804,62.82973378,110.5913305,68.05462808,105.5484243,63.9534044,112.2953294,81.4007338,292.5670436,85.43754829,172.8766756,96.6085208
3/1/2015,121.2295952,93.19440363,122.8322104,135.0089453,74.98812361,93.7981992,90.37236404,68.01516333,161.9176159,108.1354014,132.8724747,66.18669789,136.4191717,71.78471305,236.3204378,88.26554474,77.45201842,84.61868398
4/1/2015,142.013641,105.1682778,155.1138365,149.8054068,91.93598817,104.730136,99.48959237,68.53415453,159.2386481,105.046347,147.2540021,76.81353245,131.4094281,101.6357818,274.0352378,91.65766364,123.877226,107.2456581
5/1/2015,118.9535217,114.839332,132.436375,120.2650955,86.46213261,104.2653872,94.901273,123.8981117,125.3318274,142.3334918,82.35482184,53.13152353,87.71107759,132.2810216,284.1786271,79.22419365,216.4817299,134.727358
6/1/2015,147.7003808,85.39470031,80.5676556,130.9986918,70.45175712,64.59426283,83.05984055,52.58282441,127.2385053,128.934005,65.15935514,36.07397886,102.7833605,66.99906552,252.1515168,80.51692718,90.87518507,135.212737
7/1/2015,164.6555974,103.4896083,90.29752844,121.9988302,80.78919907,91.68493844,94.85369272,73.62859428,130.1001871,84.02588161,66.02399002,52.35106048,59.31961643,132.9104839,216.6912457,90.08409276,111.0696706,118.8233144
8/1/2015,176.7679979,110.3047847,190.3194061,113.4833884,77.5106152,116.4571864,101.0898776,90.03378959,115.3352195,73.96993421,64.51925723,92.02122936,129.0201657,161.4535069,194.447446,96.10259204,107.6521423,133.6102157
9/1/2015,229.7835044,128.6821566,79.34927287,163.0758479,103.135191,101.3722575,92.312715,93.14485816,124.1290467,101.9931813,62.65129958,94.21312259,158.3069518,113.3939145,288.9957536,87.25711579,127.5565749,112.7656552
10/1/2015,205.9757154,88.37584147,93.55243935,160.9849777,71.21298249,82.8195125,78.50077469,49.84908806,126.0303737,66.87749703,54.94297645,50.50110212,87.47129881,91.72491112,231.0728732,98.14407555,151.3541876,153.241102
11/1/2015,215.9692213,134.0980027,114.8584562,151.914885,84.0251216,112.7673139,105.1435885,96.52151855,149.2268957,46.17258882,74.99818608,92.66137704,79.64207762,119.5060006,218.8331902,97.88819367,211.0782708,207.50157
12/1/2015,166.2158965,130.8165617,129.5573234,142.4261034,73.24429666,142.0108436,104.1280472,94.94317925,123.970377,57.00454332,135.087717,74.94670202,124.657165,87.73687151,208.4781394,74.91314248,104.7513361,113.4165392
1/1/2016,185.6767299,132.2187514,144.4366143,133.3482639,95.57008178,109.299972,107.2520227,134.6351438,142.5935655,67.14586442,171.8984375,78.92428523,130.203837,77.05331585,181.9724172,86.98036748,159.1823147,147.5450235
2/1/2016,215.6452162,123.3917378,146.0695313,164.9270341,68.62097199,118.9516571,98.33538991,47.56132798,111.9170699,53.10370886,103.1774899,76.0175373,83.75840972,68.51698015,209.1991381,70.56971096,118.4743154,94.22965161
3/1/2016,191.3861155,122.321106,141.6761221,113.8003884,64.51118601,154.1112191,80.68352351,53.70106305,90.95666439,75.49139686,131.4043848,55.92879066,81.91756555,92.85584773,184.8768406,76.56325949,74.8691854,160.1710804
4/1/2016,168.5352999,122.35601,133.1243562,129.6651104,63.18496486,179.5709584,87.00455696,73.43735117,109.5518122,72.86500282,140.3382364,78.06172474,110.660571,105.1494388,194.0810362,73.5152866,118.5041728,145.0164829
5/1/2016,131.2400018,102.4301743,179.9447146,124.6764208,90.56073967,166.2614234,106.6882521,67.45061059,108.0494962,90.42842911,132.2573244,51.4785428,116.2343835,80.92802339,193.234477,88.73584283,98.13411754,150.2915071
6/1/2016,115.5680048,90.19385878,97.34865018,80.03227447,79.0567046,113.027934,88.89103554,63.33166305,91.7860141,66.1349262,79.98062878,51.31563602,80.45475188,52.13414914,121.6661522,61.81808063,115.9330763,139.7198283
7/1/2016,234.2810463,145.6346583,112.6230591,114.9881335,78.78560975,133.3020435,93.93476014,63.11022367,89.12940997,64.63131941,91.96667605,61.62924138,96.95156963,73.5857632,233.3086725,89.49966951,107.6521423,160.8684871
8/1/2016,175.8855973,110.2435523,95.68701443,108.1987464,65.36098972,87.05347071,73.47967126,39.36563894,73.48568723,71.05294846,36.40168027,48.82891192,62.64758704,109.0754731,182.8565694,58.84203949,78.07004536,111.2388475
9/1/2016,199.6106715,135.0207467,143.4941695,139.4479535,104.7235667,114.1927831,110.5416949,36.6162525,117.4922998,78.78124887,60.12992787,109.0744909,108.0464442,89.30155691,198.3275808,63.09594034,92.07091119,172.4397292
10/1/2016,154.6424043,123.2751104,87.95392847,145.2656585,83.70955998,71.31364414,91.62268304,43.34362531,118.2759943,110.5276926,72.06046911,143.6610497,126.3704625,209.6569397,232.4870108,68.17998972,68.82677951,161.6359894
11/1/2016,167.853006,177.4380972,195.4651545,154.4215994,84.15473054,86.66742428,134.700627,52.09097826,121.4621501,114.4079368,38.63035457,72.09132031,116.6283984,130.7895719,263.1087426,86.48390419,102.2449571,167.4842907
12/1/2016,173.1350459,129.8557654,133.5780679,135.1195057,75.60466476,110.8864592,135.8482107,69.24416909,121.7272025,47.81121801,86.78250043,92.59149667,140.8517093,128.0864488,225.3282954,69.45765075,108.2929289,213.6451087
1/1/2017,165.0702018,172.1807095,118.6409193,135.9521896,94.48608052,112.0596168,124.7920745,53.96625348,125.1357252,63.26404736,64.62362354,88.41734451,76.53738646,59.82059421,244.5834988,85.27756812,98.55477818,142.3526835
2/1/2017,147.3576909,172.1832868,135.657104,140.3126924,85.1420696,102.8899192,127.2890058,55.04840155,103.3840626,122.1795101,65.99930816,101.2078147,83.91555495,78.95103804,266.1983401,76.18713734,99.05942614,152.9534153
3/1/2017,137.2956268,126.1592607,181.46035,93.2830154,56.24486649,102.507255,117.2422669,36.58093136,86.66601648,52.16823142,77.19406453,51.1376253,72.40927669,77.32741218,191.4327569,48.7653634,117.5272096,120.1890996
4/1/2017,161.9725489,136.8361226,242.4572767,148.1387346,80.66572844,140.7193413,159.6902078,54.69552718,106.0645951,98.90753702,89.08668973,100.7188881,220.4546249,76.26160914,181.0499633,69.73297837,73.50198793,150.6437951
5/1/2017,142.6137545,112.261204,190.5225045,106.0663198,70.94585816,98.07184496,118.4508805,52.17567904,107.8855928,55.83489993,62.15642359,94.82889463,147.1282592,94.67259258,201.0043948,95.22202798,111.3771299,206.743531
6/1/2017,150.2316754,112.9151528,94.73064654,100.0003154,83.18262827,108.8827353,102.3261305,64.07844188,154.0828926,62.86864706,48.04031274,70.19801291,97.20697419,84.66914873,159.6354515,86.48700564,118.0629462,162.0557084
7/1/2017,167.0394691,128.3535826,227.0337858,105.8919742,71.64429989,98.16909873,105.5656683,58.86514136,120.7559748,68.30174002,123.5322328,73.98113936,154.5056306,64.63731738,152.4099257,89.61720753,89.80606525,134.4400928
8/1/2017,128.5141775,145.6627568,274.4243333,135.8571535,94.78843598,88.53897995,158.7188161,47.76901937,109.4694362,42.68035442,164.9686211,163.2714977,161.6063678,99.84869552,209.5858632,63.63465707,79.97016286,182.1957487
9/1/2017,167.6660237,125.4190919,263.3554758,122.5582604,102.4951499,115.8504302,140.5722184,77.66291305,120.9833872,101.4394816,63.21093782,91.82658986,127.7605546,103.0965212,200.214076,77.61880063,121.6937261,189.8145684
10/1/2017,144.4581686,91.18522317,91.68672119,102.1230671,72.2308699,64.02990844,95.46578956,54.51619758,76.98340084,57.85096162,48.36935598,22.78165326,71.95040928,75.08515963,174.2895249,67.58734827,65.09199303,68.8991001
11/1/2017,92.06717839,92.43791651,135.356692,88.81221785,82.63036002,43.02294602,101.8366046,42.75871831,101.8534977,246.3555127,59.40522144,26.51710653,84.26253403,53.7646822,153.0589924,63.1144863,22.6283732,110.7024757
12/1/2017,83.3232353,133.1656575,113.8125098,96.52161176,56.42168808,91.66946785,96.83036407,39.47099899,93.79746145,54.1187264,67.03299452,24.72491588,90.99973042,45.74516028,202.4769544,90.94485726,66.27483211,64.80054552
1/1/2018,125.6733152,124.2377956,156.3840795,115.6939482,108.2766077,88.52883803,115.8951347,43.216219,78.37816045,74.88463766,42.18812919,28.04521097,100.5048393,47.64090566,179.8745527,69.44506352,40.27274389,80.21387577
2/1/2018,111.1388325,99.98201392,71.47661093,88.2755763,72.81651834,77.77416599,96.8084876,48.34278889,74.66210123,113.3445819,53.60095615,35.09900646,70.27242143,77.03998021,170.77817,74.86732204,52.81048491,87.89481108
3/1/2018,114.5870453,191.0345427,175.6432569,116.7112438,80.64262228,168.4020768,178.6393942,35.1928325,63.69545923,76.33345921,90.2652192,25.33163588,84.00729936,65.63800979,208.0055574,71.31438493,58.31157709,103.2239459
4/1/2018,139.8469974,154.3138225,174.6460432,135.1898787,86.08731781,146.6138006,174.1722747,32.78904988,92.98855813,56.46994254,81.15036375,39.70067568,115.2629723,54.97929961,235.7950079,99.35569478,59.32276051,79.77674293
5/1/2018,123.0453954,118.9984005,134.555357,102.9566315,82.74289267,132.7438935,155.708945,62.25140413,96.1082795,115.132944,121.5974412,51.4785428,113.4899606,61.95527102,139.661634,107.9736439,63.09893402,86.93012071
6/1/2018,105.5381839,164.0321056,130.7194354,72.05439482,76.42449621,101.7048599,170.2836212,49.89767392,53.27947234,61.41838992,79.18272478,38.69786772,118.0375422,101.5729273,207.9593259,69.55074933,72.83527844,96.49893408
7/1/2018,106.9137454,155.7041481,122.9218267,94.69351614,103.8102159,96.35898596,173.4241139,38.46718395,70.22964609,65.06434464,92.17373258,27.12195953,86.62491381,103.8091795,203.171558,85.87097675,58.41740572,80.76121203
8/1/2018,145.42471,133.2205318,110.1912027,104.3777542,79.75652839,130.7585794,155.0841771,54.50088117,61.8186769,133.5484501,154.2941809,48.42254235,124.0071123,50.95064403,158.9795642,75.92026555,62.60821961,63.45603911
9/1/2018,109.8725504,146.5365444,153.7724021,114.8932029,88.2797468,134.8374882,157.8384392,39.42019977,65.00791132,82.01964567,112.6430056,42.31113107,120.8895417,52.92012733,185.0249659,67.49333468,74.17727121,89.95935135
10/1/2018,113.8408769,155.9743423,125.6273069,121.3886566,78.57131629,202.9587874,156.5893183,72.68015815,79.97781337,45.70043538,161.8077119,34.41228676,133.5134053,38.60761754,177.0505032,63.67480589,72.46137246,92.26280879
11/1/2018,99.22477432,136.5970221,94.67791918,115.4295696,88.92046208,133.0126594,157.5767871,21.74772452,83.50413164,36.62655373,187.0824657,33.16624178,121.3686631,56.28833055,259.8535902,68.32744387,58.00944456,71.97297898
12/1/2018,142.562473,129.5864503,94.33317217,125.5005532,85.49466318,112.8684505,181.0934485,37.82681319,99.59583692,58.48704206,196.0194108,25.17972202,103.8093288,45.67567396,248.5090142,69.73297837,41.25819134,85.8365435
1/1/2019,131.6638106,156.8266011,90.4280162,133.0266641,81.792081,210.80121,167.2269044,42.30593262,78.14253303,127.000079,178.0317472,98.1832628,225.1797921,50.21161687,222.1342368,84.35133126,65.17176263,58.74411047
2/1/2019,118.8266068,160.6833481,112.392518,135.247952,137.7535494,184.7045849,163.1159734,78.82590681,75.30102306,44.80131083,76.17441854,133.6735642,194.4068844,73.35822528,193.5597875,69.18279372,63.11370697,73.32267934
3/1/2019,83.61293605,100.8294142,90.4417737,101.6090798,106.7716156,105.8320298,119.4836726,29.45143771,56.7236738,83.47990447,70.21276477,52.99261759,130.2167521,72.09280195,200.9252903,64.49911365,40.61809064,63.6941218
4/1/2019,113.7749528,112.6203031,93.03297134,113.6013336,102.2452908,128.5939775,126.3088775,45.71566451,89.94238123,53.92242633,80.35061157,35.49008174,145.5906844,54.59838067,165.5738966,71.33783502,87.46736563,84.04712921
5/1/2019,115.308839,136.3254006,109.1573076,136.1436221,101.1152519,171.8380019,188.7844462,59.70661836,108.8886608,100.851788,102.1389953,56.42220244,205.7623413,53.87553722,190.3293981,87.84254692,85.5236464,59.46797154
6/1/2019,110.557727,214.1247393,90.14576789,129.750289,90.99701739,108.7872911,187.1394536,51.70067122,128.4297463,63.19229518,101.8319305,33.96153865,133.2224858,35.75483792,186.8383707,78.24583547,111.5799908,81.22949738
7/1/2019,108.8741724,144.176786,137.0789786,111.0402328,88.83705293,122.8601145,166.0579639,27.84499565,67.87996527,51.48633702,90.68283753,32.03359104,105.3225843,43.18755094,141.6343708,56.84526509,39.60786368,64.09603784
8/1/2019,79.02554846,140.781618,169.5487021,136.2895215,156.3451881,180.1819781,252.0782353,50.00733913,78.77642991,77.23676599,102.7779345,45.83705866,125.9563623,86.96499287,228.5321284,71.19235827,74.78125917,90.38156358
9/1/2019,89.19883454,126.8781492,119.1927375,96.36927673,106.7278414,101.1227185,180.1031991,46.23745596,111.9808275,97.59171977,106.3215544,53.94669211,129.1455498,39.09586376,149.4315236,73.45291122,72.61441675,72.65812334
10/1/2019,208.282762,124.7774229,125.6129553,120.4531369,94.25133249,121.8574896,175.4801692,51.93640563,104.7251816,48.29554945,81.68798118,50.04858328,92.98750684,51.23457951,135.5693239,65.20486289,61.63503485,84.10624164
11/1/2019,170.743427,215.6915781,101.1009827,136.9921443,103.9346886,165.3426749,168.8255966,67.71827174,103.4354208,18.97270556,136.1142194,132.3733958,240.1674081,113.8050329,143.2016467,79.19673972,63.61262955,207.1561178
