,MSCI Emerging Markets Gross Index USD_NEGSKEW,MSCI China Gross Index USD_NEGSKEW,MSCI All Country Asia Pacific Ex Japan Gross Index USD_NEGSKEW,MSCI Emerging Markets Latin America Gross Index USD_NEGSKEW,MSCI Europe Gross Index USD_NEGSKEW,MSCI United States Gross Index USD_NEGSKEW,MSCI All Country World Gross Index USD_NEGSKEW,MSCI North America Gross Index USD_NEGSKEW,MSCI Canada Gross Index USD_NEGSKEW,MSCI All Country Pacific Gross Index USD_NEGSKEW,MSCI Europe & Middle East Gross Index USD_NEGSKEW,MSCI EAFE Gross Index USD_NEGSKEW,MSCI BRIC Gross Index USD_NEGSKEW,MSCI All Country Asia Pacific Gross Index USD_NEGSKEW,MSCI Europe Ex United Kingdom Gross Index USD_NEGSKEW,MSCI All Country World Ex USA Gross Index USD_NEGSKEW,MSCI Frontier Markets Gross Index USD_NEGSKEW,MSCI Emerging Markets Far East Gross Index USD_NEGSKEW,MSCI All Country Asia Ex Japan Gross Index USD_NEGSKEW,MSCI Japan Gross Index USD_NEGSKEW,MSCI Golden Dragon Gross Index USD_NEGSKEW,MSCI India Gross Index USD_NEGSKEW,MSCI World Gross Index USD.1_NEGSKEW,MSCI Emerging Markets Gross Index USD.1_NEGSKEW,MSCI All Country World Gross Index USD.1_NEGSKEW,MSCI Kokusai (World Ex Japan) Gross Index USD_NEGSKEW,MSCI Emerging Markets Asia Gross Index USD_NEGSKEW,MSCI Malaysia Gross Index USD_NEGSKEW,MSCI Emerging Markets Eastern Europe Gross Index USD_NEGSKEW,MSCI Pacific Gross Index USD_NEGSKEW,MSCI Indonesia Gross Index USD_NEGSKEW,MSCI Taiwan Gross Index USD_NEGSKEW,MSCI All Country Far East Ex Japan Gross Index USD_NEGSKEW,MSCI EAFE Gross Index USD.1_NEGSKEW,MSCI Korea Gross Index USD_NEGSKEW,MSCI Emerging Markets Latin America Gross Index USD.1_NEGSKEW,MSCI Thailand Gross Index USD_NEGSKEW,MSCI Australia Gross Index USD_NEGSKEW,MSCI United Kingdom Gross Index USD_NEGSKEW,MSCI All Country Asia Ex Japan Gross Index USD.1_NEGSKEW,MSCI Brazil Gross Index USD_NEGSKEW,MSCI South Africa Gross Index USD_NEGSKEW,MSCI Hong Kong Gross Index USD_NEGSKEW,MSCI Greece Gross Index USD_NEGSKEW,MSCI Philippines Gross Index USD_NEGSKEW,MSCI Russia Gross Index USD_NEGSKEW,MSCI Emerging Markets Asia Gross Index USD.1_NEGSKEW,MSCI Peru Gross Index USD_NEGSKEW,MSCI Nordic Countries Gross Index USD_NEGSKEW,MSCI United States Gross Index USD.1_NEGSKEW,MSCI Russia Gross Index USD.1_NEGSKEW,MSCI Poland Gross Index USD_NEGSKEW,MSCI New Zealand Gross Index USD_NEGSKEW,MSCI Germany Gross Index USD_NEGSKEW,MSCI Chile Gross Index USD_NEGSKEW,MSCI Singapore Gross Index USD_NEGSKEW,MSCI EMU Gross Index USD_NEGSKEW,MSCI Hungary Gross Index USD_NEGSKEW,MSCI Pacific Gross Index USD.1_NEGSKEW,MSCI Chile Gross Index USD.1_NEGSKEW,MSCI All Country ASEAN Gross Index USD_NEGSKEW,MSCI Zhong Hua Gross Index USD_NEGSKEW,MSCI Czech Republic Gross Index USD_NEGSKEW,MSCI Emerging Markets EMEA Gross Index USD_NEGSKEW,MSCI Emerging Markets Eastern Europe Gross Index USD.1_NEGSKEW,MSCI Emerging Markets Europe & Middle East Gross Index USD_NEGSKEW,MSCI All Country Asia Gross Index USD_NEGSKEW,MSCI Mexico Gross Index USD_NEGSKEW,MSCI All Country Pacific Ex Japan Gross Index USD_NEGSKEW,MSCI Spain Gross Index USD_NEGSKEW,MSCI United Arab Emirates Gross Index USD_NEGSKEW,MSCI Colombia Gross Index USD_NEGSKEW,MSCI Mexico Gross Index USD.1_NEGSKEW,MSCI Turkey Gross Index USD_NEGSKEW,MSCI Israel Gross Index USD_NEGSKEW,MSCI Kokusai (World Ex Japan) Gross Index USD.1_NEGSKEW,MSCI North America Gross Index USD.1_NEGSKEW,MSCI All Country Asia Pacific Gross Index USD.1_NEGSKEW,MSCI Peru Gross Index USD.1_NEGSKEW,MSCI Colombia Gross Index USD.1_NEGSKEW,MSCI Brazil Gross Index USD.1_NEGSKEW,MSCI Egypt Gross Index USD_NEGSKEW,MSCI Italy Gross Index USD_NEGSKEW,MSCI France Gross Index USD_NEGSKEW,MSCI Qatar Gross Index USD_NEGSKEW,MSCI Pakistan Gross Index USD_NEGSKEW,MSCI Emerging Markets EMEA Gross Index USD.1_NEGSKEW,MSCI Frontier Markets Gross Index USD.1_NEGSKEW,MSCI All Country Pacific Gross Index USD.1_NEGSKEW,MSCI BRIC Gross Index USD.1_NEGSKEW,MSCI United Kingdom Gross Index USD.1_NEGSKEW,MSCI Emerging Frontier Markets Gross Index USD_NEGSKEW,MSCI Egypt Gross Index USD.1_NEGSKEW,MSCI Emerging Markets Europe Gross Index USD_NEGSKEW,MSCI Emerging Markets Far East Gross Index USD.1_NEGSKEW,MSCI Far East Gross Index USD_NEGSKEW,MSCI GCC Countries Ex Saudi Arabia Gross Index USD_NEGSKEW,MSCI Golden Dragon Gross Index USD.1_NEGSKEW,MSCI All Country Americas Gross Index USD_NEGSKEW,MSCI All Country Europe Gross Index USD_NEGSKEW,MSCI All Country Europe & Middle East Gross Index USD_NEGSKEW,MSCI Argentina Gross Index USD_NEGSKEW,MSCI South Africa Gross Index USD.1_NEGSKEW,MSCI All Country ASEAN Gross Index USD.1_NEGSKEW,MSCI All Country Far East Gross Index USD_NEGSKEW,MSCI Zhong Hua Gross Index USD.1_NEGSKEW,MSCI EAFE + Emerging Market Gross Index USD_NEGSKEW,MSCI Israel Gross Index USD.1_NEGSKEW,MSCI Poland Gross Index USD.1_NEGSKEW,MSCI Ireland Gross Index USD_NEGSKEW,MSCI Sweden Gross Index USD_NEGSKEW,MSCI Belgium Gross Index USD_NEGSKEW,MSCI Emerging Frontier Markets Africa Ex South Africa Gross Index USD_NEGSKEW,MSCI Euro Gross Index USD_NEGSKEW,MSCI Switzerland Gross Index USD_NEGSKEW,MSCI Portugal Gross Index USD_NEGSKEW,MSCI Norway Gross Index USD_NEGSKEW,MSCI Austria Gross Index USD_NEGSKEW,MSCI Emerging Markets Europe & Middle East Gross Index USD.1_NEGSKEW,MSCI Netherlands Gross Index USD_NEGSKEW,MSCI Finland Gross Index USD_NEGSKEW,MSCI Denmark Gross Index USD_NEGSKEW,MSCI Morocco Gross Index USD_NEGSKEW,MSCI Germany Gross Return Index in USD Currency_NEGSKEW,MSCI GCC Countries Combined Gross Index USD End of Day_NEGSKEW,MSCI Kuwait Gross Index USD_NEGSKEW,MSCI All Country Asia Gross Index USD.1_NEGSKEW,MSCI SRI Lanka Gross Index USD_NEGSKEW,MSCI All Country Far East Gross Index USD.1_NEGSKEW,MSCI Arabian Markets Ex Saudi Arabia Gross Index USD_NEGSKEW,MSCI Romania Gross Index USD_NEGSKEW,MSCI All Country Americas Gross Index USD.1_NEGSKEW,MSCI GCC Countries Ex Saudi Arabia Gross Index USD.1_NEGSKEW,MSCI Jordan Gross Index USD_NEGSKEW,MSCI Vietnam Gross Index USD_NEGSKEW,MSCI Vietnam Gross Index USD_Adjusted_NEGSKEW,MSCI All Country Europe Gross Index USD.1_NEGSKEW,MSCI Emerging Markets Europe Gross Index USD.1_NEGSKEW,MSCI Bulgaria Gross Index USD_NEGSKEW,MSCI Emerging Frontier Markets Europe + CIS Ex Russia Gross Index USD_NEGSKEW,MSCI All Country World Ex USA Gross Index USD.1_NEGSKEW,MSCI All Country Far East Ex Japan Gross Index USD.1_NEGSKEW,MSCI Europe & Middle East Gross Index USD.1_NEGSKEW,MSCI Germany Gross Index USD.1_NEGSKEW,MSCI EAFE Ex Israel Gross Index USD_NEGSKEW,MSCI Hungary Gross Index USD.1_NEGSKEW,MSCI Morocco Gross Index USD.1_NEGSKEW,MSCI Philippines Gross Index USD.1_NEGSKEW,MSCI Thailand Gross Index USD.1_NEGSKEW,MSCI World Ex Israel Gross Index USD_NEGSKEW,MSCI Czech Republic Gross Index USD.1_NEGSKEW,MSCI Select OECD Countries Gross Index USD_NEGSKEW,MSCI EU Gross Index USD_NEGSKEW,MSCI Frontier Markets Ex GCC Gross Index USD_NEGSKEW,MSCI Ukraine Gross Index USD_NEGSKEW,MSCI All Country World Ex Korea Gross Index USD_NEGSKEW,MSCI Mauritius Gross Index USD_NEGSKEW,MSCI Croatia Gross Index USD_NEGSKEW,MSCI All Country Frontier Markets Europe + CIS Gross Index USD_NEGSKEW,MSCI Serbia Gross Index USD_NEGSKEW,MSCI Ghana Gross Index USD_NEGSKEW,MSCI Trinidad And Tobago Gross Index USD_NEGSKEW,MSCI Pan-Europe Gross Index USD_NEGSKEW,MSCI Frontier Markets EMEA Gross Index USD_NEGSKEW,MSCI Slovenia Gross Index USD_NEGSKEW,MSCI Emerging Frontier Markets Central & East Europe + CIS Gross Index USD_NEGSKEW,MSCI Kenya Gross Index USD_NEGSKEW,MSCI Estonia Gross Index USD_NEGSKEW,MSCI Emerging Frontier Markets Asia Gross Index USD_NEGSKEW,MSCI Domestic Arabian Markets Ex Saudi Arabia Gross Index USD_NEGSKEW,MSCI Arabian Markets Combined Gross Index USD End of Day_NEGSKEW,MSCI All Country World Frontier Markets Ex United States Gross Index USD_NEGSKEW,MSCI Bahrain Gross Index USD_NEGSKEW,MSCI All Country Frontier Markets Asia Gross Index USD_NEGSKEW,MSCI Botswana Gross Index USD_NEGSKEW,MSCI Frontier Markets Africa Gross Index USD_NEGSKEW,MSCI Nigeria Gross Index USD_NEGSKEW,MSCI Lithuania Gross Index USD_NEGSKEW,MSCI EAFE Ex Israel Gross Index USD.1_NEGSKEW,MSCI All Country World Frontier Markets Ex Japan Gross Index USD_NEGSKEW,MSCI World Ex Israel Gross Index USD.1_NEGSKEW,MSCI Far East Gross Index USD.1_NEGSKEW,MSCI Emerging Frontier Markets EMEA Gross Index USD_NEGSKEW,MSCI Domestic Arabian Markets Gross Index USD_NEGSKEW,MSCI G7 Gross Index USD_NEGSKEW,MSCI Jordan + Egypt + Morocco Gross Index USD_NEGSKEW,MSCI Tunisia Gross Index USD_NEGSKEW,MSCI EAFE + Emerging Market Gross Index USD.1_NEGSKEW,MSCI Oman Gross Index USD_NEGSKEW,MSCI Zimbabwe Gross Index USD_NEGSKEW,MSCI Kazakhstan Gross Index USD_NEGSKEW,MSCI Emerging Frontier Markets Gross Index USD.1_NEGSKEW,MSCI Bangladesh Gross Index USD_NEGSKEW,MSCI Bosnia And Herzegovina Gross Index USD_NEGSKEW,MSCI Jamaica Gross Index USD_NEGSKEW,MSCI All Country Europe & Middle East Gross Index USD.1_NEGSKEW,MSCI All Country World Frontier Markets Gross Index USD_NEGSKEW,MSCI Frontier Markets Central & Eastern Europe + CIS Gross Index USD_NEGSKEW,MSCI Emerging Frontier Markets Far East Gross Index USD_NEGSKEW,MSCI Emerging Frontier Markets Europe + CIS Gross Index USD_NEGSKEW,MSCI Emerging Frontier Markets Central and Eastern Europe + CIS Ex Russia Gross Index USD_NEGSKEW,MSCI Domestic GCC Countries Gross Index USD_NEGSKEW,MSCI Arabian Markets & Africa Ex Saudi Arabia Gross Index USD_NEGSKEW,MSCI Arabian Markets & Africa Combined Gross Index USD End of Day_NEGSKEW,MSCI Emerging Frontier Markets Africa Gross Index USD_NEGSKEW,MSCI Lebanon Gross Index USD_NEGSKEW,MSCI Domestic GCC Countries Ex Saudi Arabia Gross Index USD_NEGSKEW,MSCI EUROPE & MIDDLE EAST Gross Return Index in USD_NEGSKEW
12/1/2000,0.6449513559395311,0.6043284410602654,0.46512603608079056,-0.0393749457540179,-0.48459919361746656,0.4954883761047524,0.5067983262238474,0.5476322523168478,1.0939739740463439,-0.16388620510423815,,-0.5036721930835639,,-0.10252193506828554,-0.5457726805756464,-0.2968910872768343,,0.07264718461009939,0.31095925587550366,-0.27575667906645307,-0.3613134514594023,0.8721532148689263,,1.7917346950920352,0.4246630351215534,0.3978258824096133,0.4853304252863346,-0.19710749706171934,0.01815764405817581,-0.26986209965944113,,-0.6018216372747617,0.1715727872138124,0.6398572925373809,0.15154593712225076,1.173825067343154,-0.3964360555307069,-0.0637186420575678,0.9232293657205324,2.336803404529853,-0.04386685415650166,0.7762922762970964,-0.5354150403026109,-0.7756443790634101,1.0438553656222633,0.09164514127821367,2.2761403143963705,0.4983097536590261,0.1198345351380126,,0.8160631585389041,-0.6912021963677794,0.21977270990073,-0.41434506379868286,0.35189192713331374,-0.9802998784486,-0.47549120069648776,-0.25430685497426486,0.8977524386378873,,4.14464025224975,-0.20381266188630334,-0.6323505989079752,,,,,,0.27372877383436905,-0.6231487802309628,,1.485583641995475,-0.3940777464879712,-0.36778271491158177,-0.707862530124436,,,,,,,0.39114097154246263,-1.0255940096412979,-0.685881704439411,,0.20032843497999753,,,,,,,,,,,,,,,,,,,,,,,,-0.5928064714817389,0.395963914628972,-1.0567069137719758,,-0.5280512183888044,-0.7672164321743985,-0.053212766240596045,0.2619346728987377,-0.9203002623214324,-1.1504711053825838,0.0688376054873138,-1.606514693092288,-1.4765544233423016,,,,,-0.091074581536255,0.21418468144101546,-0.15412471492671148,,,0.5959833021382482,,0.472382006664735,,,-0.4185004790642322,-0.6277122977257252,,,0.7728061292785601,2.547300601926149,,,,,,,,,,,-0.25042812749438653,,,,,,,,,,-0.4477099264937515,,,,,,,,,,,,,,,,,,,-0.28888160817329883,,,0.5361048178521846,,,-0.36731081641197294,,,,,,,,-0.4034821800908332,,,,,,,,,,,,
12/1/2001,0.26523023852071625,-0.004816595677209313,-0.7314258944818188,0.9546751859909457,5.460070767227143,-0.3572227202059387,5.562451442819496,-0.12482260958151754,1.5560326902729298,-0.4223430137871698,,6.484900423243412,,-0.424644806910194,5.568961890039957,0.6781739255618184,,-0.7054994196772049,-0.4720170936441441,-0.4318833723215021,-0.4488729175724369,1.3321454750358332,,0.09066206994987888,-1.8721265613127689,0.5344172815641653,-0.6805834968835194,1.0232070804510556,-0.12490784221710131,-0.4112738610254745,,-0.7598608125473449,-0.5327935582632569,0.08166743937915935,-1.2209992935109015,1.3972324530675904,-0.43659401150145377,-1.07065632437392,3.6749986698679096,-0.5547799455288753,1.0999496912869202,0.8238957679938348,-0.1124488619132118,1.4007172449520366,0.552691411343543,-0.16565876065239843,-0.7286440447343754,0.37666748858296195,4.0408088116280805,,-0.4024520657187862,-0.9057515977041577,-0.5977184931382867,5.062400456097794,0.9775533930026924,-0.5267333994145859,5.421273860233146,-0.3690993155512857,-0.38698657317398105,,0.08592597202200683,-0.11756008514590323,-0.281505484165176,,,,,,-0.8053706775125095,2.0085808571553656,,-0.9182877813801162,0.3484275739505759,1.2817934182861588,0.26895228764690987,,,,,,,0.3931073651339241,4.827024803959626,5.295726555636373,,0.31301444402413664,0.06366364535469256,,,,,,,,,,,,,,,,,,,,,,,-0.07986164219738463,3.5713423191592,0.7413352282098461,,5.4813931583173225,4.4517750066742146,3.6366952402657735,-0.1302020695294049,0.6748273790376316,4.485998261442905,1.4091066332474869,4.01244134658922,0.49994511204002234,,,,,-0.34301102041079246,-2.4795865879886354,-0.33889596394299554,,,1.068258434210512,,-1.5652877806977186,,,0.5177545449149776,0.4588072738751489,,,0.5866350713859805,0.6987975221228531,,,,,,,,,,,0.4779592284551094,,,,,,,,,,5.513270964756698,,,,,,,,,,,,,,,,,,,-0.31963515563605793,,,0.29484636290096267,,,0.40487456535643024,,,,,,,,0.5557188791488522,,,,,,,,,,,,
12/1/2002,0.7790908666002463,0.931747065392992,1.0054042036663688,0.3183708839369955,-1.8000860907200265,0.598542822504582,5.253428622197845,0.8017133098789826,0.9198667759241627,0.6493323031243703,,-0.8106364502339183,,0.6538664758081943,-1.562158839023184,-0.04939778538072778,,0.41445322153953745,0.6623475189779683,0.3483254978660387,0.4022426196485078,0.5336280027715798,,0.705540581654138,-0.5032286693554052,-0.5875287149738923,0.45279922923342053,0.03474535812226501,0.22370274827093387,0.6238034563726139,,-0.36015469307137377,0.6241578020117711,-0.9128646037627566,0.3167460720424734,1.4315728045972749,-0.06575758886154136,0.8902866599159736,-1.4870304990744254,0.5461890700061953,0.10145988140197407,-0.16927440415495557,0.8741133253004002,0.4455278976682642,0.5930069751379232,0.30254328463733066,0.3504603688467999,0.41079514875849954,1.066837987390237,,0.1569932074068994,0.18074529385571006,0.541510034475991,0.09272564460817272,0.04259483681500526,0.28310114553105703,-1.1125077731648996,-0.31355104063725797,0.629451907410915,,0.20240208703363113,1.0064012381095,-0.6382584066706182,,,,,,1.0013804417306456,-0.780840332429165,,0.024236395600930844,0.24493074245562027,-0.19355497014729192,0.9896670479564982,,,,,,,-0.7042351706723197,-0.7543016782258304,-0.8702902639520161,,-1.1385108439594678,0.1615766013920683,,,,,,,,,,,,,,,,,,,,,,,0.585374800662795,1.0323111601745534,0.17607114464838658,,-1.2289522926494831,-1.6013059016542703,0.05039594457235153,0.12484093169486858,0.16308529593934967,-0.8938843020480784,0.4682528985481193,0.26105011072679846,-0.25909485120930786,,,,,0.4784533935817178,-0.06414075893471032,0.47245202808258957,,,0.8735811290247618,,1.004024070753905,,,-1.6906340687771992,0.07190284247278875,,,-0.2533684579656168,-1.3410339607938746,,,,,,,,,,,-1.8559098895827573,,,,,,,,,,-1.9445255466289935,,,0.7452461692624439,,,,,,,,,,,,,,,,0.4346199789505224,,,0.506913866925975,,,-0.21041558838460733,,,,,,,,-1.7073134591044936,,,,,,,,,,,,
12/1/2003,0.2920380651379158,-0.23033213210075612,0.36729081296924954,0.022989813774115606,-0.200987909283773,-0.18683060582582373,-0.08103153050676182,-0.3573113972292726,0.28912221266595534,-0.17718719233775146,,0.33902659884785313,-2.463067961734179,-0.17634936686432312,-0.3397651498354714,0.15391350059900263,,0.967572173509843,0.5629939856580212,-0.334571919314133,0.10674510925680052,-0.11090893929439129,,0.2369055882338987,-0.3069885548034632,0.34628273231929263,0.8865741045991649,-1.401689899273232,0.5671311393677047,-0.18693136599605503,,0.8523527351301083,0.652321433469841,0.4664387790698942,0.7650115904291721,-3.9181337698299594,-0.5078394873297433,0.6915388280114876,-0.1414255879275775,0.49130609946180115,-0.33113399894908396,0.10271215255538253,-0.6038850553662639,-0.25557070106172486,-0.02376480987346922,0.776603876500164,0.792551589313665,-1.007255776604571,0.2738083456632111,,0.7575418095171077,0.31704815963186467,0.4495743861688143,-0.543605833850358,-0.8126263501873215,0.1525731141596959,-0.3342172388263829,1.2352226690616372,-0.1828198612807316,,-0.15135120382225725,-0.5263574798183037,-0.33200285038907834,,,,,,0.4442939382792123,-0.6150731804811146,,0.1385247280718832,0.4881208852309254,-0.6185956253241084,-1.269848615657137,,,,,,,0.9380142675824951,0.673982456622735,-0.49935887798346423,,0.44216679967510464,0.46666999902713174,,,,,,,,,,,,,,,,,,,,,,,0.6383602541186659,-0.587452766403671,-0.36887054134548203,,-0.3526462075599974,-0.05942786864889556,-0.2535460025231969,0.47099564680368955,0.38222087691496776,0.884737034041458,0.8150631838194435,-0.2628978903039721,-0.3770565239199322,,,,,-0.24969839641337674,0.07840018929822316,-0.25605739781379316,,,0.008473552391993983,,-0.044568149780911705,,,0.05475602162315967,0.496482729433205,,,0.32064107552216514,-1.5635143186893539,,,,,,,,,,,0.09582274164128315,,,,,,,,,,-0.31120092686804257,,,0.5263406779958625,,,,,,,,,,,,,,,,-0.30684591541706097,,,-0.4715630747149895,,,0.26713621548852046,,,,,,,,0.05958054267120764,,,,,,,,,,,,
12/1/2004,0.05572670194015377,-0.4795824754806665,-0.5055087074521866,-0.19572134572313868,-0.2499727188675723,0.7974188531875541,-0.11339395741141348,0.782246380784013,0.4271135620787714,-0.8100123381480948,,-0.8194213997613806,-0.058667117907184936,-0.8708810908774615,-0.4102478945990389,-0.8189689512129392,,-0.23642450978112728,-0.8265664932763782,-0.8596071943754324,-1.020180568604896,0.6190507673341866,,0.08430483598201952,0.5083345051096316,0.886991934581564,-0.41470565297258666,-0.5930852404764974,0.8981613403850476,-0.7540642667843237,,0.057704584502409395,-0.7079913911797862,-0.7020485990759676,0.23853167323792768,-0.8747175108692654,-0.36494069608695223,-0.1776940884911331,-0.1279853189421777,-0.8460211002646904,-0.10087032952035375,0.2525055995178593,-0.6304824943762997,-0.27595773102641746,-0.6531478577208155,1.2034492104245527,-0.4316517412575844,0.9721264615067671,-0.7623285759105088,,1.166171116916807,-0.1479928996517844,0.20498034156041364,0.24965156323228826,-0.08430532929921591,-0.4857333801946565,-0.47902209487141817,-0.7334632457135618,-0.736460624792649,,-0.4697266628174375,-0.5261904767885173,-0.8665073987508511,,,,,,-0.42173201412932515,-0.41091639989646667,,-0.7458803906453654,-0.6067207878628939,-0.6389903739410532,0.5275393030527619,,,,,,,-0.9165379210429648,-0.6456667216313993,-0.32156069318414304,,1.1205018999671017,0.1306656470494425,,,,,,,,,,,,,,,,,,,,,,,-0.07767794412919835,-1.2369531648911933,-1.3350304033845517,,-0.4364740022178114,-0.4773974469446558,-0.4880585800326788,-0.15169249901799745,0.5912196198493397,-0.39757143882035234,0.7791279519340161,-0.7817108584606852,0.44396232223059134,,,,,-1.0669974590036702,-0.3377637564943168,-0.9976357914046418,,,0.7359374437408214,,-0.6111328109686165,,,-0.2657008015893072,0.44515285919028963,,,-0.7105078073748982,-1.9048065108368508,,,,,,,,,,,-0.26181340480591964,,,,,,,,,,-0.19945838033749022,,,0.8200887888391012,,,,,,,,,,,,,,,,-0.9703727031744459,,,0.8864667182842919,,-0.7256066163637528,-0.8536300580346021,,,,,,,,-0.2753574763706006,,,,,,,,,,,,
12/1/2005,0.2859327289468521,0.9259636349449331,0.3609058744094528,-0.14691939786925426,-0.7003393443532934,1.2647263310799137,0.07430380455656421,1.149644793607451,-0.05772700386766598,-1.0417786705034753,,-1.1718239884161528,0.08933248982922617,-1.0306931127585852,-0.9308597733173142,-1.1311698361083222,,0.13996229647648029,0.26016339455958315,-1.4279809203769698,0.5086555718703244,-0.08165009623495023,,0.24583251458162117,0.2081785291167527,1.4222360178589617,0.10826016307499489,0.5150240804149633,0.31992319693462673,-1.1938522785352588,,-0.21405186138017893,0.3014062789436787,-1.2609498528353642,-0.4171766368649375,-2.5020629305700024,-0.053564475046969935,0.426827353797621,-0.03849107434185844,0.16158826298503462,-0.1830820999946645,0.3629481444963083,0.5332681989009709,-0.5222559451667855,-0.05240142552896672,0.07091391825137666,0.019283436588124356,0.857310906723222,0.1017616619661548,,0.03853110907607382,-0.43890922502324387,0.9072388752492972,-1.0532653364699616,-0.41869310942988197,-0.471709754150511,-0.7259246148225342,0.6066890465431617,-1.1926751811960816,,-0.596106090960754,0.8906684041179888,-0.040390001927485646,,,,,,0.4079162394284915,0.4442699848835476,-0.2073128184069249,-0.6403410184371514,0.22866134974535593,0.4125254011549454,-0.588317448924372,,,,,,,-0.36533308187234625,-0.3166153324258276,-0.3223736236617541,0.3739085212159854,0.6429949649721828,0.21973260608418158,,,,,,,,,,,,,,,,,,,,,,,-0.47195778715003683,0.11472926756975235,-0.9166788454665238,,-0.7112459486209408,-0.38994642950924613,-0.5223283329106235,-0.0466391288243444,0.4136005779774127,-0.9799759288061347,0.6197519476306139,0.14281845957444983,-0.01925335499715208,,,-0.9753072813821895,-0.2257025455162906,-1.1658171922720384,0.5081814408849674,-1.170498751730427,-0.6405632812900486,,1.137785535467762,-0.8012476977179208,-0.48027788527791393,,,-0.6661676759563138,0.4112250021080609,,,-1.1917288911587713,-1.8841567200455276,,,,,,,,,,,-0.44209914364087205,,,,,,,,,,-0.7392933412397193,,,0.21926977298060576,,,,,-0.9320917447698283,,0.44379611847129585,,,,,,,,,-1.2793619439143362,,,0.5620524456564795,-1.1785856090476836,-3.010651404136466,-1.0813532242058754,2.0541516522436813,,,,,,,-0.6891947554518173,,,,,,,,,,,,
12/1/2006,0.13114728162867098,-0.5739099989719054,-0.6028962973342694,-0.009890129752344061,-0.6931132800724307,-0.41600084788663394,-0.11874529943439664,-0.40677867506379456,0.19751773631457864,0.22335594902676778,,0.2916010316999516,-0.27179919796630964,0.19775152102503482,-0.5315651417469746,0.32676522631689153,,-0.2668423129024554,-0.4645847025413747,0.1524110036617663,-0.836785472273384,-0.14942265009855818,,0.17002570317479263,0.28376540790135035,-0.12910441402852296,-0.38676836294335354,-1.1038266887431893,0.2540932233596186,0.06853933294417588,,-0.15636022699316726,-0.4005240008694567,0.40662691174034143,0.14434878800764675,-0.8046092177981296,0.6903149548941193,-0.41436203298748886,0.04139411646827875,-0.4485814474142098,0.15922043446499884,-0.39697543209532765,-0.17940645720413528,-0.3920032318747763,-0.8699768330011675,-0.46242827091820354,-0.34985160697713236,-0.0923310529256885,-0.41125980220138025,,-0.4679109514747919,-0.007381248117760899,0.16890358729718113,-0.47343489748443734,-0.707693155404592,-0.8261743980527425,-0.7247819046816331,0.40983546897870843,0.12424048330788988,,-0.5491835381937095,-0.5672548780993424,0.3607182113350077,,,,,,-0.5778351337958529,-1.0181950494547345,0.8873942540135874,-0.15575524158023826,-0.7560820946655927,0.25591639981164316,1.4449514637712764,,,,,,,-1.5233083553419005,-0.30785913998123116,-0.459163906940642,-0.21325322221908052,0.5167072746743845,0.14410138437477324,,,,,,,,,,,,,,,,,,,,,,,-0.2862772680725547,-1.2372661870613688,-0.681288048024975,,-0.6519823323326388,-0.09497680747206953,-1.4873526585731707,1.3124028138017811,0.39764504048684934,-0.7184681819135398,-0.3799684304550195,-0.3814317920648001,-0.13065968747978685,,,0.6979232320261683,-2.8667870859096585,0.3111823550420451,-1.0713352661842706,0.34237711035774604,0.00876979998758547,,-0.43314364789955007,1.130472315912314,0.24768028885009355,,,-0.6305352932681201,0.25739202323509947,,,0.3824120106163029,-1.6890691747110367,,,,,,,,,,,-0.7781293192052704,,,,,,,,,,-0.6961966169415434,,,0.16992116014255212,,,,,0.4577367991611373,,-1.8025749453363866,,,,,,,,,0.17538312976261106,,,0.36179610360320613,-2.9454149780154477,-0.22643436716573587,0.3250065811325767,-4.185290455646889,,,,,,,-0.6239012743517178,,,,,,,,,,,,
12/1/2007,1.284963796908667,0.0941914400370172,2.0936595433139766,-0.36942702918271586,-0.8124554958024347,-0.32653118574338524,0.9621708693840563,-0.3282688302697837,-0.2631192788120501,2.1630632878649614,,0.2814159906354752,0.3354519038674805,2.189278442216393,-0.779146421961264,0.8207848184017357,,2.0610204345579954,1.693364382838454,0.7137499640132855,0.7406234337006172,-0.1394893938295242,,1.2013920105979425,0.5800955039037592,-0.6706927031252287,1.9236278545328132,0.5194083519214525,0.5750954753928604,1.5493583486314573,,0.8979200720075093,1.7924062974335462,0.33883176167480245,1.8035611001133902,-2.3846539517307375,0.15556422758321967,1.8942046511947712,-0.4162202347288642,1.5979608961705287,-0.3106966885064055,-0.008412158452837796,-0.07486987205359912,-0.6066338193267262,0.48075733440038093,0.9364215785387858,1.7982805743877368,-0.678879717459991,0.286877092399596,,0.9174030399840227,-0.13327237074354029,1.9990345276076047,-1.0838979667880795,0.06051938685533057,0.47132011870116247,-0.9150040442668526,0.4788685692008844,1.5941436003484237,,1.1707787029107999,0.22514757922813053,-0.5410361024460175,,,,,,2.172570545649911,-0.7158696512683496,-0.7569199094760372,0.24832341178501344,-0.7192488243597857,0.19591316275136778,-0.606241960295498,,,,,,,-0.49716506857178333,0.11250002191177079,-0.420389884992844,-0.7351776194682188,-0.2801564799788875,0.0021293421234653627,,,,,,,,,,,,,,,,,,,,,,,0.5194736616992086,1.3572689651981145,0.45721174401237213,,-1.060519723347309,0.19989992640443408,-0.6767813371371108,-0.04367725568280905,0.26811916925857143,-0.45751374797666106,-0.7228827272046692,-0.055819721130984504,0.8183704199942728,,,-1.6270415115032817,-0.6594356196781939,1.84036883196149,-0.023329655969069163,1.8017561497412529,-0.9010330594967265,,-0.4768066916595095,-0.8329059689851976,-1.6627647441821503,,,-0.7814307654606769,0.3962301321078076,,,0.7986602303362139,-1.0964235115655154,,,,,,,,,,,-0.7484578060803146,,,,,,,,,,-1.0430672086317554,,,0.45170765038386457,,,,,-1.5851985743669093,,-1.412142376906868,,,,,,,,,0.9530475021928461,,,-0.09198967439570775,-0.9287563169675205,0.3683235576132689,0.843774499075838,-1.7207945654883061,,,,,,,-0.7921858376903574,,,,,,,,,,,,
12/1/2008,-0.2570718424242445,-0.6109677899172563,0.4609354591420143,0.25355932744827714,0.1904824375283437,-0.46429747116028475,-0.3982711774336279,-0.30697330696045183,0.7205031649175023,0.7820046877624942,,0.5089761086276052,0.5776555561308838,0.7290988257101234,-0.04431868182036902,0.8783598651712407,0.9746233273688708,-0.01860589431790523,0.04175117943950357,0.3025488198248986,-0.13084179025578843,0.6082633541282364,,-0.3784918684552878,-1.117890992315427,-0.33771473021898507,0.0395462210317677,0.026676319765790754,-1.302985976955781,0.746837518436243,,0.6900995715218363,-0.003915268730557283,0.4899071257375089,0.11716299225848578,4.06104770912686,0.5600116752309443,1.19579694956531,0.7859070743860261,-0.04306721634451258,0.2123272729074469,-0.180807070688458,-0.2742366045015171,1.0830281405852393,-0.1197979815251993,-1.0674617353460811,-0.044704527013226816,0.08797323540231013,-0.13454333322255901,,-1.1311952964114693,-0.2616834655168988,0.9700672871842875,0.3862560062653115,0.2968732780450986,0.4014568028539284,0.1997880130559438,-0.504532515142471,0.8151528787029962,,0.3808307181435405,-0.5776171127120995,-1.6288413064699616,,,,,,0.4753855174818104,-0.05146364236397232,1.436762667252041,-0.38813653740137954,0.37166542356446225,-0.0045506407110108395,-0.4830443760929831,,,,,,,0.26369156894745704,0.8041441147087693,0.33973105561858774,0.44026232222281725,1.5587073484033522,-0.654576689048421,,,,,,,,,,,,,,,,,,,,,,,-0.5222850736142254,-0.45348674117701904,2.899058670490708,1.119137994459959,0.3384690586850527,-0.5772482369768068,0.41722724001286654,0.8578817838825776,0.059163929380754175,0.35251316415315703,0.29788166721989784,1.0923302303338154,0.5587436017501687,,,0.9405523957281317,-0.5859949948216308,0.5213370229616014,2.030258278876905,0.5844916060132779,0.3825543631201236,0.4620063116434488,-0.24290506497348704,0.24517675457634214,0.5821897138553987,-0.2665856061622538,-0.17333473429496224,0.3405039390628143,-1.1261908210212357,1.3612496411773163,-0.4790416701684825,0.6963795695608327,3.5529146675396825,,,,,,,,,,,0.3474381113671427,1.416134702889756,,,,1.0822820740079515,1.1778279338697746,,,,0.2518424369547457,1.0730660518612558,1.47283839726302,-1.1545521254796622,-0.30239790462545074,,0.2850124847256204,,1.2223877815236759,1.4989367082514171,0.5960842782106761,0.617499579231417,,0.7862052984596797,0.7119092591893601,,,0.018283852216006327,,0.4645480766737576,-0.19502148615798087,,0.2692440163441565,-0.006235001723612672,1.104454919434823,0.7237511193585692,0.5514391867403856,,-0.8039966714076162,0.07246467594693373,,,,0.33650511268242633,-0.20435460175106188,0.8788805672760799,0.17047258599162535,-0.9120726904973399,-1.4259490475128849,,,,0.04150110561918586,-0.7519036309989695,,
12/1/2009,-1.1272590401534788,0.4596468300914135,-0.4475497425380446,-1.2184397844337962,-0.1167935841318968,0.25194970931702537,-1.0728681778514146,-0.2885634000680137,-1.4713254139997278,-0.07328744349248491,,0.2497951746922272,-1.0727327698236186,-0.1786305942066375,0.06537971797063673,-0.3169602406973064,1.1840235649270197,-0.5415964346384919,-0.550305494266257,-0.013826398930567153,0.056222547747234786,-0.8603845091112844,,-1.0514035048365138,-0.6054822483070651,-0.11614059928773995,-0.622663887960968,-0.1946838913873826,-0.35475076602831207,-0.1222846348602859,,-0.7376391820135536,-0.4258217589961302,0.2488391186718387,-0.561719896414467,-3.0932440457509434,-0.018906364119126187,-0.07097572940104047,-0.6046644450140507,-0.5748450529414317,-0.975440691113306,-0.5665155380067947,-0.20570377696943237,0.17410605557407122,-0.09434335245163795,-0.672607317065903,-0.644525909162252,-0.7945900306610126,-0.7002736025953987,,-0.6208840678325424,0.007572586467007989,-0.46191120233875,0.2740410870016553,-0.7857702905110765,-0.8330418683931202,-0.14027337719065688,0.34875082868926427,-0.1640045667466803,,-0.5130564442580806,0.2696029109546427,0.42467874663931,,,,,,-0.28460482322130987,-0.09775303860820288,0.637125124405604,-0.2555833309641534,-0.6081700257420175,-0.6659169038603252,-0.9522290926211656,,,,,,,0.013023710131416564,0.9169751262527407,0.11515572687236611,0.6845644286522418,0.05742973341038134,-0.4899555280471355,,,,,,,,,,,,,,,,,,,,,,,-0.671450724959415,-0.9362582790710126,-0.3421616746768558,0.8839897064681193,-0.023265473625119028,1.3951490067464316,0.7919070185223896,-0.4801984001688808,-0.45858334301556164,0.9077689936785558,1.498327903351275,0.34326516049503625,0.3115727965306488,,,0.8755193210498585,0.3138056446373566,-0.21771357910289066,-1.9622616154753971,-0.09762725849265329,0.23097919147697094,2.666518180732462,-0.44918276229553405,0.33278306818415515,-0.0822284808706828,-0.11923128825585984,-0.13620367407844314,-0.1895310525319283,-0.300818028773902,-0.3225279407898915,0.08275220749858386,-0.3750195151312801,-2.5397990812810547,,,,,,,,,,,-0.2852304753870302,-0.3470005130663531,,,,-0.9290154268869762,-0.19543584143471887,,,,0.011219516578095024,1.2044482523585558,-0.32886051201566013,-0.35750277393918267,-0.741701338519424,,-0.7333692557169147,,0.8444687802231062,-0.4590591082084818,3.4621655774272093,-0.23262004389403887,,0.36819070519919145,0.21809839979855003,,,-0.7892741176546307,,-0.0379651935932702,-0.5515513293560779,,0.1695978081382293,-0.060415559552882844,-0.6144046597048985,0.02633812188572064,-1.2640837512023584,,-0.3915445658641291,-1.1604475179256755,,,,-0.19232102781735316,-1.0315841417602152,-0.7149693771389312,-0.6644451919889489,-0.3878053323387491,0.54114194479663,,,,-0.6233786604520719,-2.2778949377637008,,
12/1/2010,-0.1619676610082387,0.41082783934846506,-0.17773829767349214,0.18725291002538433,1.100603917771007,-0.4645883905721596,-0.3567768774951116,-1.175895632293725,-0.6114067220845658,-0.07439252492974877,-0.4048109207493911,0.5623184759594163,0.2616599918198337,-0.0286157251128055,0.8973142695883459,0.5168746414299609,-0.7447713525073567,-0.11398991987563101,-0.05607841554892728,-0.5242567908720398,0.19298472537514474,0.5842771324155341,-0.7508663491897222,-0.31867509303446573,0.10147270141174271,-1.9252905945141214,-0.05236495916601143,0.08512964434395882,0.15521854219284453,-0.3062442411850023,,-0.0014621925695473194,-0.11331285215478026,0.663439771424944,-0.18675786037210246,-1.1063207516722795,-1.0878467694815865,0.07052601716457862,0.5266061329525047,-0.17960845542775444,0.4972582067216374,-0.2684182924886293,-0.07887179878171703,0.3788463384695591,-0.9404536962620157,-0.207612083758698,-0.18222851054862207,-0.5016475445180907,-0.3037987230307795,-0.6895971901702277,-0.2809469644254298,0.9564182328018312,0.14837484826699962,-0.14236793146339768,-0.13003002822509746,-0.20313353593601627,0.6664678538848645,1.1018512222055425,-0.24534024863580828,,-0.31705455630228185,0.3851653348479137,1.0089996499015885,,,,,,-0.29370099157235946,0.6962347786006556,-0.16528726588630235,0.5896286291496009,-0.03125706259131608,1.0979319999877024,-0.1445396249480859,,,,,,,-0.3156065818908681,0.9976631864408495,1.0164231065656149,-1.0011401834141964,-0.4876567801234631,-0.22429169377247327,,,,,,,,,,,,,,,,,,,,,,,1.2972030271281811,0.34313003259351005,0.3613468897732184,-0.9567275590814377,0.6721481733768708,0.5634803329701157,0.9760874003635956,1.3272203349344898,-0.2197511440773523,0.9322396017157561,0.14525545944044774,0.24507127765328213,-0.17468526238916668,,,1.4658799534484326,-0.2834953011261458,-0.0028059688271542503,-1.5077973015551307,-0.04864837909630775,-0.5985276193936125,-0.7628748121418485,-0.5675877752822653,-0.32431061821752316,-0.5376742083639757,-0.6030778123908376,-0.2179884414554993,1.0907391585233521,0.30209335240261936,-0.5503056181138767,0.4006281380571369,0.48077965993184957,-1.2441214789248616,,,,,,,,,,,0.968534070299424,-1.0711688356516424,,,,-0.2675389082254551,0.5508345063529867,,,,1.146441919577534,-0.5622003386654659,-0.0425355544329376,0.21644281274295057,-0.9162405441930611,,-0.2003998563890131,,1.238672532563404,-0.08499639528991933,0.7893714668592028,-0.25383489283256616,,-0.9603604936433953,-0.867928820566373,,,0.28624830798867856,,-0.3870960691862431,-0.5208514271689313,,-3.7352009985033483,-0.19208143458001428,-0.10831048588671166,0.5953589684936946,-1.3028894726293847,,0.2654359391360136,-0.47299276498025106,,,,1.0564564336830737,-0.39789663897243743,0.35615950441321315,-0.25922709060033716,-0.17539867706709666,0.5208305483162745,,,,-0.5903417318307632,-0.5029010377147582,,
12/1/2011,0.5942993637544703,1.0462628311947693,0.6428761188788158,0.3172142376729448,-0.307854664194735,0.37401118407378975,0.47842675777813876,0.4790699136087497,0.3678713003882774,0.3639478382646493,-0.4717756772614053,-0.5951872008592777,0.7059855478981607,0.3622948753020403,-0.2602806039684589,-0.3144711837994249,-1.514000017216304,0.6812199168832108,0.8280511715481143,0.30367222689929374,1.1778526942086214,0.7191397838669809,-0.07269618398267794,0.5187435636249451,0.5767597798986355,-0.26291726828327466,0.6388829071786475,0.35127618452057857,1.1452654164192129,0.24758666010290745,,0.6834448086815094,0.880742634066038,-0.5315328349859187,0.39748737632614156,0.5610478319705832,0.9244591059993683,0.15684771668425201,-0.4707665013463362,0.7686643074682316,0.3976514369612372,0.08457950094400646,1.1694571792242365,0.46252252716468023,0.03136074318708874,1.0190243102068794,0.5955011389505395,0.17125322553796357,0.09508934609867542,0.708092829468128,0.9689408862065249,0.693217244865223,-0.4918480265248911,-0.7052554763325742,0.7794958352788732,0.7982121905674954,-0.5630060395291802,0.09110280112611342,0.2883638630088977,0.40165737136020396,0.5358149913783287,1.1505183144105926,0.11862431408867435,0.5168965130636944,1.3716244714130326,1.1705928521912987,0.35671141821153063,-0.0600243619335763,0.6623676648938407,-0.9956123384174553,-0.33263914953710155,0.2339927539475593,0.048916744741448595,0.3874734440441178,0.4038088042598739,-0.4867756324959832,0.7559308573366331,0.25452985743400275,-0.29847725112032575,-0.3321833068318162,0.20322725707030528,2.079792851878715,-0.19834589602074731,-0.40804236890403606,-1.4987630680203594,0.7724639809653333,0.6090619961320699,,0.23169052342230428,0.5437790209414366,,0.49253942248299315,,1.2123511735178498,0.5347199512311819,0.2412146483405356,-0.2222311262148905,1.0732361474874772,0.9046442042283658,-0.3665872630080391,-0.34810451907018375,0.691292499022392,,0.8462539693973191,0.3413758441427175,1.0523496479253545,-0.8158817078334968,-0.05362768437597255,,-0.0986185429621168,0.05062478090749671,-0.08502053369929735,2.190115411475134,-0.6067111579651264,0.3472374701527802,-0.3435717989985237,0.17668333009199713,1.1279320050947412,-0.38749284984674937,0.43941727116888785,0.414148045187313,-0.587702911485528,,0.2718939676468262,1.9010453063099704,0.1975163104573381,0.468506029078,1.0141575092802602,0.47173735672765815,0.1330581362519877,-0.7575971344474851,0.5614260574879298,-1.0065890953715837,0.8577921167652091,-0.15255555302066753,0.06456906706975865,-0.3046475751448656,1.1404248473397942,-0.6213739468428939,-0.01987382693181908,-0.2390107386634275,0.7544332327954901,,,-0.9928765322645213,,,,,-4.313520381230217,,,-0.32179988635356555,-0.3547115563257189,,,,-0.5815325925377953,-0.4970298200877112,,,,-0.39797014653216994,-0.5262527667328184,-0.09953467801699781,1.1087185617424733,-0.043174957231034816,,0.5657062504187422,,1.9796744620775835,-0.5150838263424888,1.3006533000769132,0.45583205343968264,,-0.6601261233851045,-0.6596371020473868,,,0.36482227165009484,,0.4323988973430933,0.4158319947072189,,0.07055641783883333,2.2852551323768946,1.9199759152671485,-0.37627507748228534,0.5032653668803198,,-0.1069084509330903,0.37702368268545317,,,,-0.27899592383420385,0.3626685632859299,-0.04663604070160775,0.6052616913957886,0.9288470926782708,0.2176600647132257,,,,-0.0042793258208711615,0.7384267423610941,,
12/1/2012,-0.4289966616170715,-0.6815562977751592,-0.6032951663470523,0.8166995099128868,0.1256438512614043,0.179016428049999,-0.6105550520152702,0.18877146029583491,-0.04400718981050435,-0.5529920370617037,-0.04114173150054729,-0.24941055937682768,-0.015906475824356617,-0.5691615705078973,0.2874464306659155,-1.0353777554198809,-0.03601670491206197,-0.5145513359424727,-0.636854061171074,-0.3541057614459947,-0.518757439196338,-0.574938097534787,0.19581952394690752,-0.4431850796697504,-0.1992107101991896,-0.09747366733838818,-0.49373004154929084,0.2860113831423465,0.5758987974957744,-0.5542990314705981,,-0.2577308792453981,-0.6727864434603837,0.20091313970918026,-0.31533099861237546,0.1728972838310218,0.10185143123336132,0.10517626394006852,-0.29722281193793765,-0.6962512436039336,0.9816520893225641,-0.11362276549971449,-1.0512393098779194,0.1459423074120228,-0.9027834426008857,0.6884918188985407,-0.5364290952612234,0.05053053734175211,-0.38982008672154794,0.45134000636787264,0.7522773286932959,-0.11175270274001478,-0.2793811410148156,-0.16589791466664655,-0.13897708854684845,-1.1413346013572243,0.38543931333681486,-0.34269909704702745,-0.5043934918291734,-0.32852173018269004,-1.0252589806898216,-0.7042898510513813,0.8266014789403472,-0.7024408729831375,0.1852235135392234,-0.051574107940031866,-0.33796839799514267,-0.09243523370043498,-0.5822452874535919,0.29238822930249997,-1.1374553536950436,0.2101066224376159,0.36416391948773685,-0.4236691621969322,0.9549076680085712,0.9067157095333495,0.3888713130812945,-0.3260751282542149,-0.4101289029638128,-0.3027753739920822,0.41634566043692534,-0.2764097711990373,0.24621933661441378,0.21760197725622893,1.32076846107274,-0.337430583769994,-0.36277838137235824,,-0.32981435952182653,-0.026110637116381757,,-0.42923069426021054,,-0.015673820661723358,-0.37281566321694093,-0.46463388585428256,0.19832039787473835,-0.6421094145901898,0.24582753923234066,-0.2030674258302713,-0.22517068187394065,0.776663511601659,,-1.0285417142284687,-0.36756440622988673,-0.47858927945321766,-0.5481404371755205,0.737340034093198,,0.27209959319989235,-0.28543051881262554,-0.280709865800501,-0.6083258129328515,0.3936898675912574,-0.20610990721741623,-0.387430600776548,0.11770553639107896,0.24791001610887511,0.8549251422914995,-0.15899139290605602,-0.39826526673003654,1.0068114748703285,-3.245757814251555,0.16823629337256554,-0.18362453519699592,0.21788367682573484,-0.5859451478805984,-0.19850737089788842,-0.587931221429698,0.28617808686688295,0.07916993052172332,0.07901440863651388,0.37121976172500903,-1.6911044032192415,7.453823257220248,0.651107375350605,0.05665770553448006,0.41066562052572186,0.566798914591265,-0.3649873599243607,-0.7696162261534841,-0.3358327137367995,,-3.245757814251555,-0.0910668419953,,,,,0.5718357759664893,,,0.2099755106194497,-0.905834012656062,,,,0.2915190627463697,-0.11027963774988872,,,,0.18328180338738267,-0.16125456322806564,0.18239589266843922,0.4006561194140067,-0.25921306185711024,,-0.7565090990250858,,-0.2238674663923642,-1.164945462394015,0.06179613939290644,-0.6809554182214511,,-1.7215876364323304,-1.753373205554545,,,-0.9276556462078561,,-0.45834132820543344,-0.7084092275052306,,0.03568443838923192,0.1932447841197376,1.0071100829215043,-0.8591756121092736,1.8186417682556815,,-0.5545748285209997,-0.7730894640425686,,,,0.03879217826380865,-0.7853115876558063,0.11417508990124739,-0.776839676337509,-0.01556661882572403,-0.053121885165200146,,,,-0.4015617092919017,-0.05606643990929646,,
12/1/2013,0.40833009700235146,0.8023767993065538,0.7139211407029282,1.2028934167608023,0.8589573677867421,-0.6825514942346924,0.3697454075846815,-0.6211903006417923,1.2839049713883806,0.8579729305660617,0.7975069211960025,0.570781816100117,1.0245192553458307,0.8653075582590447,0.9839149421534307,0.8343776541344295,0.28422530858291695,0.21213804997005598,0.2938045390714393,-0.2664743228311115,0.5244406779341492,0.4192289834594385,-7.122693466032826,0.37108411235186345,0.17628514295710987,0.34838773724769545,0.2151689900803534,-0.0863496749817154,1.0374108121212537,0.6566800577581433,,0.03804894226663949,0.3060923440107299,0.6331753819699762,0.3814677566983014,0.9559566602948943,0.7658056371054406,1.249852957506288,0.44190533572889606,0.22179164307762586,1.3694250615444028,0.41087384606541,1.233323450994756,-0.19484609783045248,0.6305763066981439,0.9021056585090185,0.14519314938286634,1.1998066981448126,0.37424018885394644,-0.478902508764482,0.735999549002882,1.4034331932335975,1.4268445036578146,1.2207827218554126,0.5981922100245116,1.1714482752516024,0.958426858393623,1.7299021071936005,0.649511319510843,0.6693705059603651,0.07627215672049072,0.8778306775842958,0.640685987258922,0.38260632014521473,0.7424363621030426,0.6131618962835726,0.2700609332277388,-0.790937920756217,0.7086795141707439,-0.03164716025193502,-0.6270672697502871,1.3399719593048929,-0.43778788145656955,1.1202759349794331,0.7199493554497399,0.2062718840746699,-0.46894535631410444,0.7202287516448694,1.0318366187131287,1.0517360541514607,1.270344271576202,-0.25967665119022754,0.5212246760388997,0.8051493185124398,-0.6500816575199581,0.07084853101992886,0.4850234063628622,0.47346408698890136,0.7249728434204803,0.8138338329530319,0.2591215639612075,0.25723897119780753,-0.783549495099593,0.6157723830999425,-0.022468326770382442,-0.04836132501975942,0.26486782562209565,0.42419614834576913,-0.22034206795829453,0.8302356639800855,0.82518006732517,0.43522853244182774,1.595587215995781,0.06501545064231422,0.24781490268425538,0.7540243110338216,0.6526920971488892,0.4827529036842944,0.7446737147444275,-0.3426265651865186,0.7212634742776395,-0.8449515943383727,0.9082316432660302,1.0044441812403373,0.0016743535579892461,0.27219757077179224,-0.09855042547638858,0.744584345239972,1.2208103690318564,-0.7822639691296487,0.6282315880368169,-0.5642437332084181,0.9571933995670016,-0.2877789724367727,0.5045338271952134,0.5299417781238561,0.37738198381897853,1.7501014615401975,0.3348363313441631,-1.2895820052036595,0.38586213018170096,-0.3534119619118456,-1.2460190248977119,-0.6470665214929923,0.0025636695131305274,0.2551272836049748,0.966781422859167,0.8362497716873705,-2.05578551040176,0.9169401843715805,0.9586378734924622,-0.009769980428254122,0.6273606852992945,0.9571933995670016,0.4304755785363807,1.735404858255924,-0.8830328695777324,0.8889624867002067,0.5314106989698675,-0.6879200816417332,0.18165413989985754,,0.850757230812516,1.194995179709436,,,,-0.19689673277129668,0.7675325229478924,,,,0.9047036997727168,0.42246685284871566,-0.5346370613515509,0.9592091313232141,0.013356774053136908,,0.04623156738363789,,0.5627374098948345,0.7357176106650593,0.09927205762303234,0.25412027940271303,,1.5388383548664155,1.4365912136023802,,,0.6102995569350703,,-0.11107311761180784,0.3385602596762732,,-0.5408279599508966,-0.27236791442219066,1.5810935510198487,0.9260258084014374,0.39712177205164473,,0.12076868414299839,0.28859781542732654,,,,0.9647041610599557,0.3592879273095155,0.6066513433271687,0.019324616885807663,0.6107106140309658,0.9406666767174694,,,,0.31084437557840644,0.6182817711918137,,0.6273606852992945
12/1/2014,0.6544814960430215,-0.043285945068942865,0.37120263709877366,0.17819047340604036,0.46140150614422665,-0.4829136603472818,0.5192408017773991,-0.4397115066705385,0.3456114314738837,1.0095915070694692,0.48406896088250356,0.5129133928695637,0.40767245884162295,0.9291593777273649,0.4790003452526236,0.39168512904908426,0.6231764715537589,0.48104973252478495,0.37836924965687313,1.3782739114927292,0.2891869487518508,-0.10395290661340355,-6.2128855896775566,0.643280135103874,0.6985130545902629,-1.2615166898670012,0.3843398460317255,1.2675853918444298,0.8638090405359238,1.1318389434579827,,0.3304820020376669,0.440662400060767,0.5844918507227245,0.5790817958215193,-0.1469264491387926,0.9284431299131928,0.7562456364248251,0.35573659527313795,0.327638054424881,-0.12217347608998938,0.49335311619902306,-0.1562206318063883,0.9013595938526381,0.4046265212802776,1.0025192884190162,0.347322641414921,0.26915724825777865,1.0178976436455964,-0.24622018155807437,0.9979508079602771,1.541025720640254,-0.01067052746147926,-0.08135372765415141,-0.025254890342546642,-0.2615800499519528,-0.011331848150107347,1.684426527197933,1.1237116955690796,-0.22179263686206085,0.5538514523111964,0.08185692038354424,1.2120705669156904,0.19990259722821227,0.673696575624567,0.3553628047565611,0.8511539128272709,0.18712356537545155,0.41660202508802363,0.07102780820041493,0.6372231644710277,0.2592651842686507,0.672904634132716,-0.15826308664539798,-1.0500975981250846,-1.30683349359442,-0.24598809761697993,0.7276752028953316,-0.07563805773687006,0.10854290308904985,-0.4568065294830611,0.9173748864256492,0.36655770471597104,0.5252876509380062,0.6144827349610759,-0.43206961522280185,0.48206102252523664,0.6309732967481034,0.8081563260946588,0.09399729173084397,0.15695465589776111,0.3355002078709311,0.3080938121567134,0.3479010491367697,0.2415247364658811,1.2029033455570879,0.23136239566073194,0.09550970787858981,-0.4779524964634932,0.36643295842748713,0.34845517894425876,-0.2621879198256908,0.1711271425689181,0.1925344981959061,0.9230712766498141,-0.1300356012963211,0.04946086555339906,-1.214339431371469,0.8760349566808776,-0.30079042996375366,1.1505418883342688,0.019396330864071727,1.4132815472358198,-0.17654540386042603,0.2653631624305338,1.7471994277835905,1.2768235394671998,0.5335000768388052,0.21692770210155213,0.16673848753421144,-0.06985175047180864,0.008375469059769368,-0.33168677309930095,-0.27649743804252724,1.0650156975039566,0.8046265222738982,1.0664434224671868,0.4111361478908091,1.1387230560660133,1.7867693228361818,-0.08115613977634657,-0.6218797711471185,1.5937114882487164,-1.048723465412559,0.22514282567111843,0.34047807027809784,0.4751693667110459,0.6070628089635673,0.2458035793592399,0.34220994627487317,0.3320390417276626,0.4815395350291879,0.32268248949942074,-0.33168677309930095,0.40052003977825956,1.4025469733836753,0.05697601304931849,-0.02790772639994351,0.5937217589045479,0.05850533424260327,0.4983602438436367,1.0570286452865882,0.47868670857985063,1.3966893348587173,1.023555390225297,0.695064415780871,0.19576398120081753,0.43100290999612667,0.12583895232283818,2.1649970330899366,2.977724995727679,0.366305476411031,0.3683653066146441,0.9313222706885329,0.34278404449716376,0.8163239373900387,1.3503240331741677,0.9145463209080471,0.23915304948901572,0.2577597856661356,1.5157090394805073,-0.01585548658147193,1.4205154909723035,0.9671672303730453,-1.8741130000207071,1.7573676198628516,1.7655839518037264,0.8326278924808935,1.8034402386503854,-0.05617264263741104,0.9722948434927181,1.318818324897775,0.37126421997376163,1.674863545897149,-0.6192606634101654,0.6071864039954037,1.0377050373305756,0.3639960182964911,1.7394389689140837,0.8665558946991798,1.2461749708334868,0.374796336721776,-0.8462673115578457,1.5299343929599265,0.15348898572958322,0.464886127648451,0.3518730476131513,1.217322948175917,0.3173959888037258,0.40828082391856696,2.0424363591721986,1.6596682153555482,0.6782603702543533,1.1380797903815316,0.42682648071543183,-1.4704887902960586,0.20425990063021757,0.32268248949942074
12/1/2015,-0.3295425895962533,-1.596230700022141,-0.1446795600495134,0.2852319111303058,-0.6930395070994286,0.47350863583460706,-0.5448691297848129,0.5305691931618752,0.14288719648462536,-0.18873691585017602,-0.9075209253998717,-0.5472842832737104,-0.9643501736207973,-0.1121108643534532,-1.2402859430973685,-0.6857312946334325,0.2616251921249638,-0.4288934052712522,-0.41342899927372423,-0.23059577943788676,-1.0512140824150102,0.4211907877195629,0.91656002344828,-0.4209700942568798,-0.502441432667948,0.22319929108440054,-0.3673401006610556,-0.3169270780651706,-0.3635051994643963,-0.20999015828991868,,-0.7574551905091604,-0.48276721584001897,-0.5385572563997212,-0.25759574625240944,0.2883789467700824,0.11432767145287664,-0.15555435742770282,0.20740820409909694,-0.5341175533090555,0.3072037716079271,1.7506205264452075,-1.2885932937619595,0.14325701822760922,0.2757026264193849,-0.7049175720586954,-0.49216468732067997,0.8235874542012271,-0.3345274347028902,0.7354699904570166,-0.7568176693420797,0.16583416897784342,-0.38380465609924747,0.07783794955706672,-0.22808012856804172,-0.0187558982115923,-1.047300190234124,-0.224173201047945,-0.24205352534546765,-0.4941003842566929,-0.9888330374279525,-1.7130796533641421,0.5581432278085949,0.38351614531447725,-0.6539038871625085,-0.3203846320872068,-0.3699036708656717,-0.3157179355859843,-0.22969403480862577,0.4462844409513639,0.0764366698612522,0.4118755097823168,-0.04335315838833981,0.51389162567763,0.32383912448906477,0.3949634677073283,0.730249911975952,-0.27528166745602595,0.5123589320524369,0.25062436758415435,0.010018721878210866,0.16828728370815732,-1.605703489959073,-0.8276370756519076,0.21522346476102547,-0.3641800055020867,0.5972187280628217,0.4723604895360692,-0.3329610974930155,-1.3110280962912013,0.05503920581433353,-0.7688834905491906,-0.8803655038702898,-0.3708108945386469,-0.784772186152113,-0.3122525808312733,-0.29056153426995185,-1.2342216426133,0.7136385564294145,-0.8946983007671339,-0.9215480213542322,-0.508194230940108,1.5996812262453142,-1.1696857159721459,-0.4162972556272915,-1.8300320643456514,-0.9079083366433826,0.1607032932989608,0.16414249581288823,-0.5520495675882067,-0.0657930740983294,-0.9075818094701275,-0.2876863591876298,-0.952940913979815,-0.3119924183590427,-1.0663670180148195,-0.6658549454774702,-0.011352119835655358,-0.1689377748718725,0.0896506101330928,-0.4499553672022302,1.2992493986755,-0.16552589058022113,0.5230790786668706,0.16082425997820723,1.1141792542513937,-0.18219134084012015,1.0400786715136965,-0.24558004125208036,0.7993365406475608,-0.16984954024388504,0.5071791575751241,0.7017255022630237,-0.4108451508415198,-0.9604403902610069,-0.8619972085952943,-0.6353345289520437,0.022462605622808857,0.5361372742834253,0.09947089960764885,-0.7060294268041024,-0.4272816453407163,-1.0271857536321944,-0.16552589058022113,-0.7347936201367924,-0.4327279712464289,1.0782225133066154,0.07211176093228214,-0.26339423965921677,-0.34842827115557523,0.25335904321459163,-0.3907651710647354,-0.5604245053155565,-0.3519669897444513,2.610422522331149,-0.6264229600893876,-0.4547219631132893,0.5426538949516381,-0.9968567788706992,0.5848228438509386,-0.03353047631156713,0.02684521743741559,-0.7533047520881289,0.5718784779791122,-0.27323870574876064,-0.3773103643581269,0.7677177600340337,-0.3558541230132954,-0.6107271558824547,-0.4963963322364666,-0.5040878453196828,-0.9921997521199785,0.7256646789242597,-0.32770481885456193,-1.0933414373874444,-0.5895223599077988,-1.116251657325276,-0.2590357437911759,-0.9129521210627202,0.25520392704281036,-6.8933870797983445,-0.19201121311566993,0.4443577832344414,-0.2644324329227567,0.3133784316305591,0.11455189132584141,0.7250721917672255,-0.6852361884242311,0.01480087369913145,1.519458671607,0.7791726390426879,-0.6450478476481933,0.6404326230481271,0.16393700504187236,-1.064275181102637,-0.6481015386849023,-0.7181407073663967,0.030686460447777647,-0.6755545377481992,-0.12700732855646948,-0.21013440613296405,-0.2986223769432229,1.554690880675929,1.1285320202539606,1.6715287518930693,-0.9381078168056842,-0.539396255390101,-1.0271857536321944
12/1/2016,1.7383613164022587,0.5534470972993782,0.5749140337684457,2.4698830461984156,0.21063313131073627,-0.9118820596790745,1.8522890412529691,-0.9897018533118436,-1.2758172087379593,1.973705824867787,0.08974380799898819,0.9739725878370863,0.8153577410442974,2.017157646783019,0.22999263840457124,1.2461474730010746,0.01762403042230873,1.1422601758988662,0.9309762035411843,2.2448552889375453,0.47453439892611293,0.8865677096175761,-0.5701826634653532,1.752306895803515,0.6401978805665932,-2.1614678103452323,1.217784132848103,-0.36306559817983264,-0.8010746980774949,1.9754654659840896,,0.6819443233373,0.8585150153611111,0.9763073060605953,0.4511466574630632,0.8453039747926736,-0.8432464933391907,0.10019020826503448,0.1224144544512465,0.9789195701255227,0.5740775143377272,0.36103832980899786,0.11426491634229446,0.33696684536711063,-0.6957003830450358,-0.8666089632162223,1.289627901761728,-1.2826028042939663,-0.11213418641289043,-0.6649920173327641,-0.934377572076428,-0.04214306818767162,0.7784099944921071,0.12903788191250726,0.4722329484012365,-0.5615004473644812,0.3853591133357887,-0.8279692122521188,1.9674229263105685,0.3157235007884244,-0.00348479277829958,0.393421737093673,0.5415438670728373,-0.5342249638936618,-1.0926192016396334,-1.0449850350362193,2.2027192878699347,4.099821439145725,0.5194958229126186,1.166039029627143,-0.0736965096750731,-0.14252118954818532,4.481135635298121,1.720692947567533,0.8392817682333282,-2.304732812298571,-0.7854184142370375,1.9004034658065168,-1.466263779422386,-0.2708003012927675,0.2936110826398275,4.596352458203784,0.233043752977931,0.1762142543335185,1.2822067661079302,-1.0194103466765998,-0.26948351825208255,-0.10777415561538667,1.8635724027268206,0.5456865654337918,-0.06253659228412706,1.3618038594285118,4.955095954451683,-1.0130972032150278,0.9417085346709076,2.2453506296168095,-0.29867554880730995,0.35760125568354256,-0.9206381198417952,0.03165379311315921,0.04171131428035998,-0.11517224128121978,0.2569557926556942,-0.28236689250935865,2.1570556588761507,0.26094008662041474,0.9291331938281929,0.6315294937833926,-0.18284849954856813,0.20456353386836607,-0.45154497231980395,0.48042093961076043,2.1197626221501715,0.38922754526511066,0.4586831299737626,0.8132479555901948,-0.4450017151390345,-0.7701953661579517,0.26747381028375306,-0.8277761572602137,1.416199659247078,-1.5395553869111342,0.03317110917387786,-0.5556130336785626,1.0981482522055293,0.6523538295041889,2.2909998513085434,0.45852853854846204,2.2348319963953096,1.471883115279968,-0.721533937575654,-1.1124476430102537,1.1952824487812175,-0.09319116889568144,0.844029507983265,0.988290416683383,0.20395447898320823,-0.6439288897613383,-1.0140499838983172,-0.29308669373798796,1.218990644318744,0.09148150665152953,-0.06599376765608449,0.03317110917387786,0.8011525160716826,-0.6608569092679926,-1.5298729201903918,-0.9887612617090579,-1.138637614829495,-0.16617546524278434,0.34041345105534354,1.055900000924297,0.32296680299181924,-0.6865872253387105,-0.29970102056913445,1.8700750987534254,0.25758703762352364,-0.5828783940983857,-0.07751260832434716,-0.7055028236340316,1.0701163453697704,0.9014599308186475,0.2363397883924283,0.008481593490241954,0.3892062193600453,-0.9015347103749728,0.8837570441534833,-0.3792047458318982,1.0461607945418798,0.1126506101458137,0.4221765740367336,0.985397225446806,-1.8142923775773077,2.202032147612862,-0.45474702291904423,-0.22717383342932088,0.057422313248860345,-0.046642949695205556,0.6757328291999778,-0.40550024861265505,-0.4530544358391107,2.244456252273258,-0.5444075327255733,0.4010115864220773,-0.794831204193355,2.7580466131020427,-0.4815183095724824,1.213148276190275,2.153824403447066,-0.33950198685627814,-0.020811251604396876,1.4777946714757313,-0.6343242522779802,0.08624519849855,0.794684963485784,0.218114627084212,1.6650546991080644,-0.6846881959490823,0.9440170901639506,-0.9998484952399163,-0.6166149626543551,0.4380741672673064,0.07448751061624126,-0.35828542869017316,0.2912493424704975,-2.856443648683494,-0.16337158363312093,-0.06599376765608449
12/1/2017,-0.18978084798860864,-0.1608461212109263,-0.025913328658994178,1.5118469874321796,-0.6298462896027651,0.3283936950444745,-0.2393514729057983,0.3848680301016321,0.8965053883562948,-0.22874455669650964,-0.6970997663329365,-0.44089383636840385,0.004814916946956868,-0.1995090817091151,-0.614432298380641,-0.29926358948556386,-1.088460657383831,0.08311377465601648,0.02936599027919011,-0.7853990697662951,0.09393684958247753,0.0024030982901938934,-0.5216544194304238,-0.22647884703060622,-0.2502318981142603,0.9876275770024584,0.04039437738014536,-1.130103350393688,0.46988842759430743,-0.581468324559459,,0.3843758359931227,0.04979592697421475,-0.38081589708452723,-0.050593370849731624,1.561165341510491,0.20097110635682017,0.6159477087471232,-0.780285873153281,-0.07340544657751343,2.123066685716375,-0.5857836257149358,-0.27787962156297125,-0.6597025193349583,-0.9747020884544009,0.6297194429428653,-0.05195660523396089,0.28020377535923635,0.2987427950953221,0.657095795892091,0.5350257310003581,-0.0551574817112496,1.0034197158434093,-0.05912010057577014,-0.6360587667154574,-0.659947332574132,-0.6162639462516721,-0.09934680793521138,-0.602531747286621,-0.8842676587897845,-1.0799391893438117,-0.06659795825756182,-0.0848873672514272,-0.6931524719207959,0.1596284844497901,-0.1340341781406112,-0.29381002091754077,0.025604870262731557,-0.019991627146878972,-0.6501817032871708,0.2888893987744603,0.6179255008132952,0.48099485915754187,0.08535823826844702,3.5475797322546563,0.839778132853017,0.6271500482384746,-0.3894015282972568,-0.06539693791467206,0.20529918593765134,1.9629883113516096,-0.6716105978000126,-0.3725318341478104,-0.6270478096225497,-0.3713784090764128,1.1892647898909645,-0.4324984730345091,-0.9594432986867578,-0.4040281471907905,-0.23947229350265514,-0.9679817851842695,-0.5777409605669869,-0.7556288280747022,-0.17402176465497166,-0.2919409638055133,-0.7991239160258736,-0.3313178482997508,-0.11230248585430529,0.7548750675023641,-0.7094187330553134,-0.6965648666048525,-0.8839891304255931,-0.7121619368997396,-1.2360670854877207,-0.2918952383655072,-0.22937794422443178,-0.6015902975695434,3.457503251291718,-0.6363418755058573,-0.3735716240774329,0.935657666151601,-1.2995485925405128,-0.7294325278025633,-0.5652018549757842,0.1427662433631693,-0.7863097132498018,-0.4268515104688302,0.18222993174050722,-0.6256906530119472,0.9804945517673442,-0.5642131884237845,-1.10876869178246,-0.4534604512001683,0.29554926322088587,0.1057698856715075,-0.1981953067488574,-0.1422061887445093,-1.000795217436146,-0.15733223444148708,-0.37387909477609,0.343840957314086,0.5510726679512654,-0.11578856900469901,-0.9673391052578196,-0.9801339194364598,-0.7860129161817145,-0.5202369941038291,0.255955880277408,-0.5507420731687372,-0.7214791060707771,-0.3014433590908762,-0.29650958712371717,-0.9175955823493596,-0.4534604512001683,-0.5881247446652911,-0.3721301515441879,-1.1644786261963747,-1.2335918405741078,-0.44316796001508896,-3.655556436774381,-0.6292875044272818,-0.48685010120177297,-0.5196963895086069,-1.3000856770619749,-0.3246907283497548,-0.31422653460240973,-0.9928729226127556,-0.59442373812935,-0.7439742281153428,-1.2643382949657562,-3.259162380727877,-1.2292183531148388,-0.6479638612264468,-0.6305521655244015,-0.7560031073195598,0.32596417487817025,0.5816083872773444,-1.6831169796055885,-0.32111640682879705,-0.10014972725439228,-0.37790080374039065,-0.6273012106844731,-0.6320942734684889,-0.36004257050994765,-0.8676955943479053,-0.4376079678392492,-0.0588755563861418,-0.0907959814333328,-0.7706595844443705,-0.20433627626754294,-3.6576522407103407,-0.7914190632039875,-0.6415437625208954,-0.617698357800317,-0.15338340389568897,-0.9182998382089634,0.6206339365533053,-0.3342401710409075,0.44521991951050693,0.6275613016958822,-1.300483139310393,-0.5337083599086465,-0.5538919204572738,0.2297492220954027,0.5526116027469353,-0.4997428457653667,-0.43867008294250287,-0.6026353870380324,-0.29121021106317274,-0.07922016837939647,-0.12944353780681697,-0.5009038414600873,-0.6602768799394733,-0.7061198772270312,-0.7038192201715538,-0.6912167786630177,0.20739921943488493,-0.9175955823493596
12/1/2018,0.2665060470505371,0.18549949902454146,0.49858425403411216,0.393278130243128,0.3896276998455705,-1.0220749970363467,0.12312998779499322,-0.9860782834602894,0.11426591343396214,0.4606973960412059,0.23486929740862264,0.984760010807563,0.18381564210443124,0.4616067558680623,0.42588622829685185,0.876399018443792,0.6243877960260602,0.41374501327146934,0.4526424016623475,0.20891649037785537,0.4408797199533397,0.48234779023604946,0.8202083120611013,0.279471106473441,0.20815270087829707,-0.059009845357983585,0.3822602415390573,0.09779860065107816,-0.1924160919763855,0.5454889987428032,-0.9584506120115395,0.6654353314537481,0.48277731069749236,1.0607846014509197,0.2351006432166666,0.5283689703225727,0.5090887577461739,0.27769710726562186,0.21621893987768825,0.4460839315923838,0.19189390968184336,0.2440097886990119,0.5962733470854791,0.9492936659512646,0.2552674781966157,-0.2581171634874546,0.38224277905024195,0.12442927538994525,-0.04486851556507131,-0.5996099756594548,-0.18898974632117435,0.09180486886607059,-0.06823313744793841,0.6399520846926164,0.20155349810041187,0.6783262848237621,0.34694620660388376,0.46175496119554066,0.5068772658780504,-0.03159032111925196,0.4626365622526274,0.3288911183170052,-0.5075412554383976,-0.09215391463723842,-0.3328455313919013,-0.30498262914983765,0.1019790932996392,-0.3984439044266799,0.5528899423482223,0.4101243894187003,0.3976753621375614,0.17859975315417467,-0.3934364469847663,1.4367581088717156,-0.13250169262511852,0.14984755818619114,-0.631812509202434,0.22634152071009025,-0.18387184857779584,-0.14752706385796968,0.003081874384909198,0.32113008684533373,0.6974878697617108,0.07243718875818307,0.06193138025965953,0.5075915556450709,0.15382854652003372,0.6974108407672751,0.2379335912196056,-0.12981230661266796,0.1996367906042305,0.052832991153416345,-1.0570993907310766,-0.06792374918568865,0.23390455622825135,-0.09857223675218944,0.22124761795914993,0.3068489242379774,-0.8577813865155589,0.22974704343274163,0.2288720259510152,0.5488721085158954,0.001800287042320987,0.3028205304238845,0.09374784799705825,0.11783284290009904,0.5911848116644313,-0.2795182952926978,0.10757426073828126,0.6531519466251164,-0.24949928498312518,0.5570480773461359,-0.32535360969480975,0.3176719132745939,0.5860528256613756,0.5081824984504267,0.5249378363731354,-0.09074863323097024,0.20624383220816825,-0.9098912455615121,0.4576507620013747,0.16158271636427465,0.5056305721748041,-0.5767809000240162,0.15335431157933713,-1.6862619207340703,0.35743450968370316,-0.08946538787313006,0.34298625647110104,0.08375372608321603,3.025488105414998,-1.2430268027569598,-0.08077734382343174,-0.6161461106399733,-0.06726531987912888,0.15885320672070102,0.34517482030386576,0.11335813924214165,-0.2569236890924273,0.41477947123467707,0.9603227668086949,0.23816527197768314,0.3611085497869438,0.5056305721748041,0.6981033520873672,1.055420526187426,0.10217887822905762,0.019869427299628522,0.30818788772718414,-0.5913133711369001,-0.42267846346399324,-0.4916749767557458,0.28032028287449634,0.7686584024806827,-0.9529476424600481,0.17127561113335565,0.4877256039851228,-0.049786268666792206,-0.023509212239006674,-0.07910518980628792,-0.8598257845915057,-0.8810628200168121,0.38089088949136124,-0.5849829805486916,-0.22316205810698345,-0.2803639655839592,1.3262750137873685,-1.038434577067872,0.3097835417281294,0.28801310361716226,-0.07885649795407011,0.5589401099351387,-1.8057821286354212,0.2810436242112658,1.7000689723907465,-0.0003923834037343352,-0.10431870862570466,0.6113274337920384,0.8165461781977801,-0.49710169880412164,0.658691158722292,0.29451173837387173,-0.031673828172396085,0.45758314142965556,-0.5909812567840695,0.10349242986352206,-0.6261227560358812,0.8118919829274641,-0.8353004172515082,-1.5201638750312763,-0.4317561661105844,0.08715518388416643,0.4908003852285093,-0.4034197299773132,-0.8386501913213468,0.34491939504196634,0.12882240037049686,0.8122793161226284,0.3721966632373058,-0.3243589299239539,-0.16569710086658065,0.48130666628868174,-0.010958009823534436,0.210664527991647,0.11486642643338744,-0.7936322016202786,0.17773975021588248,0.3611085497869438
12/1/2019,1.204562109899263,1.0685249973706241,1.3474563383424478,-0.04297806865175143,0.35053988503646144,-0.5573225822921317,1.0661364559357371,-0.2635364524426485,0.6009836283103559,0.6533189804260106,0.16247696511840704,0.26249172316694513,1.6056803722330952,0.7691248255438413,0.3875525103735555,0.8801755620143067,0.18184497525651233,1.3106237427741099,1.426590199869087,-0.0005366377859084741,1.0101742976564985,1.2186880265566546,6.665422378472357,1.2357899242782502,0.8107108080733184,-0.02608489965689611,1.5125413961306708,-0.521908868660406,0.3860999149344522,-0.03820815802169883,1.3564371498965906,1.4087312894582709,1.211759209329096,0.28702958872339285,1.0185551222443852,0.018573723149961176,0.7096487467553932,-0.00655160504172206,0.12018147244183376,1.3552434847074823,-0.052427502601187705,0.6347460208770613,0.23546819698622928,-0.30651345723331336,0.3749028795749302,0.4356792934743753,1.4674682274472302,0.4893242422206524,0.4923984682885855,-0.17202378887710218,0.292220078626449,0.4408196431863574,0.44485471522814723,0.6801184514074445,0.7046502155200015,0.44862936133716586,0.32384243155961645,0.7984977982782967,-0.004818200348588525,0.4756215502742564,1.0619032761662326,0.9132799765545866,0.26966941438860503,0.11583584615706728,0.3270760070451022,-0.020691394702469296,0.7767580752134667,-0.14754839467312011,1.1490603289545003,1.034790835825661,-0.44494117687840873,-0.2021299612331852,0.3401044981099926,-0.3503470612904762,0.6828909241669043,0.0772950594806032,0.009872457748042046,0.6476630506467119,0.1402148777490235,-0.5442219149355413,-0.2260705532264279,-0.09213622596151126,1.2812083757102948,0.14452092871167305,-0.09563705551157,0.911636566117494,0.3245593437789575,0.24884325730464074,0.5292113872070632,1.036868046635006,-0.07767489974851383,0.8939201835109162,-0.1732453136978961,0.07515423589907548,1.0690860605107888,0.14403835239109328,-1.4294011933926014,0.8579594725942292,0.02034638258242546,0.12377714996745637,0.11489585019321186,0.38667005838383206,0.6724748675898249,0.6276516414160326,0.6722267632618685,0.6583270490471097,0.3512339190401518,0.5699771047704565,0.17894724136998522,-0.11929517187259049,-0.12798796784069938,-0.2586583843105284,0.25844530873577326,0.3209675079157416,-0.27838804568855446,0.21334265157965676,0.4411422832826786,0.08753422810688376,-0.7941300123571661,0.8800496826498717,-0.17340710490131997,0.08097773877226018,0.26359716301899394,0.08164371236424511,0.3393666570991198,-0.38745099820121703,0.8546280229557549,1.0250480208759525,0.7465933567451553,-0.9007666225392302,1.6065121980813513,-0.22741008688051348,-0.8018707798950104,0.8543198516848657,-0.3716928796525594,-0.22291316834412386,0.3893771598053907,0.2350793603376657,0.447471055172886,-0.8652182308066743,0.8475987514113273,0.49841641199583137,-0.0973528681767474,0.26359716301899394,0.054047771379805425,0.5721053230200202,0.21798237759984881,0.12601269810611695,0.12088134444831101,0.6258894942321462,-0.5115899344931732,0.15087244322032498,0.2783270989643311,1.1362010916736636,-0.953933409838324,0.9155631201817472,0.7538854467073318,0.5027531110100817,0.13947312982987725,-2.348946974279353,0.49678176738261426,0.48047887992285077,0.497836283226616,-0.7956320265426562,-0.7152474590989069,0.2696341313651411,-0.24075094161473176,0.9466136991650085,1.4877064850249972,-1.0818066863028413,-0.6027997697577532,0.6493173654012002,-2.1281309192782643,0.7269164364678905,3.924651272538705,0.8740603142016977,0.3414544621278356,-1.370917072381899,-0.1703283758731962,1.1612279532589995,0.007608292113854774,0.1267340182918752,0.04769336948617195,0.12932676410012275,-0.4894457941230369,0.3403909478868884,0.35296144131716717,0.7313628101324271,-0.6695812127905951,-0.18897990201079592,0.8600623981268517,1.1376678672828868,0.19248367129820693,-1.2567720166723066,0.08957915018004127,0.3929705788517653,1.129297262802882,0.7437109873395406,1.2675309946171556,-0.0719974884159117,-0.02241012841906682,0.16929099820588708,0.41476409033272266,0.15562907089125763,0.5455806980418118,1.3533316246694242,-1.0603999131570656,-0.0973528681767474
