Country/Territory,Code,1996,1998,2000,2001,2002,2003,2004,2005,2006,2007,2008,2009,2010,2011,2012,2013,2014,2015,2016,2016,2016,2016,2016,2016,2017,2018,2019
Aruba,ABW,#N/A,#N/A,#N/A,#N/A,#N/A,#N/A,0.993854582,1.379846573,1.305752516,1.287162662,1.319140673,1.122499466,1.100847363,1.285737753,1.263881564,1.312226295,1.164567828,1.230921268,1.284199238,0.244329184,3,94.2857132,75.7142868,99.52381134,1.33475697,1.36611867,#N/A
Andorra,ADO,1.170157313,1.183644533,1.167002082,#N/A,1.282038689,1.464985609,1.40148735,1.384696484,1.348995447,1.340643764,1.337765336,1.296418428,1.278272152,1.302488327,1.290351152,1.28392601,1.286593318,1.39128828,1.413419366,0.290933132,2,97.14286041,79.04762268,99.52381134,1.421572208,1.425431967,#N/A
Afghanistan,AFG,-2.414041758,-2.422996044,-2.440186501,#N/A,-2.035389185,-2.197808743,-2.296178579,-2.070934296,-2.221301556,-2.41058135,-2.690477371,-2.712688923,-2.579151869,-2.502059698,-2.418561459,-2.519349098,-2.411068439,-2.571221828,-2.671053886,0.219707996,6,0.952380955,0,3.333333254,-2.800609112,-2.746729612,#N/A
Angola,AGO,-2.057286263,-2.313072205,-2.035582542,#N/A,-1.577046394,-1.006537795,-1.062797546,-0.887543917,-0.541985989,-0.666032195,-0.362911493,-0.347262442,-0.226182342,-0.36923781,-0.389322549,-0.391233474,-0.333232045,-0.500897765,-0.315898836,0.216166675,6,33.33333206,21.90476227,48.09523773,-0.331622064,-0.319034934,#N/A
Anguilla,AIA,#N/A,#N/A,#N/A,#N/A,#N/A,#N/A,0.788873911,1.193962097,1.107798457,1.086767077,1.116135955,0.870085537,1.373761654,1.550927639,1.476920247,1.533979535,1.164254904,1.249272108,1.315343738,0.276124716,2,95.23809814,74.2857132,99.52381134,1.389160752,1.297391176,#N/A
Albania,ALB,-0.333811402,-0.54270643,-0.53797853,#N/A,-0.294578075,-0.308824211,-0.428377599,-0.507140517,-0.508332431,-0.203224033,-0.030818928,-0.045248605,-0.191482902,-0.282379419,-0.143631592,0.091929786,0.485986233,0.34612906,0.344644666,0.20779568,8,58.09523773,47.1428566,70,0.378368706,0.382100046,#N/A
Netherlands Antilles (former),ANT,#N/A,#N/A,#N/A,#N/A,#N/A,#N/A,0.686383665,0.822193205,1.107798457,1.086767077,1.116135955,0.870085537,0.959880173,1.20577538,1.078248262,0.676403522,#N/A,#N/A,#N/A,#N/A,#N/A,#N/A,#N/A,#N/A,#N/A,#N/A,#N/A
United Arab Emirates,ARE,0.963122547,0.871171296,0.975109398,#N/A,0.934847116,0.995016694,0.769014001,0.875832975,0.923538566,0.975382268,0.696904898,0.920840621,0.801757872,0.912175715,0.863251448,0.894792199,0.768908918,0.759545386,0.564748943,0.204956502,9,65.23809814,54.2857132,76.66666412,0.618491411,0.743238151,#N/A
Argentina,ARG,0.112985872,-0.131969869,0.09935876,#N/A,-0.779415369,-0.358941168,-0.609955668,-0.041768059,0.003055698,0.098858513,-0.085222185,-0.232405573,-0.084797867,0.158993661,0.103040546,0.065314263,-0.005121871,0.01478538,0.204625502,0.204956502,9,52.8571434,40.47618866,64.2857132,0.16943635,0.019931927,#N/A
Armenia,ARM,-0.364675879,-0.66039592,-0.683588326,#N/A,-0.257475168,0.237198129,-0.116862893,-0.067534991,-0.262740493,0.150446042,-0.009365265,0.227774754,0.071855329,-0.063868985,0.154794976,0.110385142,-0.2971358,-0.252332628,-0.662263811,0.21260111,7,22.38095284,13.80952358,33.33333206,-0.620694757,-0.418780267,#N/A
American Samoa,ASM,#N/A,#N/A,#N/A,#N/A,#N/A,#N/A,0.737628758,0.746486902,0.704094112,0.967951357,0.984192848,0.945634067,0.919146717,0.93399018,0.95299083,0.928985775,1.08068347,1.181357265,1.193235755,0.32092151,1,92.38095093,68.09523773,99.52381134,1.218603611,1.205116272,#N/A
Antigua and Barbuda,ATG,0.718495429,0.730095923,0.714189112,#N/A,0.792757034,0.865594327,1.085709929,0.830348432,0.799531698,0.80225879,0.813932836,0.721324444,0.904999375,0.957588255,0.975788057,0.958863378,0.984550714,1.004724503,0.878607213,0.248026863,4,75.7142868,61.90476227,94.2857132,0.747871459,0.726143181,#N/A
Australia,AUS,1.396474242,1.065880299,1.334552407,#N/A,1.192910552,0.878802061,0.936502934,0.893511176,0.935187817,0.928789794,0.955644846,0.855688989,0.888859868,0.935710073,0.997997224,1.031072974,1.032191992,0.884979844,1.047958016,0.204956502,9,89.04762268,70.95237732,96.19047546,0.890089512,0.976574123,#N/A
Austria,AUT,1.410497546,1.111128807,0.823826671,#N/A,1.362205505,0.963399291,1.090581775,1.105386257,1.075933337,1.283751845,1.339205861,1.190602183,1.152648211,1.193521619,1.340566874,1.364100575,1.270700455,1.143079281,0.909638762,0.204956502,9,77.14286041,65.23809814,93.33333588,1.046604395,0.917523205,#N/A
Azerbaijan,AZE,-0.827652931,-0.700926363,-0.830194116,#N/A,-1.193173289,-0.948665559,-1.061107039,-1.127512336,-1.094161749,-0.625567079,-0.333474815,-0.27594015,-0.238546923,-0.532135963,-0.715751827,-0.412859917,-0.559909523,-0.729565561,-0.803879082,0.21260111,7,18.5714283,10.95238113,28.09523773,-0.747820258,-0.696733057,#N/A
Burundi,BDI,-2.113896847,-2.293344736,-2.015158892,#N/A,-2.288240433,-2.24452734,-2.523784637,-1.524741888,-1.42700541,-1.37533474,-1.638163805,-1.272694111,-1.625959396,-1.807200432,-1.70473814,-1.350277543,-0.784407139,-1.939510822,-1.970720768,0.221377477,6,5.714285851,2.857142925,8.571428299,-2.007539511,-1.597951055,#N/A
Belgium,BEL,1.288752794,1.024162054,1.130376697,#N/A,1.264332652,0.859670281,0.710141778,0.795810878,0.857654214,0.757429183,0.621243298,0.819908977,0.810646176,0.954535425,0.92359972,0.940082729,0.701269448,0.587094605,0.441367298,0.204956502,9,61.90476227,49.04761887,72.85713959,0.428070664,0.412356049,#N/A
Benin,BEN,1.048929691,0.741325498,0.798396707,#N/A,0.820294201,0.679063499,0.265106827,0.446815848,0.547010481,0.386122555,0.374591321,0.40329805,0.261260122,0.318356365,0.364367604,0.301189363,0.027139762,-0.013513958,-0.002027172,0.221377477,6,47.1428566,32.38095093,58.57143021,0.030852951,-0.132421002,#N/A
Burkina Faso,BFA,-0.301612794,-0.111127324,0.059249356,#N/A,-0.308865517,0.06687247,-0.082301155,-0.064855136,0.156172335,0.30769673,0.120162971,0.034941409,-0.117637143,-0.555381477,-0.573129237,-0.763390124,-0.787128568,-0.611107409,-0.867375851,0.211121112,7,16.66666603,10.95238113,25.23809433,-0.926845014,-1.040907264,#N/A
Bangladesh,BGD,-0.546178162,-0.368563563,-0.724509239,#N/A,-1.033550501,-1.115403295,-1.361260414,-1.863764167,-1.505493402,-1.540047765,-1.505937099,-1.544713378,-1.425789475,-1.404736876,-1.379088998,-1.627858877,-0.895563185,-1.212017894,-1.261936784,0.20779568,8,10.95238113,8.571428299,15.23809528,-1.255888343,-1.032479763,#N/A
Bulgaria,BGR,-0.090678282,0.576661706,0.379955381,#N/A,0.468395174,0.174155131,0.003550667,0.146509647,0.395517141,0.358280092,0.370631129,0.353603989,0.36009106,0.301750302,0.379833996,0.170710385,0.078540899,0.017322188,0.077333264,0.204956502,9,49.04761887,36.19047546,60.95238113,0.331952304,0.419638634,#N/A
Bahrain,BHR,-0.307727605,-0.161498114,0.055773951,#N/A,0.28414613,0.483239025,0.312665284,0.011602206,-0.366437256,-0.247196898,-0.237403244,-0.136449441,-0.493476391,-0.950841904,-1.129954934,-1.335417747,-0.907474875,-1.073540211,-0.793425679,0.21260111,7,19.52380943,10.95238113,28.09523773,-0.961425066,-0.840442419,#N/A
"Bahamas, The",BHS,1.070221186,1.086337447,1.280098081,#N/A,0.956500292,0.826999247,0.891071081,0.938636839,0.810648799,0.730004489,0.774838746,0.860551536,0.993692219,1.103621483,1.184026003,1.134824634,0.956470132,0.907476485,0.975418746,0.215112433,6,80.95237732,66.19047546,95.7142868,0.989367783,0.872116685,#N/A
Bosnia and Herzegovina,BIH,-0.592023313,-0.584123015,-0.526444674,#N/A,-0.162515759,-0.404707491,0.016085448,-0.501404464,-0.44200334,-0.630627513,-0.540368795,-0.666618288,-0.693730175,-0.819794893,-0.538148701,-0.404944122,-0.019179042,-0.402437001,-0.397838831,0.215967342,7,30.95238113,20,45.23809433,-0.348210633,-0.392324209,#N/A
Belarus,BLR,0.093630686,0.11032445,0.138671175,#N/A,0.302270532,0.693226874,0.161250234,0.357308894,0.146807671,0.340541124,0.51848948,0.488780081,-0.094990097,-0.087769009,0.06861522,0.005959166,0.179782152,0.110016517,0.142281473,0.211121112,7,50.95238113,37.61904907,62.38095093,-0.053510562,0.353531927,#N/A
Belize,BLZ,0.558367968,0.595781744,0.182882696,#N/A,0.416043013,0.485956788,0.401626587,0.101920225,0.079578303,0.194411606,0.187959462,0.027838364,0.070427686,0.15190886,0.180257618,0.176189259,0.048583075,0.043097582,0.060622137,0.224217087,5,48.57143021,34.2857132,61.42856979,0.035682265,0.015672719,#N/A
Bermuda,BMU,0.718495429,0.730095923,0.714189112,#N/A,0.792757034,0.853129327,0.894766688,0.819997251,0.775330603,0.771813452,0.796786189,0.693840563,0.911838114,0.964122117,0.980253696,0.970303059,0.913897812,0.983049035,0.999670088,0.276124716,2,85.23809814,64.2857132,98.09523773,1.001691103,1.162025094,#N/A
Bolivia,BOL,-0.134786651,-0.239488021,-0.235554785,#N/A,-0.289909422,-0.83416158,-0.680682898,-0.973391593,-0.802807093,-0.850300491,-0.695555389,-0.50745821,-0.415407211,-0.417126507,-0.458068103,-0.328593433,-0.333112091,-0.268487215,-0.248866364,0.20779568,8,36.66666794,24.76190567,49.04761887,-0.278014928,-0.242841065,#N/A
Brazil,BRA,-0.218180925,-0.336898953,0.186739698,#N/A,0.329844594,0.005972705,-0.275706738,-0.264487565,-0.294623226,-0.356955171,-0.312599719,0.166292161,0.013475911,-0.132575423,0.045961641,-0.258553296,-0.070290133,-0.331458092,-0.377205402,0.204956502,9,31.90476227,21.4285717,45.23809433,-0.419837445,-0.357017606,#N/A
Barbados,BRB,1.048929691,1.082600355,1.150208235,#N/A,1.097169161,0.918888807,1.095372677,1.115677238,0.91464293,1.044320345,1.070771933,1.048899293,1.06063664,1.246130109,1.185965657,1.26692915,1.277919888,1.135361314,0.976609886,0.22024554,6,81.90476227,66.19047546,95.7142868,0.966614187,0.921432853,#N/A
Brunei Darussalam,BRN,1.235572696,1.110726118,1.302254677,#N/A,1.156787753,1.145259976,1.3695755,1.214634299,1.124461412,1.10672462,1.126965165,1.387627125,1.277547002,1.085193753,0.909327209,1.074022293,1.261507034,1.242662311,1.154172063,0.21260111,7,91.42857361,73.33333588,99.04762268,1.160056472,1.201149106,#N/A
Bhutan,BTN,0.722960353,0.538902581,0.490639716,#N/A,0.692917943,0.918888807,1.171561718,1.283388257,1.263382912,0.56866318,0.720590889,0.803936958,0.742221653,0.826495349,0.77630949,0.784624875,1.068038583,0.974714994,1.123296738,0.225992307,5,90.95237732,72.38095093,98.57142639,1.116888881,1.104605198,#N/A
South Sudan,SSD,#N/A,#N/A,#N/A,#N/A,#N/A,#N/A,#N/A,#N/A,#N/A,#N/A,#N/A,#N/A,#N/A,-1.430328488,-1.156583309,-1.730328679,-2.646576643,-2.37568903,-2.418965578,0.249646768,4,1.90476191,0,4.285714149,-2.452061176,-2.439315796,#N/A
Botswana,BWA,1.014611602,0.955479383,1.072952509,#N/A,0.873669982,1.105562091,0.916183531,1.06344831,1.016433001,1.055395365,1.032002091,0.952790082,0.991209805,1.064446568,1.104041457,1.102347016,1.011847138,1.042091846,0.994560003,0.211597949,7,83.33333588,66.66666412,95.7142868,1.022284746,0.979156196,#N/A
Central African Republic,CAF,-1.210246682,-1.139869094,-1.121049523,#N/A,-1.734490752,-1.538547039,-1.42479825,-1.430053115,-1.851547837,-1.854586244,-1.842395306,-1.905314445,-2.020625353,-1.789389133,-1.852922916,-2.154896736,-2.699193239,-1.904764652,-1.789266825,0.225411683,5,7.142857075,4.285714149,9.047618866,-2.006213188,-2.281260967,#N/A
Canada,CAN,1.233703971,0.950458109,1.168465853,#N/A,1.221569419,1.054091454,0.876835406,0.829618096,1.035532594,1.00686717,1.041849613,1.126739144,0.936318219,1.077175736,1.113016248,1.061421752,1.17550385,1.274697781,1.256058574,0.204956502,9,93.80952454,78.57142639,99.52381134,1.101824403,0.991188586,#N/A
Switzerland,CHE,1.456473351,1.438815117,1.579547167,#N/A,1.544933558,1.247231722,1.22819221,1.197639823,1.269324541,1.234160542,1.223261356,1.307553053,1.258594275,1.300342083,1.418336034,1.401140213,1.402652621,1.339359045,1.306290388,0.20956327,8,94.76190186,80,99.52381134,1.256538868,1.3448627,#N/A
Chile,CHL,0.678323686,0.035288811,0.486966193,#N/A,1.091703176,0.763274074,0.692135334,0.844650626,0.614122868,0.407155246,0.433190316,0.60323137,0.67960453,0.452553362,0.331102103,0.36374253,0.447516918,0.433439225,0.413110524,0.204956502,9,60.47618866,48.57143021,71.90476227,0.417022407,0.425245881,#N/A
China,CHN,-0.095957071,-0.391394079,-0.208933994,#N/A,-0.327094465,-0.563666165,-0.390191853,-0.501789033,-0.539763808,-0.498820543,-0.491274953,-0.449346364,-0.657060683,-0.602054834,-0.53878206,-0.543789923,-0.522584021,-0.550294638,-0.499395043,0.204956502,9,26.66666603,17.1428566,39.04761887,-0.231012836,-0.261062086,#N/A
Côte d'Ivoire,CIV,0.034838725,-0.202324867,-1.244039059,#N/A,-1.918557525,-1.803033113,-2.116911411,-2.264046669,-1.86529386,-1.838057518,-1.806673884,-1.320874453,-1.583894253,-1.405807614,-1.263461113,-1.048724174,-1.037160635,-0.832545936,-0.907559335,0.20779568,8,15.71428585,10.95238113,24.76190567,-1.090074658,-0.931182325,#N/A
Cameroon,CMR,-0.956825614,-0.782407999,-0.562828243,#N/A,-0.677342117,-0.429809421,-0.360389054,-0.18314299,-0.245271444,-0.325032562,-0.550896108,-0.474470109,-0.736971438,-0.66168797,-0.588517427,-0.532237291,-1.059252381,-0.989607453,-1.062137008,0.20779568,8,13.33333302,9.047618866,20.95238113,-1.095679879,-1.375979543,#N/A
"Congo, Rep.",COG,-1.2223773,-1.497251987,-0.920373738,#N/A,-1.584950805,-1.168668509,-1.189875841,-1.166831851,-0.924408674,-0.77008003,-0.720065832,-0.249511823,-0.316415846,-0.35430038,-0.489689857,-0.475050122,-0.359291583,-0.526365995,-0.519269526,0.216166675,6,25.7142849,16.19047546,39.04761887,-0.531663895,-0.442818105,#N/A
Cook Islands,COK,#N/A,#N/A,#N/A,#N/A,#N/A,#N/A,#N/A,#N/A,#N/A,#N/A,#N/A,1.144706488,1.322361231,#N/A,#N/A,#N/A,#N/A,#N/A,#N/A,#N/A,#N/A,#N/A,#N/A,#N/A,#N/A,#N/A,#N/A
Colombia,COL,-1.641695261,-1.788261414,-1.603680849,#N/A,-1.95017767,-2.374467134,-2.269416094,-2.056106567,-1.901590705,-1.803280354,-1.850909352,-1.831907868,-1.537184834,-1.284655571,-1.401810408,-1.291971803,-1.114594102,-1.069146633,-0.882459342,0.204956502,9,16.19047546,10.95238113,24.76190567,-0.772603452,-0.813388526,#N/A
Comoros,COM,0.506719232,0.563996255,0.021869849,#N/A,0.403080642,-0.672682881,-0.163022175,-0.435432047,-0.359773099,-1.094133019,-1.107348084,-0.76673609,-0.562939286,-0.552736104,-0.452308029,-0.256929189,-0.186910167,-0.232791469,0.035759903,0.249646768,4,48.09523773,31.90476227,61.90476227,0.036074556,-0.203264654,#N/A
Cape Verde,CPV,1.031386375,1.109699368,1.219243526,#N/A,0.728002667,0.918888807,1.038576007,0.753495395,0.963115752,0.87702471,0.813495517,0.819041073,0.840972781,0.722605228,0.809086382,0.777999878,0.350779146,0.867810428,0.886215627,0.225992307,5,76.19047546,63.80952454,93.80952454,0.774460018,0.747233689,#N/A
Costa Rica,CRI,0.754077494,0.904321313,0.871158779,#N/A,1.071824074,0.597415566,0.633075416,0.710067809,0.737977445,0.583451748,0.360314548,0.587109923,0.691537201,0.508276045,0.638402462,0.677918017,0.577418208,0.682025492,0.661428332,0.20779568,8,67.61904907,57.61904907,85.23809814,0.608677447,0.48643446,#N/A
Cuba,CUB,0.232741192,0.009139398,0.247693226,#N/A,0.25989607,0.316352934,0.355095297,0.424164832,0.474491566,0.451359153,0.524764478,0.357171685,0.349292427,0.280382127,0.307248294,0.37056464,0.544822037,0.644101679,0.685363889,0.216166675,6,70,57.61904907,88.57142639,0.64690119,0.652334213,#N/A
Cayman Islands,CYM,0.718495429,0.730095923,0.714189112,#N/A,0.792757034,0.853129327,1.237211823,1.193962097,1.107798457,1.086767077,1.116135955,1.094432712,1.149637938,1.336360812,0.959384382,1.017615318,1.04634726,1.153417587,1.16849637,0.273738325,2,91.90476227,70.95237732,99.52381134,1.19054687,1.14928484,#N/A
Cyprus,CYP,0.387375444,0.221684545,0.515470088,#N/A,0.19483991,0.53131783,0.379899234,0.51629746,0.539754391,0.537154853,0.639684081,0.389175355,0.452444822,0.607984483,0.635126054,0.563347161,0.551882088,0.550866485,0.604254723,0.21260111,7,66.19047546,55.23809433,80,0.537730277,0.543319046,#N/A
Czech Republic,CZE,1.147579074,0.899641633,0.332050323,#N/A,1.045757771,0.886859953,0.654150546,0.936071336,1.053972006,1.015041471,1.049844742,0.905064225,0.989233732,1.109117627,1.054106116,1.084778547,0.989990473,0.979189098,0.976115525,0.204956502,9,81.42857361,66.66666412,94.76190186,0.999816835,1.04014349,#N/A
Germany,DEU,1.288752794,1.241743326,1.412949204,#N/A,1.099539518,0.578257501,0.639836669,0.890193582,1.026523352,0.996008515,0.945834458,0.860530794,0.796834469,0.842218459,0.775621295,0.92798388,0.925186455,0.699824274,0.681363404,0.204956502,9,69.52381134,58.09523773,86.66666412,0.587577164,0.604895115,#N/A
Djibouti,DJI,-0.338851511,-0.962539792,-0.241832718,#N/A,-0.3131302,-0.912508249,-0.344594181,-0.813312232,-0.259959519,-0.122194342,0.270492584,0.493948996,0.253481269,0.177703246,0.160619214,-0.102187522,-0.77023226,-0.443531573,-0.626400411,0.230289087,4,24.2857151,13.80952358,36.66666794,-0.736761034,-0.134122878,#N/A
Dominica,DMA,0.718495429,0.730095923,0.487782598,#N/A,0.548116386,0.672487736,0.946451068,0.832658172,0.912001431,0.787977576,0.915203333,0.666293442,0.903117776,1.139158607,0.980585456,1.119856238,1.05717814,1.077941298,1.002437711,0.248026863,4,85.7142868,65.7142868,96.19047546,1.197893262,1.107934833,#N/A
Denmark,DNK,1.442067623,1.43146503,1.503310442,#N/A,1.527139783,1.204807281,1.085029483,1.074679375,1.047865033,1.117681503,1.065298676,1.000632167,1.040961027,1.10029304,0.914910674,0.959233463,0.951779723,0.897649825,0.867915452,0.204956502,9,74.76190186,63.80952454,93.33333588,0.868219316,0.959066808,#N/A
Dominican Republic,DOM,-0.073888317,-0.414179713,0.01583853,#N/A,0.119549684,-0.419236034,-0.343868911,-0.258744866,-0.108513825,-0.077550009,-0.037004936,-0.001411321,-0.044954035,-0.00048185,0.252366811,0.207428694,0.145934492,0.236706421,0.252106041,0.20779568,8,55.23809433,43.80952454,65.7142868,0.160522193,0.034793321,#N/A
Algeria,DZA,-1.780030727,-1.875876427,-1.432009816,#N/A,-1.633233786,-1.753627181,-1.359521031,-0.915213346,-1.126452804,-1.148360014,-1.093989491,-1.197078228,-1.259367585,-1.360560656,-1.325043321,-1.202371478,-1.190535188,-1.090159774,-1.097525716,0.21260111,7,12.38095284,8.571428299,20,-0.915668786,-0.793784916,#N/A
Ecuador,ECU,-0.768633664,-0.160668179,-0.574142456,#N/A,-0.762054026,-0.960764229,-0.842865884,-0.794365287,-0.853982389,-0.814442813,-0.728910506,-0.673187852,-0.586674452,-0.686557531,-0.57030648,-0.178656712,-0.018533209,-0.143955871,-0.085357957,0.20779568,8,44.2857132,30.47619057,55.23809433,-0.074877143,-0.074749783,#N/A
"Egypt, Arab Rep.",EGY,-0.52357614,-0.018527826,0.05310975,#N/A,-0.41343835,-0.64012897,-0.821635008,-0.630180418,-0.838822544,-0.551373839,-0.510507584,-0.607051015,-0.898418307,-1.437057018,-1.436329722,-1.6388309,-1.631176591,-1.496645689,-1.437696576,0.211121112,7,9.047618866,7.142857075,12.85714245,-1.424304128,-1.16493094,#N/A
Eritrea,ERI,-0.93592608,-0.969231606,-0.769237876,#N/A,-0.266984373,-0.719401658,-0.639192045,-0.795266271,-0.899921954,-1.047725558,-0.711378455,-0.681066215,-0.875592828,-0.76640439,-0.702197254,-0.772372127,-0.805872619,-0.876751304,-0.656912088,0.225411683,5,22.8571434,13.33333302,35.23809433,-0.729579687,-0.605156243,#N/A
Spain,ESP,0.177704945,0.133022442,0.462261289,#N/A,0.443883836,-0.044970103,-0.088050254,0.195213541,-0.150258154,-0.275348157,-0.380849361,-0.473776698,-0.318043739,0.021104537,-0.029516449,0.012017759,0.243121743,0.251491189,0.413188279,0.204956502,9,60.95238113,48.57143021,71.90476227,0.282795578,0.254802525,#N/A
Estonia,EST,0.767552137,0.656616092,0.900591731,#N/A,0.929818749,0.895133376,0.703588128,0.603889704,0.736498475,0.633879602,0.570784152,0.565775871,0.661366999,0.611041307,0.636465192,0.748215437,0.780257881,0.620919824,0.673907757,0.204956502,9,68.57142639,57.61904907,85.7142868,0.649619758,0.599966824,#N/A
Ethiopia,ETH,-1.051121712,-0.630290568,-0.943960965,#N/A,-1.223213792,-1.408553958,-1.31148231,-1.690748692,-1.738936901,-1.803412437,-1.730085373,-1.640794158,-1.635101199,-1.50696373,-1.564271331,-1.407307386,-1.339387417,-1.498187423,-1.619813204,0.20779568,8,7.619047642,5.714285851,10.47619057,-1.679588795,-1.343245745,#N/A
Finland,FIN,1.412274957,1.472587585,1.721372843,#N/A,1.755193233,1.68811655,1.62026,1.595862269,1.50135088,1.487836719,1.445845008,1.459815145,1.423606873,1.393471003,1.400765181,1.385172486,1.282197237,1.040587306,0.999086499,0.204956502,9,83.80952454,67.61904907,95.7142868,1.080674767,0.924920201,#N/A
Fiji,FJI,0.829473197,0.855083823,0.300153196,#N/A,0.473249972,0.452733874,0.388892502,0.384415507,-0.038168993,0.061845288,-0.067485437,-0.274149209,-0.190827519,-0.071288198,-0.067774832,-0.051027689,0.553164601,0.580308676,0.91781497,0.256322026,3,78.57142639,62.38095093,95.7142868,0.639481306,0.742554724,#N/A
France,FRA,0.888228416,0.700112462,0.787016034,#N/A,0.928578258,0.181763723,0.345935553,0.401587397,0.597088873,0.563624442,0.545720041,0.51175195,0.681087554,0.602992833,0.554941535,0.448744118,0.300568491,0.106706373,-0.095359117,0.204956502,9,43.33333206,30.47619057,54.76190567,0.278989673,0.109134838,#N/A
"Micronesia, Fed. Sts.",FSM,#N/A,#N/A,#N/A,#N/A,#N/A,0.626500607,1.003250718,1.132724047,1.130558014,1.149342418,1.167336583,1.28798914,1.209316969,1.101389408,1.150869846,1.102858543,0.984550714,1.035154104,1.05758214,0.256322026,3,89.52381134,66.66666412,98.57142639,1.178530216,1.340414166,#N/A
Gabon,GAB,0.12364348,0.324185282,0.636521697,#N/A,0.405798167,0.29888311,0.407774419,0.326008767,0.220145106,0.303301662,0.263652891,0.141696498,0.299279243,0.384890914,0.29329142,0.330102742,0.149542809,0.021186959,-0.104910977,0.21260111,7,42.38095093,28.09523773,54.76190567,-0.103042968,-0.247599706,#N/A
United Kingdom,GBR,0.981750965,0.930346072,1.035284638,#N/A,0.679081917,0.272853971,0.142571852,0.126741111,0.669180095,0.575391293,0.494693518,0.121583521,0.411818206,0.351707608,0.402270734,0.486201435,0.415347636,0.517747939,0.360454053,0.204956502,9,58.57143021,47.61904907,70.47618866,0.331547111,0.048717521,#N/A
Georgia,GEO,-1.568470955,-1.635888815,-0.813292325,#N/A,-1.191802025,-1.298721552,-0.865184188,-0.754165471,-0.964483857,-0.644772351,-0.920110285,-0.966572702,-0.718320906,-0.656951964,-0.680453956,-0.441366166,-0.321507543,-0.466081887,-0.31329149,0.215967342,7,33.80952454,21.90476227,48.09523773,-0.370765328,-0.426487833,#N/A
Ghana,GHA,-0.233098611,-0.135466978,-0.359843731,#N/A,-0.163768291,0.028774206,0.03996684,0.168321386,0.00803204,-0.071785778,-0.027628802,0.029943397,0.026093241,0.167112142,0.130694985,0.060606085,-0.106807962,-0.032099333,-0.130928621,0.20779568,8,40.95238113,27.61904716,53.33333206,0.091780789,0.029897138,#N/A
Guinea,GIN,-1.150282145,-0.585923135,-1.909677148,#N/A,-1.421882272,-0.788831055,-1.034318089,-1.156667471,-1.907449245,-2.400169134,-2.098021269,-2.116101265,-1.687079072,-1.388054013,-1.287012458,-1.229851723,-0.955242753,-0.386988342,-0.393874824,0.216166675,6,31.4285717,20,45.23809433,-0.70090574,-0.87666738,#N/A
"Gambia, The",GMB,0.559322,0.675626159,0.533183634,#N/A,0.826281488,0.324019551,0.165589795,0.20212394,-0.034331392,0.047755197,0.065115325,0.124417946,0.065416984,-0.000270605,-0.000778838,-0.048636407,-0.151400715,0.019588569,-0.434412301,0.21667859,6,30,19.52380943,44.2857132,-0.084034517,-0.029553143,#N/A
Guinea-Bissau,GNB,-1.539227843,-1.856091261,-0.349943906,#N/A,-0.728957832,-0.494079441,-0.378959298,-0.564636886,-0.495186925,-0.459977478,-0.70905596,-0.666487277,-0.690954328,-0.753625989,-0.965295851,-0.899927616,-0.706451654,-0.518216372,-0.442693859,0.242965475,4,28.5714283,17.1428566,45.23809433,-0.498585135,-0.669753194,#N/A
Equatorial Guinea,GNQ,-0.132513165,-0.080742866,-0.04114157,#N/A,-0.522288918,0.113218956,-0.061746225,-0.392767757,0.165612534,0.255957812,0.204238012,0.373255581,0.236128226,0.150343806,0.232703447,0.120355181,-0.374146551,-0.205352426,-0.140868634,0.230289087,4,40.47618866,25.7142849,54.76190567,-0.170458958,-0.051122174,#N/A
Greece,GRC,0.553973258,0.771119893,0.808734059,#N/A,0.875026405,0.479343265,0.489637434,0.506985068,0.632189929,0.524189413,0.270058572,-0.207736254,-0.127206877,-0.098695189,-0.217248693,-0.171341717,-0.140445963,-0.230252355,-0.121599175,0.204956502,9,41.42856979,28.09523773,53.80952454,-0.07359606,0.092585683,#N/A
Grenada,GRD,0.913376987,0.952949345,1.018356919,#N/A,0.923647046,0.885665894,0.879528821,0.412665069,0.389241964,0.384340227,0.385927677,0.390582532,0.518380046,0.360115409,0.492649019,0.426174343,0.774568856,0.790708482,1.018932462,0.248026863,4,88.57142639,66.19047546,98.09523773,1.008940101,0.99763006,#N/A
Greenland,GRL,#N/A,#N/A,#N/A,#N/A,#N/A,#N/A,#N/A,#N/A,#N/A,#N/A,#N/A,1.518349648,1.645201087,1.940006495,1.934407234,1.931952834,1.924541116,1.943137646,1.965061545,0.353368461,2,100,96.19047546,100,1.922964573,1.939218521,#N/A
Guatemala,GTM,-1.010376453,-0.667385101,-0.768010616,#N/A,-0.836783171,-0.775090814,-0.808904588,-0.838171184,-0.735845447,-0.752272248,-0.71446681,-0.927350283,-0.852924466,-0.7441414,-0.633820176,-0.674156249,-0.655563533,-0.655060232,-0.542592645,0.20779568,8,25.23809433,15.71428585,37.61904907,-0.650593042,-0.541352987,#N/A
French Guiana,GUF,0.041002881,0.049772952,0.03496955,#N/A,0.303475589,0.314941287,0.173931926,0.207418069,0.046954747,0.056068778,0.071426935,0.303654045,0.191745475,0.193025932,0.215082258,0.218277127,0.527634025,0.568954766,0.550957084,0.244329184,3,64.76190186,51.42856979,80,0.499633074,0.530410707,#N/A
Guam,GUM,#N/A,#N/A,#N/A,#N/A,#N/A,#N/A,0.635138452,0.746486902,0.704094112,0.431763172,0.441932976,0.401667595,0.395871073,0.791545987,0.780917645,0.798485518,0.750133276,0.807903051,0.675275147,0.276124716,2,69.04762268,53.80952454,90.95237732,0.699668288,0.63341713,#N/A
Guyana,GUY,-0.265934438,0.123100288,-0.488472432,#N/A,-0.563658476,-0.436606914,-0.555374086,-0.455565393,-0.734978735,-0.558546424,-0.633733094,-0.630582929,-0.458965749,-0.434282511,-0.49961406,-0.456606746,-0.136097595,-0.139650807,-0.026062664,0.215112433,6,45.7142868,31.4285717,57.61904907,-0.04310289,-0.175065801,#N/A
"Hong Kong SAR, China",HKG,0.577103853,0.702257216,0.934918344,#N/A,0.905931175,0.948586881,1.145967603,1.337111235,1.190529943,1.103630781,1.130013347,0.966199815,0.935810566,0.94859612,1.006289482,0.922868311,1.153228521,1.04629457,0.750807106,0.238563806,6,72.38095093,58.09523773,90.95237732,0.829295397,0.794365346,#N/A
Honduras,HND,-0.470171392,0.031101383,-0.078540653,#N/A,-0.255840868,-0.379416138,-0.392198145,-0.626093209,-0.669639051,-0.43666622,-0.529580951,-0.308119982,-0.496909589,-0.390435368,-0.350115597,-0.438611597,-0.534083962,-0.468914419,-0.433312118,0.20779568,8,30.47619057,20,43.33333206,-0.56485188,-0.550987959,#N/A
Croatia,HRV,-0.039481889,0.068860143,0.278126091,#N/A,0.627438366,0.558648467,0.686098754,0.433062315,0.55918771,0.604719877,0.571746171,0.611587286,0.608463645,0.62374711,0.606891453,0.64266789,0.619112372,0.590728045,0.663769484,0.204956502,9,68.09523773,57.61904907,85.23809814,0.691868603,0.768877566,#N/A
Haiti,HTI,-0.756710827,-0.941241741,-0.629360497,#N/A,-1.2563169,-1.315101027,-1.986138582,-1.809078217,-1.393612266,-1.318480968,-1.385095119,-0.956407368,-0.940315425,-0.990167558,-0.788092673,-0.63101536,-0.643627286,-0.670838177,-0.743788064,0.216166675,6,20.95238113,11.90476227,31.4285717,-0.674394965,-0.626814425,#N/A
Hungary,HUN,1.006519914,1.218999624,0.91716373,#N/A,1.261183977,1.132545948,0.828669369,1.003020167,0.986579478,0.747173965,0.750205934,0.535674214,0.685783744,0.743254066,0.67579478,0.796646118,0.669904828,0.746297717,0.654678643,0.204956502,9,67.14286041,57.61904907,82.85713959,0.806378782,0.755211949,#N/A
Indonesia,IDN,-1.128239274,-1.728042722,-1.996119857,#N/A,-1.58229363,-2.094642878,-1.908291817,-1.518183231,-1.417039156,-1.196296215,-1.058376312,-0.751386285,-0.853916168,-0.770114183,-0.593262792,-0.519264638,-0.416824043,-0.615060687,-0.372952431,0.204956502,9,32.38095093,21.4285717,45.23809433,-0.497849405,-0.533436894,#N/A
India,IND,-0.966973364,-1.196181417,-0.998129547,#N/A,-1.209033728,-1.508780956,-1.278898835,-1.012698412,-1.063721895,-1.151810646,-1.107511878,-1.353806138,-1.2779845,-1.32679534,-1.289309859,-1.229174137,-0.99791199,-0.948493361,-0.953839839,0.204956502,9,14.76190472,10.47619057,24.76190567,-0.764699221,-0.956521392,#N/A
Ireland,IRL,1.344184279,1.512519002,1.585570574,#N/A,1.507423997,1.349686265,1.172185302,1.299880028,1.191982985,1.21446681,1.186240435,1.056545377,1.020165324,0.948998928,0.941072702,0.901075721,1.052991152,0.908455491,0.847818851,0.20956327,8,74.2857132,62.38095093,91.90476227,1.002214789,1.030591249,#N/A
"Iran, Islamic Rep.",IRN,-0.321898997,-0.690352201,-0.726326644,#N/A,-0.774513602,-0.780579567,-0.762946844,-0.784775257,-1.042581797,-0.930464864,-0.940982401,-1.562760472,-1.630591869,-1.421767712,-1.323926091,-1.249686599,-0.874987662,-0.925701737,-0.813075423,0.20779568,8,17.61904716,10.95238113,27.61904716,-0.933882415,-1.306762934,#N/A
Iraq,IRQ,-1.816353798,-1.530944228,-1.735942841,#N/A,-1.608509779,-2.392757654,-3.180797577,-2.692129612,-2.827310085,-2.768146276,-2.468628645,-2.175567865,-2.239267111,-1.846983552,-1.934050202,-2.011390448,-2.480337858,-2.260351896,-2.313587666,0.216166675,6,3.333333254,0.952380955,5.714285851,-2.306718111,-2.555859566,#N/A
Iceland,ISL,1.324025869,1.375820279,1.575938463,#N/A,1.621676922,1.517587662,1.456843734,1.444745779,1.454132318,1.484784842,1.215352178,1.190853953,1.022253633,1.244009733,1.245032072,1.287133694,1.246974587,1.308164477,1.361623883,0.20956327,8,96.19047546,86.66666412,99.52381134,1.348025799,1.412425756,#N/A
Israel,ISR,-1.150885701,-1.121567011,-1.041646004,#N/A,-1.461521626,-1.519039392,-1.322921515,-1.247689486,-1.259750724,-1.249815106,-1.321099162,-1.626285553,-1.341151714,-1.201318026,-1.07890439,-1.101284742,-1.039735317,-1.094912767,-0.794536352,0.20956327,8,19.04761887,11.4285717,28.09523773,-0.887830794,-0.932477772,#N/A
Italy,ITA,1.111219525,1.192413926,0.91807127,#N/A,0.838929832,0.432390749,0.270300448,0.490132987,0.531827509,0.447652072,0.549200594,0.348210901,0.473923683,0.501207411,0.508217514,0.495499194,0.458165407,0.3759197,0.369415313,0.204956502,9,59.04761887,47.61904907,70.47618866,0.306728214,0.311193287,#N/A
Jamaica,JAM,0.111415185,0.085000902,0.186778545,#N/A,-0.209650055,-0.383334249,-0.345227987,-0.297936231,-0.31886375,-0.254538953,-0.305185735,-0.361947119,-0.429541469,-0.062983334,0.120508112,0.182374373,0.024492532,0.096484482,0.307683945,0.20779568,8,57.1428566,45.23809433,66.66666412,0.309154004,0.48691538,#N/A
Jordan,JOR,-0.044003528,0.075997278,0.000683535,#N/A,-0.461081803,-0.073603451,-0.234769151,-0.133757681,-0.763257384,-0.299698919,-0.369225621,-0.354287297,-0.31249252,-0.513562262,-0.523977637,-0.606315255,-0.540025532,-0.605778575,-0.492398381,0.204956502,9,27.1428566,17.1428566,39.52381134,-0.497875422,-0.379405141,#N/A
Japan,JPN,1.162647605,1.247656107,1.198904634,#N/A,1.179546118,1.027568579,1.028518796,1.036057591,1.138634086,1.010044575,0.894153655,0.975735784,0.879353166,0.995091975,0.948442876,1.019141912,0.968597353,1.06512773,0.982944191,0.204956502,9,82.38095093,66.66666412,95.7142868,1.111926913,1.05969286,#N/A
Kazakhstan,KAZ,-0.368922919,0.194810033,0.090767778,#N/A,0.358307242,0.356537879,0.070233084,0.188951969,0.208218947,0.647418559,0.623934805,0.776811421,0.522971809,-0.338570565,-0.408455014,-0.402473897,0.036018156,-0.035000283,0.008457483,0.204956502,9,47.61904907,32.8571434,57.61904907,0.041148175,0.000405208,#N/A
Kenya,KEN,-0.653899491,-0.904797614,-1.068249822,#N/A,-1.186470747,-1.262861729,-1.086908579,-1.249827743,-1.125181913,-1.302541018,-1.391941071,-1.425457478,-1.165523529,-1.244790792,-1.323441267,-1.166930914,-1.282247186,-1.244405627,-1.354791045,0.20779568,8,10,7.142857075,13.80952358,-1.131752372,-1.164112568,#N/A
Kyrgyz Republic,KGZ,-0.174259156,-0.166231737,-0.183197498,#N/A,-0.614028633,-1.09886694,-1.18388927,-1.175120831,-1.386015654,-0.989464164,-0.569574118,-0.624972045,-1.039652348,-1.098030686,-0.911251366,-0.911773801,-0.804615676,-0.882437944,-0.646861911,0.22024554,6,23.33333397,13.80952358,35.23809433,-0.427142173,-0.582028568,#N/A
Cambodia,KHM,-1.102753401,-1.261917114,-0.778639078,#N/A,-0.727674782,-0.652526021,-0.408753872,-0.396175206,-0.347723693,-0.362984926,-0.300469309,-0.562560201,-0.50098443,-0.304419667,-0.103577204,-0.136436149,0.023174802,0.061942287,0.211037859,0.215967342,7,53.80952454,39.52381134,65.23809814,0.091168374,0.108229026,#N/A
Kiribati,KIR,#N/A,#N/A,#N/A,#N/A,#N/A,1.166212082,1.156443596,1.384696484,1.348995447,1.340643764,1.337765336,1.40275228,1.422731638,1.302488327,1.290351152,1.28392601,0.801865816,0.843560576,0.87323606,0.290933132,2,75.23809814,59.04761887,95.7142868,0.881227732,1.033781409,#N/A
St. Kitts and Nevis,KNA,#N/A,#N/A,#N/A,#N/A,#N/A,1.166212082,1.364291191,1.285174251,1.210339546,0.80225879,0.920609415,1.091904402,1.036112189,0.957588255,0.975788057,0.958863378,0.572488189,0.582326353,0.626330733,0.248026863,4,66.66666412,53.80952454,88.57142639,0.646921515,0.710467637,#N/A
"Korea, Rep.",KOR,0.568613172,0.514327407,0.398062229,#N/A,0.240779549,0.24839808,0.428416938,0.484627485,0.423494428,0.566274464,0.421894372,0.409564555,0.325895816,0.412495643,0.267103314,0.278578639,0.108568802,0.161014125,0.163468957,0.204956502,9,52.38095093,38.57143021,62.38095093,0.32132259,0.544970691,#N/A
Kuwait,KWT,0.172681257,0.455152571,0.752351284,#N/A,-0.153677583,0.29399085,0.344594777,0.250893533,0.411089778,0.620396674,0.501609623,0.352784306,0.451988816,0.311102718,0.203606218,0.16605559,0.149006546,-0.213420272,-0.049683165,0.21260111,7,45.23809433,30.47619057,56.66666794,-0.045894034,0.110289522,#N/A
Lao PDR,LAO,0.371166617,-0.191325411,-0.579063475,#N/A,-0.104523376,-1.232275605,-0.61118269,-0.492890745,-0.085582949,-0.175780356,0.017066929,-0.158739686,-0.282062978,-0.058007225,0.03373903,0.0674439,0.498692989,0.541362047,0.532291293,0.221377477,6,64.2857132,52.38095093,76.19047546,0.396578312,0.415007025,#N/A
Lebanon,LBN,-0.667669713,-0.750638485,-0.438739389,#N/A,-0.356051475,-0.459407836,-0.714452863,-1.001986742,-1.80739677,-2.116773129,-1.875796199,-1.561681509,-1.62501502,-1.558287501,-1.664812326,-1.690353394,-1.697941303,-1.702586532,-1.618972659,0.20779568,8,8.095237732,5.714285851,10.47619057,-1.627301693,-1.644890547,#N/A
Liberia,LBR,-2.436677456,-1.750877857,-1.951944709,#N/A,-2.19144249,-2.15933609,-1.366980672,-1.361708999,-1.329630375,-1.243969083,-1.285085559,-1.051082492,-0.46852529,-0.42737025,-0.484476507,-0.475507081,-0.615449607,-0.818025708,-0.437407762,0.211597949,7,29.52380943,19.52380943,43.33333206,-0.361599892,-0.192403227,#N/A
Libya,LBY,-0.987404466,-0.808284461,-0.296994478,#N/A,-0.097466819,0.120380692,0.355195284,0.448767394,0.357819289,0.746703565,0.808253288,0.833272934,0.028088447,-1.287379265,-1.58695972,-1.844076514,-2.353407145,-2.196628332,-2.283329964,0.216166675,6,3.809523821,0.952380955,5.714285851,-2.361831188,-2.44138813,#N/A
St. Lucia,LCA,1.031386375,0.347688705,1.219243526,#N/A,0.358000457,1.166212082,1.219158292,1.00267911,0.86167413,0.617840588,0.640583396,0.687035084,0.790275514,0.849078357,0.893705666,0.853357732,0.816450417,0.853690803,1.018932462,0.248026863,4,88.57142639,66.19047546,98.09523773,0.989217162,1.013305545,#N/A
Liechtenstein,LIE,1.170157313,1.183644533,1.167002082,#N/A,1.282038689,1.464985609,1.514584303,1.384696484,1.348995447,1.340643764,1.337765336,1.553990602,1.54408741,1.490579605,1.389199615,1.397171617,1.458861828,1.457840443,1.47792685,0.25440973,3,98.57142639,89.52381134,99.52381134,1.481055856,1.484191298,#N/A
Sri Lanka,LKA,-1.775384188,-1.479620337,-1.904785633,#N/A,-0.77743572,-0.833545923,-1.011550546,-1.154863954,-1.42180264,-1.748256564,-1.796857476,-1.342192411,-0.942946851,-0.72477144,-0.717079222,-0.612895429,-0.330464035,0.090368114,-0.004029536,0.20779568,8,46.66666794,32.8571434,57.61904907,-0.071189493,-0.183164224,#N/A
Lesotho,LSO,0.232398674,-0.118553542,0.095085874,#N/A,-0.047316432,0.099743605,0.357608318,-0.004366194,-0.125866547,-0.390631735,-0.205928907,0.325991601,0.456775397,0.383940756,0.274199098,0.338074297,-0.332812041,-0.308428764,-0.236465171,0.225992307,5,37.1428566,24.76190567,49.04761887,-0.186701357,-0.218328625,#N/A
Lithuania,LTU,0.522728026,0.428578764,0.424549162,#N/A,0.892244935,1.050330877,0.765573204,0.777192235,0.870375872,0.817277193,0.746256948,0.631208837,0.715260625,0.671200335,0.786209881,0.964532316,0.742136419,0.759793997,0.828279972,0.20956327,8,73.80952454,62.38095093,91.90476227,0.775618613,0.752799034,#N/A
Luxembourg,LUX,1.380314231,1.384049892,1.606134653,#N/A,1.639529586,1.441612601,1.315856695,1.332352638,1.400937438,1.482909203,1.51231277,1.450532794,1.461218596,1.317426801,1.331918836,1.335248113,1.378323793,1.439398408,1.419484735,0.20956327,8,98.09523773,90,99.52381134,1.325734138,1.373403668,#N/A
Latvia,LVA,0.560286164,0.033620328,0.41619271,#N/A,0.944377661,1.002394199,0.617279768,0.814194143,0.838641167,0.562218428,0.204594895,0.348459661,0.527854025,0.320002139,0.453626722,0.593635261,0.487268358,0.443747222,0.479069233,0.20956327,8,62.38095093,49.04761887,73.33333588,0.462095708,0.421534508,#N/A
Kosovo,KSV,#N/A,#N/A,#N/A,#N/A,#N/A,#N/A,#N/A,#N/A,#N/A,#N/A,1.007469773,0.425015926,-1.044821143,-1.04214704,-1.038502336,-0.966146648,-0.340774536,-0.199357048,-0.282406956,0.230289087,4,35.7142868,22.38095284,49.04761887,-0.246091917,-0.605488837,#N/A
"Macao SAR, China",MAC,0.266833752,0.276547253,0.487782598,#N/A,0.548116386,1.122223496,1.352570653,1.28555572,0.973284423,0.456859827,0.477436393,0.605487645,0.573578119,0.607760489,0.628785551,0.757722914,1.206168532,1.202256441,1.417061567,0.273738325,2,97.61904907,80,99.52381134,1.430437684,1.262964249,#N/A
Morocco,MAR,-0.207399115,0.308589697,-0.065594815,#N/A,-0.264196336,-0.405340433,-0.312351018,-0.555952489,-0.461175293,-0.500054657,-0.570644796,-0.397728533,-0.383013308,-0.392256796,-0.470458776,-0.493017614,-0.446265608,-0.341487437,-0.312573463,0.20779568,8,34.2857132,22.8571434,47.61904907,-0.373956084,-0.331886232,#N/A
Monaco,MCO,#N/A,#N/A,#N/A,#N/A,#N/A,1.166212082,1.110187769,1.028071165,1.005489945,1.035064936,1.026809812,0.97119087,0.964173734,1.042408824,1.048162341,1.056243896,1.023347855,0.991801858,1.014576674,0.392912358,2,86.66666412,59.04761887,99.52381134,1.630003691,1.612102151,#N/A
Moldova,MDA,0.010437623,0.389010191,-0.431980342,#N/A,-0.162462309,-0.131737024,-0.220996439,-0.404873133,-0.371415973,-0.015208268,-0.270948768,-0.585581064,-0.381340742,-0.049293749,0.046490479,0.000808572,-0.158987761,-0.327440172,-0.303559899,0.20779568,8,34.76190567,23.33333397,48.09523773,-0.318968028,-0.349016547,#N/A
Madagascar,MDG,0.217064202,0.196865603,0.160623714,#N/A,-0.230007097,0.621699691,0.244327947,-0.021505281,0.183486104,0.089657471,-0.470053136,-0.732852578,-0.978338838,-0.705585897,-0.536136985,-0.65999341,-0.557235837,-0.427362889,-0.290094614,0.20779568,8,35.23809433,23.33333397,48.09523773,-0.30126366,-0.519036293,#N/A
Maldives,MDV,0.881121993,1.114385843,1.179369807,#N/A,1.075046897,1.03205359,0.502297878,0.81151551,0.758023858,0.083124295,-0.164179891,-0.231113032,-0.166243851,-0.242630184,-0.365171462,0.125037372,0.679096162,0.420671523,0.420992821,0.256322026,3,61.42856979,47.1428566,73.80952454,0.231961772,0.095090091,#N/A
Mexico,MEX,-0.923007131,-0.4209342,-0.198165193,#N/A,-0.056014918,-0.116508655,-0.213860646,-0.447937936,-0.638032675,-0.72844547,-0.803766072,-0.685495853,-0.726463437,-0.667768598,-0.662454188,-0.714223802,-0.853918791,-0.798699081,-0.629069388,0.204956502,9,23.80952454,14.28571415,34.76190567,-0.715322971,-0.572436988,#N/A
Marshall Islands,MHL,#N/A,#N/A,#N/A,#N/A,#N/A,1.166212082,1.12773025,1.067156076,1.036490917,1.084265351,1.007469773,1.383552551,1.153065562,1.061803818,1.026400208,1.054114819,0.989585757,0.919473767,0.207749218,0.570590556,1,53.33333206,20.95238113,90.95237732,0.874351561,0.862738311,#N/A
"Macedonia, FYR",MKD,-0.48029688,-0.712203383,-0.61672163,#N/A,-1.037647963,-0.988463879,-0.852691352,-1.158371925,-0.73793745,-0.425797373,-0.296046674,-0.299243689,-0.518517077,-0.617963791,-0.492649525,-0.416076392,0.256382942,-0.287016064,-0.351204664,0.215967342,7,32.8571434,21.4285717,47.1428566,-0.254322886,-0.196676075,#N/A
Mali,MLI,0.363845855,0.427290767,0.239888325,#N/A,0.410803497,0.258125752,0.453274637,0.175682545,0.413544327,0.230947837,0.210366488,-0.075570926,-0.182899222,-0.708379745,-2.034328699,-1.722162127,-1.713988781,-1.685663939,-1.617232561,0.21260111,7,8.571428299,5.714285851,10.47619057,-1.906589508,-2.051259756,#N/A
Malta,MLT,1.324025869,1.425197244,1.586911201,#N/A,1.599425793,1.54828465,1.318087578,1.380161762,1.23047781,1.268683791,1.272664905,1.248981118,1.253456235,1.06393671,1.065075159,1.042757869,1.125496984,1.063938618,1.080441356,0.21260111,7,90.47618866,71.42857361,98.09523773,1.249139667,1.294192553,#N/A
Myanmar,MMR,-1.25673914,-1.4825598,-1.674297214,#N/A,-1.414158821,-1.154663801,-0.986275554,-0.903265834,-0.852520823,-1.064485431,-1.092701435,-1.294215441,-1.285928011,-1.111098409,-0.943674982,-1.140372396,-1.087580681,-1.165066719,-0.804619908,0.211121112,7,18.09523773,10.95238113,28.09523773,-1.084677935,-1.309010983,#N/A
Mongolia,MNG,0.747289896,0.352925599,0.823521256,#N/A,1.171598315,0.963757277,0.773671269,0.878287911,0.646917999,0.668420732,0.540898263,0.611256778,0.597042263,0.606538892,0.471134812,0.491320789,0.791901171,0.716384351,0.797792852,0.204956502,9,73.33333588,61.90476227,90.95237732,0.78880471,0.788799465,#N/A
Montenegro,MNE,#N/A,#N/A,#N/A,#N/A,#N/A,#N/A,#N/A,#N/A,0.042552851,0.107555561,0.765100598,0.816264451,0.584210992,0.565341532,0.596563041,0.504595459,0.219455272,0.140797719,0.27663064,0.225992307,5,55.7142868,43.33333206,66.66666412,-0.057770703,0.108020931,#N/A
Mozambique,MOZ,-0.049613435,0.112963997,-0.125045419,#N/A,0.186405927,0.246201202,0.002371698,0.124558069,0.519500732,0.357609153,0.381511301,0.626185596,0.394421875,0.332048267,0.390493691,-0.22696647,-0.336002737,-0.513895094,-1.094004512,0.21260111,7,12.85714245,8.571428299,20.47619057,-0.928111851,-0.783670664,#N/A
Mauritania,MRT,0.367951274,0.352372348,0.344207674,#N/A,0.380958349,0.059772704,-0.165007859,-0.230490953,0.238642186,-0.278341889,-0.642188609,-0.883717835,-1.076169848,-1.173678875,-1.133991718,-1.014761448,-0.589508355,-0.63780123,-0.746967673,0.221377477,6,20.47619057,11.4285717,31.4285717,-0.626858711,-0.667778313,#N/A
Martinique,MTQ,0.266833752,0.276547253,0.487782598,#N/A,0.548116386,0.853129327,1.256973028,1.193962097,1.107798457,1.086767077,0.593781531,0.401667595,0.395871073,0.618969917,0.581581712,0.626667917,0.913897812,0.983049035,0.999670088,0.276124716,2,85.23809814,64.2857132,98.09523773,1.001691103,0.985822499,#N/A
Mauritius,MUS,1.088934779,0.96720773,0.756729424,#N/A,1.118453264,1.010154247,0.974734128,1.027774453,0.780406058,0.878801227,0.889809728,0.706366539,0.640258789,0.946499407,0.971312404,0.944801748,0.667965949,0.998615384,1.013186932,0.221377477,6,86.19047546,66.66666412,96.19047546,0.970916033,0.87283802,#N/A
Malawi,MWI,-0.454830498,-0.06881348,-0.327059031,#N/A,0.003256926,0.040978003,0.123354875,0.104501933,0.119262151,0.082475796,-0.06218075,0.053240187,0.043895766,-0.072912723,-0.002686169,-0.205809802,0.081093207,0.031896148,-0.113478556,0.211597949,7,41.90476227,28.09523773,54.2857132,-0.251155049,-0.325022519,#N/A
Malaysia,MYS,0.571892738,-0.037300333,0.094189957,#N/A,0.540112317,0.486050218,0.347444683,0.564770043,0.287723362,0.19377324,0.108325094,-0.042381134,0.143352136,0.077409767,-0.005212402,0.051791593,0.266619146,0.258957565,0.136824623,0.204956502,9,49.52381134,38.09523773,61.90476227,0.116352133,0.237390101,#N/A
Namibia,NAM,0.854775846,0.50568825,-0.254226834,#N/A,0.14529933,0.477720737,0.664465785,0.625277162,0.782986701,1.018451691,1.200234175,0.928174019,0.846940041,0.911657512,0.978104293,0.958809972,0.608740628,0.733112812,0.710089684,0.21260111,7,70.95237732,58.57143021,89.52381134,0.628199875,0.65377748,#N/A
Niger,NER,0.026345331,-0.314050764,0.124792472,#N/A,-0.128125787,0.042669598,-0.506194651,-0.488364995,-0.227492884,-0.458439171,-0.668419242,-1.150329709,-1.160744548,-0.878004491,-1.148130894,-1.321799397,-1.175840497,-1.066546202,-1.103307009,0.216166675,6,11.90476227,8.571428299,20,-1.265569448,-1.260566473,#N/A
Nigeria,NGA,-1.055459261,-0.586372912,-1.456143498,#N/A,-1.625118494,-1.633998275,-1.753986955,-1.667194843,-2.034140825,-2.01133132,-1.860629082,-1.99507153,-2.211123228,-1.956454515,-2.042073727,-2.088478327,-2.130276442,-1.925442815,-1.877709866,0.20779568,8,6.190476418,4.285714149,8.571428299,-1.998826861,-2.192699909,#N/A
Nicaragua,NIC,-0.516132593,-0.490144521,-0.063983195,#N/A,-0.089238815,-0.367051452,-0.341270298,-0.338723123,-0.26761952,-0.119483456,-0.221899137,-0.305605233,-0.499709249,-0.269735813,-0.348777562,-0.249215871,-0.040780123,-0.086607538,-0.088797748,0.211121112,7,43.80952454,29.52380943,55.23809433,-0.048922233,-0.801350534,#N/A
Niue,NIU,#N/A,#N/A,#N/A,#N/A,#N/A,#N/A,#N/A,#N/A,#N/A,#N/A,#N/A,1.144706488,1.322361231,#N/A,#N/A,#N/A,#N/A,#N/A,#N/A,#N/A,#N/A,#N/A,#N/A,#N/A,#N/A,#N/A,#N/A
Netherlands,NLD,1.525927901,1.594168544,1.760102391,#N/A,1.306483865,1.162664294,1.01708138,0.988921285,0.902911663,0.778520107,0.86502707,0.944917858,0.940750122,1.113630772,1.187464714,1.143815398,1.045115352,0.926119328,0.912267506,0.204956502,9,77.61904907,65.23809814,93.33333588,0.920907319,0.868293405,#N/A
Norway,NOR,1.456473351,1.438815117,1.533919573,#N/A,1.610245466,1.205565333,1.197583795,1.296115756,1.253358245,1.145414233,1.285149574,1.275409818,1.332311511,1.337976933,1.327469826,1.352091908,1.11995852,1.161716104,1.200074434,0.204956502,9,93.33333588,74.2857132,99.52381134,1.170228004,1.153804302,#N/A
Nepal,NPL,-0.070961654,-0.728331447,-1.165415883,#N/A,-1.721528172,-1.891537189,-2.149071693,-2.099816322,-1.894412637,-1.883255243,-1.834440589,-1.619922876,-1.583971143,-1.416443586,-1.381232262,-1.129146099,-0.72459954,-0.998334587,-0.84681201,0.215967342,7,17.1428566,10.95238113,26.66666603,-0.691093385,-0.625145853,#N/A
Nauru,NRU,#N/A,#N/A,#N/A,#N/A,#N/A,1.166212082,1.12773025,1.067156076,1.036490917,1.084265351,1.007469773,1.383552551,1.453984499,1.061803818,1.026400208,1.054114819,0.601334393,0.54376024,0.579077244,0.570590556,1,65.7142868,32.38095093,99.04762268,0.51870805,0.512634337,#N/A
New Zealand,NZL,1.341310501,1.315322638,1.362311721,#N/A,1.322602153,1.189063907,1.500640273,1.253894687,1.255410314,1.243147492,1.162777781,1.070570588,1.236488819,1.376731038,1.361365557,1.453926563,1.467927575,1.525453329,1.519183397,0.204956502,9,99.52381134,91.90476227,99.52381134,1.587231874,1.541482449,#N/A
Oman,OMN,0.874472916,0.85515517,1.122518063,#N/A,0.926792622,1.061241388,1.115455747,0.945716739,0.840647519,0.939023852,0.922230303,0.826635301,0.59024173,0.43244046,0.462077081,0.459530205,0.734907329,0.783339798,0.760053039,0.21260111,7,72.85713959,59.52381134,90.47618866,0.754207551,0.654591203,#N/A
Pakistan,PAK,-1.124411702,-1.120790124,-1.10303247,#N/A,-1.640733004,-1.548632026,-1.583140016,-1.753716588,-2.025915861,-2.429894209,-2.572858095,-2.644810915,-2.675933123,-2.810035467,-2.677003622,-2.603302002,-2.401279211,-2.482707977,-2.483173132,0.20779568,8,1.428571463,0,4.285714149,-2.405903339,-2.267434835,#N/A
Panama,PAN,0.124737382,0.370817572,0.252953976,#N/A,0.344815314,0.073933519,0.084792644,-0.157878503,-0.068027698,-0.060681358,-0.097065493,0.06368117,-0.116048209,-0.028218862,-0.179432675,-0.141260922,0.209008202,0.386077255,0.411430061,0.20779568,8,60,48.57143021,72.38095093,0.389708817,0.277154714,#N/A
Palau,PLW,#N/A,#N/A,#N/A,#N/A,#N/A,1.166212082,1.12773025,1.067156076,1.036490917,1.084265351,1.007469773,1.383552551,1.453984499,1.061803818,1.026400208,1.054114819,0.989585757,0.919473767,0.950405359,0.570590556,1,80,47.61904907,99.52381134,0.874351561,0.862738311,#N/A
Peru,PER,-1.058624029,-0.519252241,-0.988731205,#N/A,-0.967531919,-1.161484957,-1.026663542,-0.975160301,-0.840538502,-0.773058116,-0.890705526,-1.179882884,-0.999915421,-0.760749698,-0.907364726,-0.80573976,-0.550656915,-0.397571415,-0.201726943,0.204956502,9,38.09523773,25.23809433,49.04761887,-0.259535372,-0.2593005,#N/A
Philippines,PHL,-0.476550221,-0.254036814,-1.388930202,#N/A,-0.856128156,-1.558961034,-1.70591259,-1.182505965,-1.640323877,-1.602893353,-1.77831316,-1.727586031,-1.650759578,-1.392181635,-1.18824029,-1.084253192,-0.713820934,-0.855662465,-1.379818797,0.204956502,9,9.523809433,7.142857075,13.33333302,-1.184900761,-1.121843934,#N/A
Papua New Guinea,PNG,-0.772879779,-0.106483884,-0.210368395,#N/A,-0.552648723,-0.559461415,-0.550495028,-0.926327348,-0.872475564,-0.747278035,-0.613367856,-0.792315245,-0.808443785,-0.754677415,-0.590442359,-0.520246863,-0.339367092,-0.422148317,-0.504772067,0.220456973,5,26.19047546,16.66666603,39.52381134,-0.69777602,-0.666998088,#N/A
Poland,POL,0.830975652,0.839138985,0.309126228,#N/A,0.74435544,0.578120112,0.152949288,0.361621618,0.353656739,0.682737291,0.910481274,0.938080609,1.01733005,1.072062969,1.04947865,0.973354995,0.842940807,0.874852359,0.507241964,0.204956502,9,63.33333206,52.38095093,73.80952454,0.518246651,0.545012355,#N/A
Puerto Rico,PRI,0.266833752,0.276547253,0.261376053,#N/A,0.303475589,0.314941287,0.55882585,0.448228389,0.379422665,0.41122061,0.267709672,0.155397117,0.356976479,0.600148976,0.584973395,0.249155894,0.819992661,0.855120778,0.689354002,0.230289087,4,70.47618866,57.1428566,90,0.484609783,0.400011331,#N/A
"Korea, Dem. Rep.",PRK,-0.503748477,-0.416480958,-0.012887425,#N/A,0.183864236,0.223692581,0.222991198,0.018272253,-0.026111159,0.536978483,0.521030486,-0.027529098,-0.296562105,-0.251826197,-0.012876378,-0.441554099,-1.134743333,-1.153404713,-0.680760682,0.220456973,5,21.90476227,13.33333302,32.8571434,-0.502105832,-0.351632595,#N/A
Portugal,PRT,1.286602974,1.369237065,1.397726178,#N/A,1.438887477,1.290926337,0.970771909,1.017610312,0.952955604,0.821818531,0.988454103,0.787634373,0.717686951,0.741739273,0.775272608,0.748763442,0.806274414,0.917840123,0.974051416,0.204956502,9,80.47618866,66.66666412,94.76190186,1.118345737,1.140031457,#N/A
Paraguay,PRY,-0.458293498,-0.743759394,-0.971018493,#N/A,-1.215547681,-0.748829186,-0.565201402,-0.651111186,-0.774723649,-0.738072515,-0.724694967,-0.882129192,-0.834862232,-0.692596555,-0.871902168,-0.735861599,-0.08862751,0.038498022,0.141789719,0.21260111,7,50.47618866,37.61904907,62.38095093,0.001733716,-0.119297512,#N/A
Qatar,QAT,0.360229105,1.058954477,1.158569336,#N/A,0.82889092,1.186441302,1.123417139,1.027022958,0.926315367,0.952188432,1.114858627,1.223623157,1.15385592,1.174731016,1.223598838,1.212546468,0.977457762,0.996630371,0.90023458,0.20956327,8,76.66666412,64.76190186,93.33333588,0.66100353,0.678372383,#N/A
Réunion,REU,#N/A,#N/A,#N/A,#N/A,#N/A,#N/A,0.430157751,0.476952463,0.704094112,0.699857235,0.441932976,0.401667595,0.395871073,0.416657001,0.431884825,0.423821241,0.257044077,0.285934329,0.316858262,0.32092151,1,57.61904907,37.61904907,73.80952454,0.319797993,0.269214123,#N/A
Romania,ROM,0.598171532,0.500386059,-0.382385701,#N/A,0.463401139,0.320590228,0.059024166,0.084560886,0.147871539,0.198379144,0.17996037,0.360215306,0.273600399,0.186090663,0.082341559,0.179133072,0.049136128,0.189114437,0.277196616,0.204956502,9,56.19047546,44.2857132,66.19047546,0.056355007,0.059308205,#N/A
Russian Federation,RUS,-1.174437046,-1.085838199,-1.396771669,#N/A,-0.721183479,-1.191555858,-1.513351083,-1.268545747,-0.907793164,-0.861341715,-0.749369323,-0.968456686,-0.929458737,-0.998262107,-0.817712665,-0.73609364,-0.943617463,-1.029335141,-0.946210265,0.204956502,9,15.23809528,10.47619057,24.76190567,-0.640550435,-0.50372088,#N/A
Rwanda,RWA,-1.842791677,-2.034042597,-1.692821145,#N/A,-1.653260112,-1.112362862,-1.187091708,-1.00225234,-0.682114542,-0.358308077,-0.32393375,-0.506201327,-0.272093862,-0.17711778,-0.230615199,-0.110951617,-0.313469648,0.013241149,-0.054899286,0.221377477,6,44.76190567,30.47619057,57.1428566,0.088042714,0.115950741,#N/A
Samoa,WSM,1.320034742,1.341902375,1.282059669,#N/A,1.097169161,1.271879077,1.158046603,1.13220048,1.097869635,1.004172683,1.097311258,0.957247078,0.765691876,0.988590956,0.99924016,0.98900789,1.12190485,1.183973908,1.197349429,0.256322026,3,92.85713959,72.85713959,99.52381134,1.178530216,1.1867553,#N/A
Saudi Arabia,SAU,-0.187702015,0.111408316,0.226508111,#N/A,0.002478042,0.141362697,-0.65533185,-0.243672684,-0.52360779,-0.466703027,-0.337170124,-0.491158813,-0.226726979,-0.464799643,-0.480688244,-0.431784123,-0.285844654,-0.626398981,-0.464828491,0.20956327,8,28.09523773,17.61904716,41.42856979,-0.58099395,-0.518111348,#N/A
Sudan,SDN,-2.476772308,-2.255796909,-2.243965387,#N/A,-1.843841314,-1.976665139,-1.550556302,-1.976114511,-2.139491081,-2.3597157,-2.485255241,-2.64789629,-2.665277719,-2.522917271,-2.260563374,-2.193009615,-2.363084555,-2.162183285,-2.337218046,0.216166675,6,2.857142925,0.476190478,4.761904716,-1.977146029,-1.835868835,#N/A
Senegal,SEN,-0.60249871,-0.985934556,-0.590723217,#N/A,-0.274070591,-0.249979705,0.028720893,-0.204454094,-0.26409024,-0.243885934,-0.147697344,-0.204305291,-0.41792497,-0.280602247,-0.108322032,-0.060722835,-0.198223099,-0.116664805,-0.218255326,0.20779568,8,37.61904907,24.76190567,49.04761887,-0.050564539,-0.088632748,#N/A
Singapore,SGP,1.116893291,0.930050194,1.141278267,#N/A,1.257209063,0.878139079,1.094727516,1.15648365,1.250259042,1.174121737,1.345580578,1.17944622,1.169414878,1.191421747,1.368174553,1.378178358,1.186271429,1.311752796,1.495758653,0.204956502,9,99.04762268,91.42857361,99.52381134,1.615337968,1.510338783,#N/A
Solomon Islands,SLB,1.031386375,1.109699368,-0.73633939,#N/A,-0.443107158,0.356644809,0.018317102,-0.017662611,0.067419022,0.23007606,0.206933588,0.214392096,0.343293846,0.307558388,0.187316343,0.300382704,0.470224828,0.660984755,0.506028414,0.256322026,3,62.8571434,49.04761887,79.04762268,0.198967397,0.300414711,#N/A
Sierra Leone,SLE,-1.694583774,-2.169111252,-1.869124293,#N/A,-0.688648164,-1.08038938,-0.513328433,-0.479250193,-0.302183747,-0.060830321,-0.238069043,-0.288516462,-0.236645371,-0.168444857,-0.279945284,-0.174718276,-0.104039676,-0.102516763,-0.159926459,0.211597949,7,39.52381134,25.7142849,52.38095093,-0.035891548,-0.029891638,#N/A
El Salvador,SLV,-0.213713154,0.092028342,0.33216393,#N/A,0.297612548,-0.179622203,-0.068681218,-0.03310702,-0.166958243,-0.006319272,0.040578935,-0.006189431,0.058842227,0.111001194,0.234583974,-0.033658903,-0.024590004,-0.016997365,-0.099291377,0.20779568,8,42.8571434,29.04761887,54.76190567,-0.260032892,-0.334850758,#N/A
San Marino,SMR,#N/A,#N/A,#N/A,#N/A,#N/A,1.166212082,1.12773025,1.067156076,1.036490917,1.084265351,1.007469773,1.383552551,1.453984499,1.061803818,1.026400208,1.054114819,0.989585757,0.919473767,0.950405359,0.570590556,1,80,47.61904907,99.52381134,0.874351561,0.862738311,#N/A
Somalia,SOM,-2.507271528,-2.140620232,-1.949348211,#N/A,-2.375751495,-2.575844288,-2.880442619,-2.709518194,-2.74855876,-3.224752665,-3.280529737,-3.314936638,-3.130971432,-3.083846569,-2.860755444,-2.758686543,-2.515828133,-2.380827904,-2.357362509,0.216166675,6,2.380952358,0.476190478,4.761904716,-2.258666515,-2.219771385,#N/A
São Tomé and Principe,STP,1.048929691,1.082600355,1.150208235,#N/A,0.554480493,0.259627223,0.572108805,0.57575047,0.346145242,0.393938959,0.175625041,0.146008536,0.115442857,0.0078264,0.013335418,0.111840725,0.184183002,0.144042566,0.223286852,0.230289087,4,54.2857132,39.52381134,65.7142868,0.185976192,0.533567071,#N/A
Suriname,SUR,0.440217286,0.598621786,0.21041359,#N/A,0.4913463,0.483191162,0.301255226,0.230351433,-0.015526857,-0.017271595,0.098337017,0.146216318,0.082475461,0.119975284,0.079325452,0.132779226,0.249270841,0.256688297,0.162081346,0.215112433,6,51.90476227,38.09523773,63.80952454,0.126621231,0.07732518,#N/A
Slovak Republic,SVK,0.878843844,1.179815292,0.661850512,#N/A,0.939008474,0.947514594,0.592736006,0.895388782,0.781917274,1.035826325,1.080770254,0.919053733,1.053316832,0.974757314,1.08840096,1.119518161,1.039121151,0.874545217,0.721170664,0.20956327,8,71.42857361,59.04761887,90,0.909786284,0.750438273,#N/A
Slovenia,SVN,1.310593009,1.242043138,0.885953069,#N/A,1.302580833,1.186496615,1.080859303,1.091757059,1.084756851,1.097748756,1.147953272,0.93480581,0.866508842,0.969209671,0.935110688,0.88225168,0.965773404,0.953392744,0.990436018,0.204956502,9,82.85713959,66.66666412,95.7142868,0.873203278,0.910918295,#N/A
Sweden,SWE,1.456473351,1.398288131,1.392898321,#N/A,1.478317618,1.342788935,1.362902045,1.30102706,1.294892907,1.271177053,1.129975915,1.085467935,1.094170451,1.230688095,1.170597196,1.127778053,1.065414786,0.947106421,1.017940879,0.204956502,9,87.14286041,69.52381134,95.7142868,0.98420006,0.913687646,#N/A
Swaziland,SWZ,-0.206514269,-0.004795241,0.036450624,#N/A,0.126205698,0.066520616,-0.005302975,-0.395542771,-0.27280128,0.048024133,-0.079301067,-0.014544393,-0.076072693,-0.479735821,-0.407692343,-0.431911141,-0.500559747,-0.476151049,-0.488716841,0.230289087,4,27.61904716,16.66666603,41.90476227,-0.267013967,-0.308632404,#N/A
Seychelles,SYC,1.048929691,1.082600355,1.282059669,#N/A,0.901524663,0.645840406,0.656815946,0.933235884,0.914025187,0.787827134,0.750472367,0.598920882,0.856766224,0.937754095,0.744266331,0.825588942,0.361632437,0.688779771,0.73300451,0.230289087,4,71.90476227,58.09523773,90.47618866,0.793180645,0.697019696,#N/A
Syrian Arab Republic,SYR,-0.345538497,-0.041840475,-0.178229675,#N/A,0.278355867,0.064804815,-0.286370724,-0.462957382,-0.277454674,-0.338194132,-0.336422682,-0.50695616,-0.805789709,-2.012106895,-2.682273865,-2.681142807,-2.74882412,-2.974081039,-2.916323185,0.220456973,5,0,0,0.952380955,-2.620377302,-2.73962307,#N/A
Chad,TCD,-0.997220874,-1.303814769,-1.13594234,#N/A,-1.560968637,-1.372347236,-1.539691925,-1.443999052,-1.832306385,-1.865932584,-1.966756105,-1.728324413,-1.524827719,-1.318085194,-1.044117332,-1.089472294,-1.568882704,-0.974552572,-1.302364707,0.221377477,6,10.47619057,7.142857075,15.23809528,-1.287329674,-1.478994727,#N/A
Togo,TGO,-0.377003938,-0.61487627,-0.294395715,#N/A,0.054475378,-0.186752677,-0.31565994,-1.446406603,-0.52896899,-0.340812892,-0.1695216,-0.165024713,-0.179348394,-0.162598491,-0.386457771,-0.35371083,-0.167126864,-0.231348053,-0.172353581,0.216166675,6,39.04761887,25.23809433,52.38095093,-0.881911814,-0.981702685,#N/A
Thailand,THA,0.467856109,0.639298975,0.455312103,#N/A,0.508866847,-0.143153235,-0.716435432,-0.869340003,-1.130406737,-1.111438036,-1.271435618,-1.424786448,-1.442788363,-1.133533716,-1.216630697,-1.311682701,-0.906386316,-0.99442929,-0.988581419,0.204956502,9,14.28571415,10,22.8571434,-0.752744317,-0.733099043,#N/A
Tajikistan,TJK,-2.113896847,-1.838311672,-1.648766875,#N/A,-0.983195186,-1.09886694,-1.307674766,-1.393728018,-1.386591077,-0.75096786,-0.830066502,-1.025994897,-1.034538388,-1.023233891,-1.240859747,-1.182374001,-0.693340778,-0.882642269,-0.77775985,0.221377477,6,20,11.4285717,30.47619057,-0.673443079,-0.724318802,#N/A
Turkmenistan,TKM,0.44863975,0.197627664,0.006976929,#N/A,0.068998754,0.053024773,-0.116040193,0.071198665,-0.24665001,0.276233196,0.532546759,0.483125776,0.334105611,0.234129071,0.42808789,0.2490955,0.074206032,-0.087798864,-0.189692512,0.225411683,5,38.57143021,24.76190567,52.38095093,-0.125916302,-0.006895746,#N/A
Timor-Leste,TMP,#N/A,#N/A,0.437010348,#N/A,-0.486652344,-0.286469609,-0.158741668,-0.710453987,-1.157849312,-1.101645947,-0.800646067,-0.567412138,-0.467514545,-0.462352425,-0.284831136,-0.384680241,-0.179694876,-0.271886349,-0.010503778,0.230289087,4,46.19047546,31.4285717,58.57143021,0.071461335,0.298182011,#N/A
Tonga,TON,#N/A,#N/A,#N/A,#N/A,#N/A,0.626500607,0.817572355,0.678637028,0.468505502,0.281633288,0.283827156,0.214392096,0.689703107,0.937798142,0.894514441,0.935446382,0.84719646,0.88633436,0.91781497,0.256322026,3,78.57142639,62.38095093,95.7142868,0.790114284,0.879437804,#N/A
Trinidad and Tobago,TTO,0.27470386,0.412372589,0.152573183,#N/A,-0.093693674,-0.249903604,-0.067939386,-0.11981409,-0.237470448,-0.187592179,-0.115873083,-0.141282395,-0.050823182,0.141080409,0.104277603,0.093686096,0.247864336,0.286114305,0.286351979,0.211597949,7,56.66666794,44.2857132,66.66666412,0.276416957,0.24805139,#N/A
Tunisia,TUN,0.263159275,0.265036523,0.324507982,#N/A,0.151465684,0.319450974,0.148604885,0.023812089,0.210723579,0.159467295,0.102305144,0.061774559,-0.063976362,-0.353741795,-0.721316934,-0.902563274,-0.851661503,-0.96038723,-1.141326785,0.20779568,8,11.4285717,8.571428299,18.5714283,-1.024531603,-0.901892126,#N/A
Turkey,TUR,-1.25575459,-1.228986859,-0.800198317,#N/A,-0.8085832,-0.766920745,-0.834218025,-0.601539254,-0.589657187,-0.81754756,-0.82357043,-1.03184247,-0.915285528,-0.959997058,-1.22053194,-1.249932528,-1.086035967,-1.493914008,-2.009063005,0.204956502,9,4.761904716,2.380952358,7.142857075,-1.78822422,-1.328782678,#N/A
Tuvalu,TUV,#N/A,#N/A,#N/A,#N/A,#N/A,1.166212082,1.269540668,1.384696484,1.348995447,1.340643764,1.337765336,1.40275228,1.422731638,1.302488327,1.290351152,1.28392601,1.299327254,1.39128828,1.413419366,0.290933132,2,97.14286041,79.04762268,99.52381134,1.241457224,1.425431967,#N/A
"Taiwan, China",TWN,1.057519555,0.957500517,0.537371635,#N/A,0.698186994,0.637271404,0.611871719,0.669921219,0.675127208,0.552524745,0.841035068,0.568475366,0.85661,0.946774662,0.89138478,0.873134315,0.766413093,0.920499682,0.925664425,0.20956327,8,79.04762268,65.7142868,93.80952454,0.864526629,0.853405833,#N/A
Tanzania,TZA,-0.624121547,-0.405617028,-0.702226877,#N/A,-0.252414793,-0.854495704,-0.670933247,-0.582918823,-0.355751395,-0.385643601,-0.228036031,0.08914993,0.014471621,-0.024133479,0.051454291,-0.162120849,-0.597118556,-0.41619435,-0.440994769,0.20779568,8,29.04761887,19.52380943,42.38095093,-0.561863005,-0.559101641,#N/A
Uganda,UGA,-1.528671861,-1.101933956,-1.247657776,#N/A,-1.418792129,-1.561002731,-1.305025697,-1.417636991,-1.14019835,-0.915109277,-0.87625742,-0.992435277,-1.000558257,-0.976101816,-0.86896652,-0.838690639,-0.941126168,-0.804501653,-0.715322733,0.20779568,8,21.4285717,13.33333302,31.90476227,-0.571561813,-0.691415608,#N/A
Ukraine,UKR,-0.152462438,-0.119841449,-0.410226852,#N/A,-0.297228694,-0.363276809,-0.471919596,-0.286026508,-0.035826743,0.173132136,0.042411394,-0.301880687,0.013131719,-0.070431463,-0.092274904,-0.77728498,-2.020833492,-1.961800098,-1.856479883,0.204956502,9,6.666666508,4.285714149,8.571428299,-1.870232821,-1.826185465,#N/A
Uruguay,URY,0.623366952,0.766341507,0.931030095,#N/A,0.836659789,0.71226263,0.591046929,0.778608799,0.899404109,0.835497677,0.84626931,0.790318489,0.824986041,0.957096934,0.709167778,0.804738224,0.991879582,1.004238248,1.062580466,0.20779568,8,90,71.42857361,96.19047546,1.050551414,1.046508551,#N/A
United States,USA,0.935775101,0.879810452,1.084508181,#N/A,0.287508965,0.081288747,-0.231348217,-0.058653533,0.493943274,0.375729948,0.585223854,0.4484303,0.438403934,0.591247261,0.632442117,0.643072605,0.582419634,0.678062379,0.402302921,0.204956502,9,59.52381134,48.57143021,71.90476227,0.335552722,0.477460861,#N/A
Uzbekistan,UZB,-0.545672774,-0.684167802,-1.306804657,#N/A,-1.061169147,-1.29960835,-1.455783248,-1.959276199,-1.784578443,-1.360667706,-1.209088683,-0.949650824,-0.720438123,-0.599719346,-0.518739343,-0.53607899,-0.273108631,-0.373036414,-0.272570699,0.219707996,6,36.19047546,23.33333397,49.04761887,-0.23784399,-0.283421993,#N/A
St. Vincent and the Grenadines,VCT,1.031386375,1.109699368,1.219243526,#N/A,0.358000457,0.761428535,1.027605772,1.149890661,1.060911536,0.788072705,0.800598323,0.730071247,0.790275514,0.849078357,0.928883851,0.853357732,0.816450417,1.004724503,1.018932462,0.248026863,4,88.57142639,66.19047546,98.09523773,0.888267279,0.854048908,#N/A
"Venezuela, RB",VEN,-0.58098191,-0.535040438,-0.757350862,#N/A,-1.316252828,-1.28645587,-1.392411947,-1.245572448,-1.252637267,-1.227591395,-1.31103754,-1.276014805,-1.256236672,-1.094045997,-1.02713263,-1.077632427,-0.852002203,-0.977180898,-1.024603605,0.204956502,9,13.80952358,9.523809433,21.4285717,-1.251859546,-1.343512416,#N/A
Virgin Islands (U.S.),VIR,#N/A,#N/A,#N/A,#N/A,#N/A,#N/A,0.840119123,0.450424373,0.513936698,0.485580534,0.507121801,-0.142298877,0.339058101,0.860623062,0.679576159,0.846709192,1.164254904,1.249272108,0.999670088,0.276124716,2,85.23809814,64.2857132,98.09523773,1.001691103,0.985822499,#N/A
Vietnam,VNM,0.526184499,0.319941044,0.409522414,#N/A,0.351495475,0.127057061,0.149893716,0.481922597,0.403777927,0.252105504,0.164629117,0.271709561,0.148407876,0.189088449,0.267358661,0.250577271,-0.022347357,0.069970489,0.233591929,0.20779568,8,54.76190567,41.90476227,65.23809814,0.288423121,0.203265712,#N/A
Vanuatu,VUT,1.031386375,1.109699368,1.219243526,#N/A,1.159108162,0.761428535,0.623886764,1.384696484,1.348995447,1.23170495,1.18415916,1.23060739,1.275229573,1.109436989,1.201700807,1.160386682,0.636045277,0.478408933,0.513113916,0.290933132,2,63.80952454,48.09523773,82.38095093,0.701112926,0.83795625,#N/A
West Bank and Gaza,WBG,-1.539813042,-1.537647367,-1.549876094,#N/A,-1.653650165,-1.299623013,-1.132819653,-1.409788489,-1.733874917,-1.981083512,-1.99823606,-2.043175459,-1.973575473,-1.93561995,-1.956032157,-1.778823495,-1.985010862,-2.160502195,-1.976399302,0.230289087,4,5.238095284,2.380952358,8.571428299,-1.659710526,-1.735648751,#N/A
"Jersey, Channel Islands",JEY,#N/A,#N/A,#N/A,#N/A,#N/A,#N/A,#N/A,#N/A,#N/A,#N/A,#N/A,#N/A,#N/A,1.480601311,1.476132035,1.485056996,1.464952469,1.529619813,1.318669081,0.46613282,1,95.7142868,64.76190186,100,1.273608804,1.273264527,#N/A
"Yemen, Rep.",YEM,-1.307886958,-1.189253449,-1.143510699,#N/A,-1.305778623,-1.480240107,-1.552557707,-1.436715484,-1.345606327,-1.591527462,-2.011097908,-2.327018023,-2.423716307,-2.426796436,-2.430663109,-2.3748281,-2.665575027,-2.680221558,-2.794876575,0.21667859,6,0.476190478,0,1.428571463,-2.94194293,-3.002496243,#N/A
Serbia,SRB,-1.033390403,-2.13918376,-1.642953277,#N/A,-0.512325943,-0.582104743,-0.509060681,-0.765158296,-0.539612234,-0.591053247,-0.543842375,-0.47758925,-0.421741664,-0.282882065,-0.217299461,-0.075638093,0.184110776,0.238982022,0.140153602,0.20779568,8,50,38.09523773,62.38095093,0.086802572,0.082477368,#N/A
South Africa,ZAF,-0.377169549,-0.543383718,-0.225484654,#N/A,-0.253670752,-0.311745256,-0.131361291,-0.162605152,0.048196927,0.215834588,0.049733307,-0.113299407,-0.029427003,0.02403157,-0.0253867,-0.046294536,-0.146388963,-0.212992936,-0.141503975,0.204956502,9,40,27.61904716,52.38095093,-0.277547926,-0.276673168,#N/A
"Congo, Dem. Rep.",ZAR,-2.681913614,-2.84465313,-2.476551056,#N/A,-1.977575064,-2.028026819,-2.388027668,-2.132514477,-2.250012875,-2.176482201,-2.005968332,-2.002091408,-2.196742058,-2.21298933,-2.085892916,-2.192190647,-2.167921305,-2.150854349,-2.234621525,0.21667859,6,4.285714149,0.952380955,5.714285851,-2.351179123,-2.1162045,#N/A
Zambia,ZMB,-0.159263119,0.21953389,0.033903312,#N/A,-0.278804451,0.217705637,0.189577162,0.105049774,0.362500101,0.363416284,0.469841927,0.568317831,0.515351355,0.509773791,0.660962522,0.435933292,0.156212017,0.151694864,0.14280805,0.211597949,7,51.42856979,37.61904907,62.38095093,0.146179691,0.141994357,#N/A
Zimbabwe,ZWE,-0.464482754,-0.739624739,-1.322906256,#N/A,-1.521978378,-1.088342667,-1.207499981,-1.272914052,-0.932960629,-1.108968377,-1.213945031,-1.167149901,-1.10401392,-0.945328534,-0.778662026,-0.665949762,-0.713570178,-0.618156314,-0.619937897,0.20779568,8,24.76190567,14.28571415,35.7142868,-0.708676815,-0.70705384,#N/A
