Country/Territory,CodeName,1996,1998,2000,2001,2002,2003,2004,2005,2006,2007,2008,2009,2010,2011,2012,2013,2014,2015,2016,2017,2018,2019
Aruba,ABW,#N/A,#N/A,#N/A,#N/A,#N/A,#N/A,0.737520695,1.153230071,1.017273426,0.972128868,0.967198193,1.25234437,1.281883955,1.273587823,1.28464973,1.278059244,1.276822448,1.273941755,1.279303908,1.294317722,1.305925131,#N/A
Andorra,ADO,1.563216686,1.528759122,1.535655499,#N/A,1.437128186,1.422261953,1.563076615,1.528181553,1.3299793,1.305506468,1.325321794,1.322938085,1.324308634,1.360453367,1.433837652,1.406641722,1.165938854,1.194476604,1.176535368,1.160507083,1.06958878,#N/A
Afghanistan,AFG,-1.90854013,-2.039301157,-2.031416893,#N/A,-1.433421016,-1.177571177,-1.203033924,-1.12542963,-1.110293984,-1.057653904,-1.168901801,-1.375496507,-1.404468179,-1.335976958,-1.267430067,-1.240068316,-1.135444999,-1.11756289,-1.039842725,-0.992469728,-0.994719744,#N/A
Angola,AGO,-1.578163505,-1.411878705,-1.458064675,#N/A,-1.238779068,-1.272615314,-1.285479784,-1.234719396,-1.252087951,-1.18531394,-1.119346857,-1.126124859,-1.120539427,-1.125478387,-1.076246738,-1.113843441,-1.145493984,-1.17725122,-1.142932534,-1.098790407,-0.919593632,#N/A
Anguilla,AIA,#N/A,#N/A,#N/A,#N/A,#N/A,#N/A,0.854418099,0.903781235,1.017273426,0.972128868,0.967198193,0.963812232,0.988284528,1.009051681,1.025671721,1.004767299,#N/A,#N/A,#N/A,#N/A,#N/A,#N/A
Albania,ALB,-0.648297846,-0.387372851,-0.285138667,#N/A,-0.008150226,0.070307702,0.007237501,0.003671779,0.075889945,0.113008492,0.174939096,0.141477272,0.123821586,0.062333763,0.022064054,0.048892584,0.143760741,0.157148704,0.169949219,0.202282995,0.206369534,#N/A
Netherlands Antilles (former),ANT,#N/A,#N/A,#N/A,#N/A,#N/A,#N/A,0.503726006,0.654332519,0.548463166,0.517305076,0.525152504,0.303896695,0.325717777,0.335149825,0.350018591,0.340803087,#N/A,#N/A,#N/A,#N/A,#N/A,#N/A
United Arab Emirates,ARE,-0.409403622,-0.519163191,-0.516841352,#N/A,-0.631543517,-0.912192345,-0.687912881,-0.708473206,-0.999829352,-0.906883299,-0.91238147,-0.838312089,-0.903512776,-0.896244109,-1.000819206,-1.019483566,-1.061368585,-1.112425208,-1.050421357,-1.09656775,-1.10933423,#N/A
Argentina,ARG,0.391903371,0.308850229,0.418346971,#N/A,0.260062754,0.349125266,0.362040877,0.269231677,0.403436512,0.448621333,0.358895928,0.280047506,0.361689448,0.344941825,0.295209914,0.27698788,0.345320523,0.41178757,0.492563069,0.527112961,0.565301538,#N/A
Armenia,ARM,-0.569909096,-0.33551845,-0.374595284,#N/A,-0.444421142,-0.467406183,-0.572165549,-0.591363311,-0.742222786,-0.759377897,-0.857629657,-0.876475453,-0.847555041,-0.690779805,-0.570491433,-0.588030756,-0.562082946,-0.536293447,-0.579334617,-0.560886264,-0.113458268,#N/A
American Samoa,ASM,#N/A,#N/A,#N/A,#N/A,#N/A,#N/A,0.503726006,0.654332519,0.548463166,0.972128868,0.967198193,0.963812232,0.988284528,1.009051681,1.025671721,1.004767299,#N/A,#N/A,#N/A,#N/A,#N/A,#N/A
Antigua and Barbuda,ATG,0.333532423,0.339321405,0.390961945,#N/A,0.336637646,0.317483664,0.57303077,0.533180118,0.631312072,0.543636024,0.573908567,0.589428127,0.495848954,0.511174679,0.640056968,0.618955672,0.558710754,0.594992876,0.633602738,0.607787311,0.618535042,#N/A
Australia,AUS,1.440202951,1.407491207,1.471305132,#N/A,1.407233238,1.442127824,1.501541972,1.507055759,1.382794738,1.369199991,1.368076086,1.383791804,1.419765711,1.453721046,1.499190331,1.436413765,1.361716032,1.355591297,1.351012468,1.384022713,1.42814815,#N/A
Austria,AUT,1.448950052,1.354778886,1.317559481,#N/A,1.307496905,1.343882084,1.475651145,1.378656507,1.372684956,1.369262457,1.35846436,1.392845631,1.430291057,1.402443647,1.448773026,1.456567407,1.391321301,1.38353312,1.337417364,1.342785478,1.380671859,#N/A
Azerbaijan,AZE,-1.121030688,-1.022841215,-0.906229019,#N/A,-0.981288195,-1.044704556,-1.056702495,-1.124163508,-1.279161215,-1.233396649,-1.325132132,-1.259756207,-1.304588437,-1.301847577,-1.29948163,-1.402769446,-1.479177833,-1.552387118,-1.563100576,-1.565049291,-1.497994304,#N/A
Burundi,BDI,-1.549572229,-1.44287765,-1.489835978,#N/A,-1.164891243,-1.177996397,-1.281000972,-0.634234488,-0.723143578,-0.714045227,-0.685290635,-0.689439297,-0.942693591,-0.927631855,-0.894518375,-0.953051269,-1.041284084,-1.272206545,-1.549649119,-1.568256617,-1.651565313,#N/A
Belgium,BEL,1.433299541,1.342847466,1.366504431,#N/A,1.377452493,1.478290319,1.440266132,1.420762181,1.342394352,1.36077106,1.324988484,1.346693039,1.360687137,1.325163245,1.349421859,1.373045683,1.366339207,1.387440085,1.376961827,1.384984851,1.397253394,#N/A
Benin,BEN,0.259205192,0.425980747,0.412923425,#N/A,0.050879639,0.187651932,0.053056307,-0.029964088,0.36277771,0.36818099,0.344647497,0.342523307,0.314488977,0.166390568,0.12448547,0.155496404,0.266302288,0.296120852,0.413314581,0.381124973,0.267412454,#N/A
Burkina Faso,BFA,-0.533439755,-0.396195322,-0.230154827,#N/A,-0.387816608,-0.30972442,-0.433708847,-0.44652009,-0.34183386,-0.307009161,-0.283480763,-0.289742321,-0.252950281,-0.280185461,-0.304970831,-0.255426049,-0.351851881,-0.114344187,0.013356481,0.064641006,-0.043225072,#N/A
Bangladesh,BGD,-0.058428358,-0.085569881,-0.227924496,#N/A,-0.432220519,-0.551806808,-0.672145784,-0.569969237,-0.451236516,-0.573499918,-0.442116976,-0.289077908,-0.268095285,-0.31506893,-0.401940703,-0.405386418,-0.473929763,-0.512046814,-0.585298061,-0.616458356,-0.728413701,#N/A
Bulgaria,BGR,0.428986371,0.437017411,0.46049872,#N/A,0.528531313,0.545892,0.569690168,0.59489274,0.577117205,0.690935373,0.577976346,0.560484111,0.531485736,0.450080156,0.400915593,0.337270766,0.366463035,0.43257308,0.401108503,0.378774077,0.323382109,#N/A
Bahrain,BHR,-0.718783438,-1.065402746,-1.056879878,#N/A,-0.571163654,-0.590705574,-0.561549425,-0.743174851,-0.903966546,-0.856526554,-0.868917465,-0.791000724,-0.965910077,-1.217316866,-1.318024635,-1.317464471,-1.311062574,-1.313066006,-1.372134328,-1.386841416,-1.405906916,#N/A
"Bahamas, The",BHS,1.10283947,1.157476664,1.202225447,#N/A,1.18893683,1.032271743,0.984539509,0.942519128,1.020233631,1.098432422,1.121914268,1.007146001,0.988209665,0.960108459,0.934573889,0.924448729,1.047353506,0.951474488,0.852094293,0.848639369,0.795634627,#N/A
Bosnia and Herzegovina,BIH,-0.103825636,-0.008210574,-0.10834337,#N/A,-0.087044545,0.209610566,0.168824628,0.213584766,0.187260151,0.131010443,0.01515203,0.003142807,-0.082464479,-0.159754992,-0.100325383,-0.116462924,-0.070975274,-0.098100908,-0.132196009,-0.207147911,-0.243590653,#N/A
Belarus,BLR,-0.819772601,-0.772695839,-1.312422276,#N/A,-1.451897144,-1.458550334,-1.597364068,-1.766817331,-1.753809452,-1.704454184,-1.593317866,-1.547588706,-1.555038214,-1.660208344,-1.567181349,-1.544428706,-1.442871571,-1.465078235,-1.33949399,-1.355587006,-1.350768924,#N/A
Belize,BLZ,0.824221611,0.881688356,0.975879788,#N/A,0.796831012,0.842791498,0.74007237,0.688429058,0.544680774,0.526492059,0.646870255,0.744926989,0.685301244,0.695515275,0.695277274,0.711436152,0.520088315,0.578133345,0.570770383,0.569845617,0.450753361,#N/A
Bermuda,BMU,1.180363297,1.166620493,0.939376175,#N/A,1.125523925,1.200390577,1.134971619,1.153230071,1.017273426,0.972128868,0.967198193,0.963812232,0.988284528,1.009051681,1.025671721,1.004767299,#N/A,#N/A,#N/A,#N/A,#N/A,#N/A
Bolivia,BOL,0.155518606,0.353770107,0.189972907,#N/A,0.140369892,-0.056417339,-0.170450285,-0.156710416,0.07646361,0.042223975,0.002961717,0.006946406,-0.039268941,-0.068237796,-0.081585295,-0.068993039,-0.02631977,-0.00466957,-0.036925524,-0.025651323,-0.042587254,#N/A
Brazil,BRA,0.242076978,0.332852572,0.301593602,#N/A,0.472238034,0.442828864,0.388609469,0.45767951,0.500075698,0.537074029,0.568985701,0.522006929,0.571348846,0.513676167,0.477906197,0.417426258,0.471927881,0.458851576,0.450566232,0.452668905,0.38856861,#N/A
Barbados,BRB,1.342969298,1.274001479,1.264497519,#N/A,1.231308818,1.155707598,1.104969382,0.949198723,1.037203312,1.029950738,0.946911216,1.12787199,1.136577368,1.114058852,1.132978678,1.137358308,1.145061851,1.096536398,1.085730791,1.112477183,1.124589801,#N/A
Brunei Darussalam,BRN,-0.64997232,-0.723196626,-0.712918997,#N/A,-0.833585382,-0.776591659,-0.797836304,-0.776663303,-1.098655343,-1.061536789,-1.018134356,-0.730715275,-0.650571167,-0.610339284,-0.506374061,-0.505072534,-0.625025094,-0.754147589,-0.90106082,-0.94851166,-0.843259215,#N/A
Bhutan,BTN,-0.952189922,-1.098304272,-1.112356544,#N/A,-1.290270805,-1.146781921,-0.965037048,-1.072155476,-1.058763504,-0.872591913,-0.505405188,-0.46180886,-0.416917801,-0.404029369,-0.280920058,-0.158783644,-0.102953024,-0.034818303,-0.025974635,0.010511945,0.060540687,#N/A
South Sudan,SSD,#N/A,#N/A,#N/A,#N/A,#N/A,#N/A,#N/A,#N/A,#N/A,#N/A,#N/A,#N/A,#N/A,-1.114089131,-1.33308959,-1.442379832,-1.617889285,-1.594529152,-1.794645548,-1.816687107,-1.977598786,#N/A
Botswana,BWA,0.862501025,0.749341488,0.674277008,#N/A,0.666893184,0.70607698,0.735869944,0.594607651,0.513100147,0.507903636,0.513504624,0.437099516,0.455533296,0.425984055,0.532969713,0.489367247,0.435417175,0.440341443,0.394301683,0.387578785,0.474740237,#N/A
Central African Republic,CAF,-0.827540696,-0.681777358,-0.670608699,#N/A,-1.003465772,-1.248254657,-1.309359193,-0.994375527,-1.014793634,-1.083287358,-0.9880777,-1.003473043,-1.104218125,-1.087498307,-1.241135001,-1.474687338,-1.391623259,-1.225525856,-1.08654511,-1.10751152,-1.188596606,#N/A
Canada,CAN,1.566335797,1.55141294,1.531965375,#N/A,1.499053836,1.547556758,1.668454528,1.506879449,1.415594816,1.384671569,1.40752852,1.401845694,1.352596402,1.380144596,1.437505364,1.453486681,1.412359953,1.467126369,1.447940588,1.480334759,1.520856738,#N/A
Switzerland,CHE,1.424485087,1.412886262,1.413346887,#N/A,1.42574501,1.453932285,1.692533612,1.586438179,1.518005848,1.503814697,1.516829848,1.553311944,1.584911585,1.584807515,1.640122056,1.628098488,1.559489489,1.558500648,1.531787872,1.555487752,1.6164217,#N/A
Chile,CHL,0.722760618,0.619043708,0.888868988,#N/A,1.087187409,1.056120157,1.225285053,1.292520523,1.08234477,1.104882002,1.01350832,1.016847134,1.095608711,1.073909163,1.076945186,1.106285453,1.05591476,1.004488349,0.995139897,0.998772621,1.054925084,#N/A
China,CHN,-1.361545205,-1.437437773,-1.384080529,#N/A,-1.594193101,-1.512429118,-1.462463975,-1.500785112,-1.74897027,-1.721250176,-1.699497223,-1.701171041,-1.68054831,-1.637609124,-1.63794148,-1.631408572,-1.616668105,-1.660776854,-1.561286569,-1.50477922,-1.449377298,#N/A
Côte d'Ivoire,CIV,-0.583225548,-0.63867718,-0.932406247,#N/A,-1.067058206,-1.154527545,-1.219648838,-1.294619322,-1.27867806,-1.202089906,-1.167560339,-1.06437993,-1.048398018,-1.081876755,-0.777749956,-0.75119108,-0.50768739,-0.407284588,-0.297715157,-0.27013129,-0.216192186,#N/A
Cameroon,CMR,-0.938624918,-1.063615322,-1.060406923,#N/A,-1.097048998,-1.060005665,-0.974191248,-1.034067273,-1.023897529,-1.04956615,-1.067795634,-1.040357351,-1.058277369,-1.033121228,-1.021581054,-1.036896348,-0.94434166,-0.954080164,-1.032970428,-1.052105069,-1.104003429,#N/A
"Congo, Rep.",COG,-0.827253401,-1.465101957,-1.430073023,#N/A,-0.91310972,-0.827222049,-0.964100897,-1.079140425,-1.208369255,-1.233997107,-1.155456424,-1.104502559,-1.062742472,-1.107997775,-1.155133367,-1.117779732,-1.108313203,-1.016876578,-1.157611847,-1.121757746,-1.181061387,#N/A
Cook Islands,COK,#N/A,#N/A,#N/A,#N/A,#N/A,#N/A,#N/A,#N/A,#N/A,#N/A,#N/A,-0.386081517,-0.35733369,-0.407198876,-0.4767389,-0.464022815,#N/A,#N/A,#N/A,#N/A,#N/A,#N/A
Colombia,COL,-0.51094234,-0.344189405,-0.438140959,#N/A,-0.416357487,-0.429242462,-0.318785131,-0.322521359,-0.172736719,-0.165321589,-0.165922627,-0.149610877,-0.132379189,-0.059714235,-0.063991345,-0.081278823,-0.043316167,0.003927205,0.120772257,0.110942662,0.191384196,#N/A
Comoros,COM,-0.423996627,-0.37515673,-1.032639146,#N/A,-0.344777495,-0.574106872,-0.518591583,-0.630450964,-0.221685231,-0.388406992,-0.287370533,-0.341994405,-0.422287345,-0.373951972,-0.466148853,-0.460561037,-0.29174611,-0.291171193,-0.251930088,-0.295387387,-0.437342554,#N/A
Cape Verde,CPV,0.937576175,0.934504032,0.803981602,#N/A,0.691441357,0.594847262,0.649413168,0.441597372,0.782895863,0.863329768,0.937762976,0.891081154,0.894677579,0.97009629,0.93871963,0.916024446,0.956972718,0.943872631,0.97555244,0.967586696,0.997743845,#N/A
Costa Rica,CRI,1.07736361,1.142669201,1.094698906,#N/A,1.110818624,0.964284658,0.971273601,0.816958487,0.915722609,0.935347319,0.966759682,1.005792499,1.039889574,1.053862691,1.088219762,1.078483462,1.138346195,1.151578665,1.117527843,1.120113134,1.144658208,#N/A
Cuba,CUB,-1.425480008,-1.584772944,-1.635162115,#N/A,-1.648629546,-1.789759636,-1.785588145,-1.805157542,-1.88721025,-1.853983164,-1.800638914,-1.703884602,-1.616888046,-1.610356808,-1.51460743,-1.478674173,-1.544797778,-1.558119059,-1.5601964,-1.551913977,-1.444819212,#N/A
Cayman Islands,CYM,1.620618224,1.60065186,1.59120369,#N/A,1.57331872,0.963297606,0.877797484,0.903781235,0.782868326,0.744717002,0.746175408,0.558976352,0.577670813,0.579870045,0.574214995,0.548934817,0.473134667,0.469160497,0.474880278,0.484764099,0.491972774,#N/A
Cyprus,CYP,1.035754323,0.983076632,1.057137489,#N/A,1.117119074,0.994463027,0.950031281,0.955872655,1.052067399,1.066655755,1.084034085,1.068028331,1.02339077,1.053583145,1.022023559,0.980822682,1.019970298,1.031583905,1.046577334,1.055163145,1.038081408,#N/A
Czech Republic,CZE,1.034855723,0.967962325,0.762775123,#N/A,1.016403556,1.014175177,0.954461277,0.90567255,0.962292731,0.995283782,1.032758713,1.033044815,1.014817715,1.022664309,0.97037971,0.984533489,1.026667476,1.042760968,1.02476871,0.971586883,0.930312037,#N/A
Germany,DEU,1.32889533,1.291888475,1.314802051,#N/A,1.414031386,1.413554311,1.496040106,1.485833883,1.365230918,1.336478472,1.336777806,1.334961534,1.297783494,1.349210739,1.393738031,1.406184077,1.436330318,1.42199707,1.363780379,1.389157295,1.422361732,#N/A
Djibouti,DJI,-0.882711172,-0.994008064,-0.877741814,#N/A,-0.830886364,-0.666397214,-0.784367919,-1.109946132,-1.120305538,-1.196665525,-1.196742058,-1.209395885,-1.265670776,-1.411138177,-1.434044123,-1.471034884,-1.430809975,-1.412144661,-1.372532606,-1.40593946,-1.352053642,#N/A
Dominica,DMA,1.04229033,1.094591856,1.093752384,#N/A,1.109613538,1.053587675,0.985611916,0.932384193,1.005350828,0.997471571,1.034413218,1.012253761,0.982540607,0.987989783,0.946590006,0.966706514,1.06705606,0.878887236,0.899395823,0.883862495,0.810515463,#N/A
Denmark,DNK,1.538971782,1.467340946,1.535965323,#N/A,1.532867908,1.601452231,1.800991774,1.739608884,1.5716362,1.477704406,1.538305998,1.538261056,1.541957259,1.551707029,1.674114227,1.666270614,1.524577379,1.552826166,1.541356921,1.515538573,1.611797333,#N/A
Dominican Republic,DOM,0.056515027,0.093083277,0.225749969,#N/A,0.237251297,0.023253517,0.047007095,-0.070553929,0.205657691,0.197003692,0.164732441,0.089798309,0.073861636,0.090433285,0.124592215,0.115369543,0.188960612,0.154268488,0.180617437,0.15747495,0.137432665,#N/A
Algeria,DZA,-1.166290164,-1.244342446,-1.110052228,#N/A,-1.044660211,-1.076718092,-0.802059054,-0.715685964,-0.916875541,-0.984122396,-0.979712248,-1.038431048,-1.02233839,-1.004121184,-0.906026602,-0.893353224,-0.815198064,-0.849069476,-0.863169134,-0.904876649,-0.980983794,#N/A
Ecuador,ECU,0.013284295,0.114651591,-0.247218117,#N/A,-0.044988766,-0.121541075,-0.244635746,-0.363743484,-0.253862709,-0.161115885,-0.222304702,-0.250361204,-0.2310853,-0.293364823,-0.296114117,-0.252721816,-0.202465162,-0.211754695,-0.248472929,-0.173649341,0.026411217,#N/A
"Egypt, Arab Rep.",EGY,-0.84418416,-0.911786079,-0.894506156,#N/A,-1.102290034,-1.083185434,-0.947557926,-0.964780927,-1.199265122,-1.167745471,-1.212239385,-1.157500863,-1.188053608,-1.139983296,-0.765063465,-1.051558971,-1.18059957,-1.190419555,-1.207264304,-1.252705932,-1.284182668,#N/A
Eritrea,ERI,-1.363928318,-1.231638193,-1.470739365,#N/A,-1.824391365,-1.932921529,-1.907014132,-2.184898615,-2.084116697,-2.115926266,-2.15996933,-2.20277977,-2.198293447,-2.226054192,-2.208767176,-2.196416616,-2.113502741,-2.106812239,-2.172703505,-2.165428162,-2.176343203,#N/A
Spain,ESP,1.319526911,1.299594522,1.277019858,#N/A,1.27498734,1.270559311,1.323611856,1.1314044,1.07872498,1.123086691,1.185325623,1.176973462,1.122543097,1.085865974,1.064178824,0.988870561,0.993725598,1.044831276,1.041045785,1.026823044,1.064252973,#N/A
Estonia,EST,0.926167071,1.03417027,0.98800236,#N/A,1.072951317,1.07057941,1.093419075,0.992168546,1.068221688,1.073010921,1.09165287,1.085522056,1.105651855,1.133725882,1.111924648,1.116848588,1.17031002,1.186864018,1.207984209,1.21326673,1.212969542,#N/A
Ethiopia,ETH,-1.083550096,-0.989250898,-1.031738877,#N/A,-1.226131916,-1.114733219,-1.180990577,-1.238757253,-1.19371748,-1.203704953,-1.30721271,-1.298283458,-1.344842553,-1.362643838,-1.308907866,-1.313026309,-1.284353971,-1.298356652,-1.403662324,-1.442103148,-1.158869624,#N/A
Finland,FIN,1.51769793,1.467298269,1.593033314,#N/A,1.552903652,1.572457075,1.783608437,1.687096953,1.494072199,1.460226774,1.463081241,1.465268016,1.486713052,1.507551432,1.60069716,1.573705554,1.541917205,1.543586373,1.531729341,1.553088784,1.612387061,#N/A
Fiji,FJI,0.152574241,0.226074696,-0.346214205,#N/A,0.028650643,0.066641822,-0.037026647,0.049308639,-0.325200796,-0.650255859,-0.704701424,-0.910687804,-1.106355906,-1.093061566,-0.978677988,-0.909593165,-0.176634297,0.027780499,0.026981229,0.178833008,0.216666237,#N/A
France,FRA,1.311158419,1.171781659,1.182986617,#N/A,1.154342294,1.122662783,1.45645833,1.476771235,1.298722863,1.259766817,1.304794312,1.244508862,1.202856779,1.170668364,1.238105774,1.219246626,1.218159556,1.206640601,1.135573983,1.148533702,1.179414749,#N/A
"Micronesia, Fed. Sts.",FSM,1.113322139,0.980310977,1.007038713,#N/A,1.023825049,1.035866261,0.786521435,0.949673951,1.065407753,1.058531404,1.086042166,1.07439065,1.050894141,0.997179151,0.977706373,0.996572316,1.110941887,1.13473475,1.147534251,1.145001769,1.146016002,#N/A
Gabon,GAB,-0.321172208,-0.391127527,-0.470682234,#N/A,-0.526887536,-0.662809372,-0.780080676,-0.82700175,-0.950213253,-0.866477549,-0.845180631,-0.971219182,-0.865145862,-0.905199349,-0.863606691,-0.863370001,-0.865721822,-0.894153893,-0.969589055,-1.059383154,-0.947749376,#N/A
United Kingdom,GBR,1.272319436,1.195276618,1.323269844,#N/A,1.283422589,1.333042264,1.597445846,1.443956375,1.378773689,1.335596442,1.321022868,1.303301334,1.289994001,1.29741168,1.339132667,1.32903707,1.275789618,1.297836781,1.29463613,1.332299113,1.38397646,#N/A
Georgia,GEO,-0.33175081,-0.385090172,-0.283675969,#N/A,-0.505115449,-0.177865684,-0.078266896,-0.090371139,-0.092710018,-0.230410203,-0.256853878,-0.188830778,-0.160890982,-0.172698855,0.021580778,0.138814509,0.284665972,0.274587989,0.293726236,0.262798131,0.246690333,#N/A
Ghana,GHA,-0.207235247,-0.187200338,0.070623517,#N/A,0.02841652,0.271764487,0.117705427,0.197485253,0.407593399,0.497320414,0.431884378,0.497962654,0.514730036,0.484657794,0.431352198,0.438854575,0.463251561,0.489929527,0.583605587,0.597087085,0.57870388,#N/A
Guinea,GIN,-1.229575992,-1.110450149,-1.101043224,#N/A,-1.263446808,-1.195398688,-1.270173192,-1.172004819,-1.227811456,-1.368683815,-1.426303506,-1.302841544,-0.917965651,-0.887738705,-1.013888717,-1.022311449,-0.858070731,-0.857467532,-0.761686027,-0.738222778,-0.753674269,#N/A
"Gambia, The",GMB,-1.274816751,-0.915815294,-1.064674616,#N/A,-0.670977175,-0.489668667,-0.674434602,-1.015846133,-0.89695102,-0.891591012,-0.865504742,-1.01221168,-1.075465202,-1.215479136,-1.287478089,-1.257354021,-1.267748713,-1.460070491,-1.261949301,-0.622271657,-0.197196752,#N/A
Guinea-Bissau,GNB,-0.972923279,-0.943927407,-0.638303697,#N/A,-0.658738375,-1.065574169,-0.842662632,-0.484425128,-0.628867745,-0.712383509,-0.715373099,-0.759197712,-0.822992742,-0.85343945,-1.325705886,-1.343436956,-0.850447953,-0.749625325,-0.734562874,-0.797027111,-0.666339874,#N/A
Equatorial Guinea,GNQ,-1.524699688,-1.561029911,-1.599229217,#N/A,-1.623729467,-1.663450122,-1.638940096,-1.683500171,-1.826265454,-1.887979507,-1.894067049,-1.806870341,-1.860195398,-1.899613738,-1.905040979,-1.969891191,-1.976544499,-2.000251055,-1.952545047,-1.974466681,-1.86452353,#N/A
Greece,GRC,1.003164291,1.103217363,1.013062,#N/A,1.04801929,1.156673908,1.191414952,1.097569346,0.965482771,0.983873904,0.92821151,0.891443729,0.897718072,0.820455015,0.700790524,0.687237501,0.618757248,0.651543677,0.668495119,0.70862329,0.857336581,#N/A
Grenada,GRD,0.614710569,0.724685133,0.715227902,#N/A,0.785680056,0.764794171,0.569066882,0.525194049,0.720976889,0.794786453,0.820473313,0.823061168,0.791172504,0.785192192,0.747502923,0.770249128,0.906140924,0.806058407,0.817035675,0.743430197,0.534432948,#N/A
Greenland,GRL,#N/A,#N/A,#N/A,#N/A,#N/A,#N/A,#N/A,#N/A,#N/A,#N/A,#N/A,1.245291352,1.282472491,1.276298761,1.290535688,1.278615117,1.276822448,1.273941755,1.279303908,1.294317722,1.305925131,#N/A
Guatemala,GTM,-0.235270128,-0.195095882,-0.285944521,#N/A,-0.358615816,-0.483628333,-0.324404269,-0.359379411,-0.168789566,-0.171275631,-0.201825619,-0.250002801,-0.303307742,-0.311964631,-0.356138647,-0.366542697,-0.337599128,-0.34640336,-0.291888893,-0.281271964,-0.342433751,#N/A
French Guiana,GUF,0.519981205,0.515573442,0.504824638,#N/A,0.453831792,0.489111543,0.503726006,0.404883742,0.314057976,0.28989318,0.30412963,1.074114203,1.116193891,1.089094281,1.124147177,1.146864057,1.276822448,1.273941755,1.279303908,1.294317722,1.305925131,#N/A
Guam,GUM,#N/A,#N/A,#N/A,#N/A,#N/A,#N/A,0.597243965,0.654332519,0.548463166,0.972128868,0.967198193,0.963812232,0.767428935,0.784417808,0.800454021,0.783445895,#N/A,#N/A,#N/A,#N/A,#N/A,#N/A
Guyana,GUY,0.254009694,0.390771747,0.464220554,#N/A,0.542352378,0.428198814,0.066932872,-0.228859812,0.091823734,0.100955956,0.112154983,0.092697904,0.066198118,0.029474288,-0.002288181,0.021231109,0.156029701,0.184077993,0.253539056,0.277213365,0.257583529,#N/A
"Hong Kong SAR, China",HKG,0.333626032,-0.106265157,-0.011973736,#N/A,0.190888628,0.449889958,0.562140465,0.620391667,0.508110166,0.476365209,0.44778803,0.479499847,0.514842212,0.57496798,0.639709473,0.725162983,0.535698533,0.514809549,0.377209246,0.427581429,0.468593001,#N/A
Honduras,HND,-0.222767293,-0.02243376,-0.098604575,#N/A,-0.162654772,-0.177857652,-0.340818167,-0.345806867,-0.139432818,-0.192796737,-0.294657081,-0.532957733,-0.503610969,-0.468656331,-0.469777703,-0.474935949,-0.409190774,-0.421752512,-0.439699173,-0.441741675,-0.508318186,#N/A
Croatia,HRV,-0.161426276,-0.292461693,0.510653853,#N/A,0.556711018,0.623684108,0.658320665,0.452612311,0.481493741,0.517976046,0.467806906,0.486277878,0.47642827,0.521082401,0.540830553,0.513741314,0.514940262,0.555507064,0.52451694,0.511416376,0.501964271,#N/A
Haiti,HTI,-0.689029872,-0.614243031,-0.733862698,#N/A,-1.180776,-1.200582743,-1.335517883,-1.231598139,-0.712554455,-0.612985611,-0.587012768,-0.657142878,-0.711512923,-0.749023736,-0.762743711,-0.7494452,-0.791107893,-0.798699319,-0.759447336,-0.736952424,-0.745483339,#N/A
Hungary,HUN,1.015237093,1.070460796,1.135266662,#N/A,1.15602231,1.167382121,1.149414063,1.175189376,1.015040755,1.041055679,0.965708435,0.909684956,0.894202769,0.836973131,0.749367654,0.737192869,0.553266287,0.559974253,0.401252329,0.365919024,0.318342388,#N/A
Indonesia,IDN,-0.923689842,-1.024469733,-0.270175904,#N/A,-0.271903306,-0.299386054,-0.255447388,-0.12192551,-0.084252529,-0.019804804,-0.011261522,-0.001040607,-0.037774231,-0.008531014,0.067612648,0.036121309,0.1539049,0.184858039,0.166678548,0.129881993,0.179736689,#N/A
India,IND,0.476563722,0.391242564,0.352063388,#N/A,0.426245898,0.454564899,0.399967372,0.413685679,0.437193722,0.453963935,0.462193102,0.460684627,0.443272382,0.435818583,0.399454206,0.432780147,0.413294047,0.427870214,0.440187365,0.385538399,0.378832668,#N/A
Ireland,IRL,1.382436991,1.355704904,1.408248782,#N/A,1.270815134,1.276466012,1.477552295,1.623854518,1.39654088,1.397141814,1.422590494,1.353574395,1.324431896,1.305360556,1.322521329,1.311735153,1.317501187,1.334673524,1.290975094,1.293332815,1.318750381,#N/A
"Iran, Islamic Rep.",IRN,-0.951336086,-0.857599556,-0.932390332,#N/A,-1.075241089,-1.253180027,-1.233033299,-1.282150984,-1.500558734,-1.554468393,-1.569738984,-1.581752419,-1.606162906,-1.583116174,-1.600212693,-1.608371854,-1.58074379,-1.513592601,-1.343074918,-1.299485683,-1.317931652,#N/A
Iraq,IRQ,-1.956640244,-1.94254303,-2.012988806,#N/A,-2.050343513,-1.501180291,-1.643005252,-1.300999403,-1.282197595,-1.126172066,-1.104686856,-1.02347219,-0.991854608,-1.069501519,-1.076180577,-1.057192326,-1.144258142,-1.127941489,-1.01678586,-1.048273683,-0.987156034,#N/A
Iceland,ISL,1.462388992,1.429102898,1.492715597,#N/A,1.472992182,1.555669427,1.628327966,1.568608046,1.445336819,1.431000233,1.425650001,1.415215015,1.44575274,1.410729647,1.442950368,1.439568877,1.357325196,1.376501918,1.356051326,1.377903223,1.412682295,#N/A
Israel,ISR,0.70407182,0.619312763,0.694345474,#N/A,0.589134455,0.644292593,0.66225034,0.646124363,0.774156392,0.740543842,0.723265231,0.570473433,0.583845377,0.653309524,0.644344866,0.649406195,0.727578998,0.744920373,0.786603034,0.696376026,0.65119046,#N/A
Italy,ITA,1.129290819,1.0639745,1.040719151,#N/A,1.038653016,0.985716999,1.177167773,1.057029247,1.064523578,1.111907482,1.032023787,1.034180284,0.962797403,0.911823928,0.916809261,0.954217374,0.999262631,1.034772038,1.033993244,1.053588629,1.045517802,#N/A
Jamaica,JAM,0.58698386,0.727634013,0.677775979,#N/A,0.597427487,0.519186258,0.3969042,0.418052912,0.620725513,0.637015939,0.579975128,0.577552021,0.462827593,0.479151219,0.486024708,0.543406129,0.562572896,0.608770549,0.681260943,0.690306485,0.616998672,#N/A
Jordan,JOR,-0.238322094,-0.420019746,-0.284868985,#N/A,-0.796563566,-0.634042144,-0.549854517,-0.514288366,-0.717004716,-0.67678076,-0.737368822,-0.784595072,-0.799326241,-0.796205163,-0.734492719,-0.806754529,-0.753645599,-0.769384861,-0.713006794,-0.722979665,-0.701732814,#N/A
Japan,JPN,1.072929502,0.946786463,0.958087981,#N/A,1.014470935,1.082603693,1.043494582,1.006276965,0.954123318,0.969946265,0.948859215,1.021046162,1.040693045,1.071133375,1.101295233,1.109647036,1.036089063,0.988054872,0.987904727,1.007818937,1.022637606,#N/A
Kazakhstan,KAZ,-0.964694977,-0.763755381,-0.965679228,#N/A,-1.072603464,-1.09170568,-1.128525496,-1.031668067,-1.189626336,-1.163579345,-1.092260361,-1.075511217,-1.132222414,-1.121369481,-1.176720738,-1.242598891,-1.183920979,-1.163787961,-1.207552075,-1.227571368,-1.171870589,#N/A
Kenya,KEN,-0.652150869,-0.866834044,-0.81064713,#N/A,-0.679399788,-0.257107317,-0.211594954,-0.244841993,-0.130346507,-0.249015316,-0.282543808,-0.33191362,-0.218955293,-0.269520193,-0.28780365,-0.212256938,-0.145232216,-0.146001905,-0.115443103,-0.199417993,-0.360654324,#N/A
Kyrgyz Republic,KGZ,-0.787026465,-0.808966398,-1.094259858,#N/A,-1.015423298,-1.027841806,-1.016143322,-0.887550652,-0.759082139,-0.962735653,-1.091764927,-1.019886851,-0.934334874,-0.682987273,-0.611097157,-0.538261116,-0.462497383,-0.404160887,-0.420299232,-0.438462436,-0.374236494,#N/A
Cambodia,KHM,-0.74947238,-0.815465987,-0.780782759,#N/A,-0.740299761,-0.899962723,-0.870825171,-1.017338395,-0.931646049,-0.92798692,-0.971139133,-0.913447618,-0.927255273,-0.914128304,-0.961479783,-0.980927289,-1.107750893,-1.122614861,-1.106936693,-1.155918479,-1.221331358,#N/A
Kiribati,KIR,1.150897503,1.175146937,1.142294526,#N/A,1.090094328,0.973531663,0.411308944,0.024949199,0.701956987,0.642090917,0.748063684,0.63489157,0.635396719,0.837064266,0.774608672,0.805797935,0.939704716,0.978927851,1.004845619,1.046687484,1.146016002,#N/A
St. Kitts and Nevis,KNA,1.025646329,1.041039109,1.039500237,#N/A,1.015181184,0.890418649,0.404390901,1.191075444,1.161857247,1.156144023,1.076478362,1.10033834,1.16569829,1.124403238,1.124435902,1.124345303,1.121913314,0.847452939,1.006534696,0.994611561,0.896731377,#N/A
"Korea, Rep.",KOR,0.668098986,0.638672411,0.637169182,#N/A,0.745628059,0.723233759,0.728531182,0.745595634,0.690555096,0.699741125,0.657143593,0.707668364,0.74108696,0.726919293,0.725595772,0.705827594,0.680225968,0.631014347,0.640720904,0.739914238,0.796059787,#N/A
Kuwait,KWT,-0.243808046,-0.299082875,-0.297324896,#N/A,-0.361814767,-0.396658093,-0.303084433,-0.483525157,-0.581767321,-0.545192778,-0.543381393,-0.484645516,-0.52443558,-0.558573604,-0.642977953,-0.657606125,-0.657459795,-0.663663805,-0.628963351,-0.607082188,-0.589186668,#N/A
Lao PDR,LAO,-1.132530332,-1.306518674,-1.341205955,#N/A,-1.738892794,-1.775456309,-1.551036358,-1.655455112,-1.732779741,-1.71849823,-1.709537506,-1.699371099,-1.676841259,-1.678506017,-1.643571138,-1.649452329,-1.733219862,-1.753514647,-1.759243846,-1.750774503,-1.739436388,#N/A
Lebanon,LBN,-0.328649968,-0.399467558,-0.314059347,#N/A,-0.662610292,-0.491062015,-0.413962543,-0.281063855,-0.387200743,-0.46736902,-0.422118217,-0.355251491,-0.331298321,-0.390134037,-0.385833383,-0.404981285,-0.420307428,-0.462549448,-0.520428479,-0.577041745,-0.499099761,#N/A
Liberia,LBR,-1.434985638,-0.892448485,-1.031444669,#N/A,-1.269858479,-1.445946336,-1.291519523,-0.417990476,-0.167643145,-0.142709941,-0.184938207,-0.163397804,-0.211389557,-0.256350547,-0.306616247,-0.387322694,-0.275833428,-0.229759499,-0.107508317,-0.0206038,-0.04329272,#N/A
Libya,LBY,-1.49730587,-1.679156423,-1.688662767,#N/A,-1.824064732,-1.756654501,-1.79518795,-1.858394384,-1.98288238,-1.951152205,-1.941491127,-1.910279155,-1.940415621,-1.594412327,-0.900741994,-0.971600056,-1.113725781,-1.341634035,-1.429769158,-1.443076372,-1.520824552,#N/A
St. Lucia,LCA,1.063221693,1.078994036,1.080076933,#N/A,1.101619482,1.094490886,0.612667918,1.202947378,1.191003084,1.179257989,1.222064257,1.213140965,1.202203512,1.160672188,1.111395359,1.111953974,1.127577901,1.022666693,1.01265645,0.984670639,0.858395338,#N/A
Liechtenstein,LIE,1.563216686,1.528759122,1.535655499,#N/A,1.345596433,1.397978663,1.452215672,1.532292128,1.244855285,1.297655821,1.317130685,1.545567155,1.586911798,1.563959241,1.506029725,1.486973763,1.395747304,1.387669921,1.250290632,1.277913451,1.319967747,#N/A
Sri Lanka,LKA,-0.269144207,-0.150950506,-0.190723956,#N/A,-0.088549092,-0.092452683,-0.164139315,-0.206795961,-0.310158849,-0.435254902,-0.464874446,-0.480336696,-0.505229056,-0.545052946,-0.575279295,-0.594175637,-0.667200983,-0.29614079,-0.082130551,-0.06331256,0.00878365,#N/A
Lesotho,LSO,-0.480029017,-0.434724659,-0.370127261,#N/A,0.038615584,-0.000992402,-0.152925462,-0.2097698,0.181888372,0.013480448,-0.066223256,-0.083432585,-0.10152968,-0.089245625,0.072332896,0.120267116,0.161970541,0.114692226,0.033744823,0.039735965,0.08439292,#N/A
Lithuania,LTU,0.97710377,0.93635422,0.855439901,#N/A,0.904892266,0.920530558,0.882494092,0.902132928,0.861287594,0.886551917,0.849656224,0.90215981,0.915634632,0.860525906,0.92950964,0.940019667,0.961591065,0.973910034,0.99996984,0.985478461,0.923359632,#N/A
Luxembourg,LUX,1.549987316,1.524928689,1.510186672,#N/A,1.408296943,1.533095598,1.668277264,1.581917882,1.547201157,1.537699461,1.545579076,1.555081606,1.574836135,1.604539394,1.649900675,1.631096363,1.554682136,1.546809912,1.500210524,1.520514846,1.566906452,#N/A
Latvia,LVA,0.723347485,0.828436792,0.742288053,#N/A,0.837780058,0.767004192,0.700535595,0.781813085,0.846699059,0.828915298,0.780786335,0.849937856,0.794243932,0.736775279,0.775515556,0.770423412,0.849434912,0.846534431,0.842489839,0.796531856,0.813324571,#N/A
Kosovo,KSV,-1.699881434,-1.268769026,-0.738669157,#N/A,-0.390101403,-0.321591944,-0.36131838,-0.372446328,-0.505195737,-0.31247279,-0.313796252,-0.116840363,-0.180990994,-0.236089617,-0.223774776,-0.25044471,-0.201312855,-0.150831714,-0.148820564,-0.115841962,-0.120081499,#N/A
"Macao SAR, China",MAC,0.299853712,0.298557758,0.28754887,#N/A,0.453831792,0.726204634,0.129654557,0.404883742,0.314057976,0.06248131,0.083106764,0.592065454,0.628308296,0.606116414,-0.243221357,-0.267653346,-0.330553174,-0.067360409,-0.061402179,-0.054938268,-0.050662145,#N/A
Morocco,MAR,-0.416846514,-0.243397817,-0.449143887,#N/A,-0.465828568,-0.752867103,-0.508274615,-0.687104881,-0.712467074,-0.707481861,-0.758324027,-0.745735705,-0.698589623,-0.709956825,-0.605667233,-0.698580146,-0.686271131,-0.628306687,-0.626316369,-0.669558764,-0.663042665,#N/A
Monaco,MCO,1.098291993,1.114418864,1.117948532,#N/A,1.092975616,0.952753425,0.928724051,0.924126983,0.929085612,0.934261024,0.971235871,0.954713106,1.024482489,0.802048743,0.796869934,0.819821715,0.993912756,1.017157674,0.836829603,0.835493863,0.660957992,#N/A
Moldova,MDA,0.01836968,0.089800134,-0.143778041,#N/A,-0.532346904,-0.491123945,-0.585409641,-0.547894061,-0.267036706,-0.292217821,-0.307182461,-0.296511173,-0.055239335,0.049504507,-0.034426078,-0.071324833,0.011545338,0.02859303,-0.02121437,-0.029629324,-0.106641933,#N/A
Madagascar,MDG,-0.117616765,0.152408421,0.110470921,#N/A,-0.153443366,0.044549532,0.005362698,-0.123797461,-0.110259488,-0.139065206,-0.326152921,-0.831529379,-0.845434904,-0.879346013,-0.883270681,-0.763357162,-0.500305891,-0.380610675,-0.313077241,-0.341078967,-0.309451431,#N/A
Maldives,MDV,-0.660230458,-0.674291372,-0.758386791,#N/A,-0.839590251,-0.999485612,-1.19482708,-0.979869902,-1.005972147,-0.927418411,-0.301234484,-0.048458237,-0.062693708,-0.156640366,-0.468655318,-0.459633708,-0.372216314,-0.517912567,-0.733072519,-0.741135955,-0.660453141,#N/A
Mexico,MEX,-0.042313021,0.062786311,0.258450001,#N/A,0.346043468,0.34693712,0.319827616,0.198065534,0.150474414,0.121899016,0.134927571,0.200044572,0.178506866,0.121691875,0.112745345,0.108392306,0.000316119,-0.07535895,-0.06921301,-0.078092694,-0.005917775,#N/A
Marshall Islands,MHL,1.22604835,1.24346602,1.255909681,#N/A,1.228395581,1.216563106,1.195130348,1.186263919,1.164476037,1.158912063,1.188147068,1.132051229,1.11228776,1.129664183,1.103285909,1.186988592,1.154827714,1.178826213,1.191398382,1.18869698,1.146016002,#N/A
"Macedonia, FYR",MKD,-0.387256861,-0.160104439,-0.343047321,#N/A,-0.165570736,-0.02186485,-0.161177367,-0.1014686,0.173717871,0.276678562,0.19573997,0.168138519,0.114985645,-0.039491851,-0.028496105,-0.057545625,-0.14148204,-0.181901351,-0.236097395,-0.14035885,-0.009295281,#N/A
Mali,MLI,0.012142762,-0.067682624,-0.04573743,#N/A,0.280810177,0.33616522,0.248863742,0.247933805,0.297409028,0.225390598,0.202510953,0.069614626,0.15810734,0.167899787,-0.495530128,-0.28450796,-0.161402777,-0.197935835,-0.183506221,-0.252720803,-0.309182703,#N/A
Malta,MLT,1.166311741,1.136850238,1.191570759,#N/A,1.167907596,1.34463799,1.372729182,1.233854294,1.203782439,1.242634654,1.249736071,1.152721882,1.167212725,1.143347025,1.165387988,1.156572461,1.18426621,1.202808499,1.196308494,1.169981718,1.123316646,#N/A
Myanmar,MMR,-1.88991797,-1.918437123,-2.039811373,#N/A,-2.012826204,-2.081955194,-2.122652292,-2.166204929,-2.233270645,-2.21349144,-2.207979202,-2.172563791,-2.067405224,-1.849633694,-1.620119333,-1.46162653,-1.343992472,-1.2189821,-0.797783136,-0.865617871,-0.887321591,#N/A
Mongolia,MNG,0.423779756,0.559471786,0.383202732,#N/A,0.378301382,0.325539052,0.272552013,0.069540665,0.253958493,0.314249188,0.26869759,0.125568166,0.088456556,0.052060228,0.065474994,0.108955525,0.241444647,0.270258099,0.331927717,0.29181996,0.262546897,#N/A
Montenegro,MNE,#N/A,-0.594267905,-0.501997948,#N/A,0.012423349,0.085785493,0.113930926,0.134036958,0.262788713,0.258968711,0.235908493,0.24179399,0.189758241,0.20789057,0.217905939,0.178289801,0.160300255,0.1440247,0.07599064,0.123707004,0.080133907,#N/A
Mozambique,MOZ,-0.28148526,-0.16156669,-0.218968794,#N/A,-0.218986437,-0.031171661,-0.033941474,0.008335317,-0.086383134,-0.081787378,-0.07274244,-0.114255242,-0.120654978,-0.199520633,-0.197661296,-0.256315321,-0.24599041,-0.27003777,-0.418252438,-0.420281678,-0.467445821,#N/A
Mauritania,MRT,-0.567770183,-0.711399913,-0.789923966,#N/A,-0.793843567,-0.76457721,-1.131420732,-0.912761688,-0.851902544,-0.666273534,-0.942664027,-0.924539506,-0.909265876,-0.927596331,-0.910916328,-0.959419847,-0.895422757,-0.887889564,-0.775238872,-0.800185204,-0.854077399,#N/A
Martinique,MTQ,0.74010855,0.732589126,0.722100437,#N/A,0.67772913,0.726204634,0.784279644,0.654332519,0.548463166,0.517305076,0.525152504,0.523868501,0.5465734,0.559783816,0.57523632,0.562124491,#N/A,#N/A,#N/A,#N/A,#N/A,#N/A
Mauritius,MUS,0.852914512,1.007172227,0.9825176,#N/A,0.788582921,0.85199517,0.840148866,0.83283937,0.909173727,0.886209965,0.863871872,0.8228935,0.789677322,0.795731783,0.880852997,0.928681612,0.940896153,0.827106059,0.819038749,0.789744616,0.760599494,#N/A
Malawi,MWI,-0.088463768,0.06455116,-0.133616418,#N/A,-0.583100677,-0.428266704,-0.542294264,-0.528102636,-0.252313852,-0.261939257,-0.246654779,-0.148801818,-0.190986261,-0.245419502,-0.206084371,-0.178754002,-0.064298145,-0.00402953,-0.030775605,-0.031091178,-0.058092013,#N/A
Malaysia,MYS,-0.181069866,-0.42195484,-0.421082169,#N/A,-0.492929816,-0.457673877,-0.235716462,-0.146773517,-0.543147862,-0.523537278,-0.563192904,-0.503895342,-0.499978125,-0.474874914,-0.346539199,-0.339679241,-0.360303104,-0.391476721,-0.418370813,-0.400363863,-0.083687983,#N/A
Namibia,NAM,0.496299714,0.330687076,0.333465695,#N/A,0.251939505,0.186523661,0.27459532,0.331786513,0.481321037,0.449754745,0.450895995,0.375795096,0.349807173,0.340737253,0.378439128,0.400293231,0.55330056,0.579368234,0.582214952,0.550661743,0.486273438,#N/A
Niger,NER,-1.506181717,-1.29401505,-0.11989437,#N/A,-0.204168305,-0.156030595,-0.190244764,-0.283560395,-0.324552685,-0.368081421,-0.441894054,-0.737894952,-0.666964769,-0.246729359,-0.284627557,-0.306289643,-0.195137009,-0.204605967,-0.422796905,-0.429088593,-0.584515631,#N/A
Nigeria,NGA,-1.55370152,-1.080581784,-0.481231272,#N/A,-0.634268761,-0.662227452,-0.796761572,-0.868943393,-0.623297811,-0.760439992,-0.735603809,-0.848872244,-0.777086914,-0.713411033,-0.70021987,-0.693028212,-0.586755931,-0.373227447,-0.32018289,-0.34084481,-0.407927573,#N/A
Nicaragua,NIC,0.053369619,0.103398241,-0.125508606,#N/A,-0.054776959,0.158112004,-0.015315128,-0.24899523,-0.194359139,-0.217171922,-0.367741048,-0.439308286,-0.477635562,-0.576730072,-0.536340475,-0.457648277,-0.395727456,-0.414755195,-0.681534111,-0.719136,-1.083065152,#N/A
Niue,NIU,#N/A,#N/A,#N/A,#N/A,#N/A,#N/A,#N/A,#N/A,#N/A,#N/A,#N/A,-0.386081517,-0.35733369,-0.407198876,-0.4767389,-0.464022815,#N/A,#N/A,#N/A,#N/A,#N/A,#N/A
Netherlands,NLD,1.557145357,1.562134027,1.543961287,#N/A,1.469413996,1.52679491,1.696608305,1.666020036,1.539821029,1.523433328,1.483085513,1.464388728,1.450569272,1.537047744,1.605585456,1.566972613,1.547281384,1.561142683,1.540276289,1.569387078,1.596444011,#N/A
Norway,NOR,1.56270957,1.493818998,1.526009202,#N/A,1.487174869,1.529246092,1.70420897,1.640593052,1.542179823,1.549854994,1.548039079,1.548880458,1.595088124,1.626358032,1.728163242,1.737975121,1.684087038,1.687912822,1.664254904,1.692234516,1.732547045,#N/A
Nepal,NPL,-0.064157009,-0.193280414,-0.280598551,#N/A,-0.79815954,-0.920003414,-1.134827137,-1.146815538,-0.908803582,-0.585561931,-0.496126413,-0.441041797,-0.447492629,-0.445125788,-0.642363489,-0.528574765,-0.430457085,-0.415440798,-0.252871335,-0.233990937,-0.131958097,#N/A
Nauru,NRU,0.990575969,1.0056144,0.94482106,#N/A,0.946030617,1.115269303,1.072399616,1.065369248,1.065395236,1.056956887,1.082353234,1.087100387,1.066604733,1.09516871,1.09553349,1.055323839,0.807397604,0.546848893,0.507848263,0.507779598,0.660957992,#N/A
New Zealand,NZL,1.629558206,1.557806134,1.678681374,#N/A,1.501043439,1.610115528,1.653177857,1.628601551,1.499365449,1.477947354,1.478388548,1.4784832,1.507505894,1.579075933,1.617722034,1.606077671,1.524383783,1.554844856,1.532413483,1.556706309,1.623501301,#N/A
Oman,OMN,-0.713683128,-0.886453092,-0.755833328,#N/A,-0.787837088,-0.822545171,-0.656644702,-0.919637918,-1.159486771,-1.062660575,-1.070742846,-1.07403779,-1.044802904,-1.060490608,-1.021669745,-1.03864193,-1.090710998,-1.061452985,-1.054407239,-1.061407924,-1.026106596,#N/A
Pakistan,PAK,-0.596835911,-0.54471904,-1.220253587,#N/A,-1.109006166,-1.170764208,-1.142131209,-0.976286173,-0.886475384,-0.949874163,-0.838403463,-0.855752885,-0.79866308,-0.829199433,-0.843582153,-0.799480557,-0.716023862,-0.722066283,-0.700991392,-0.694863021,-0.800693333,#N/A
Panama,PAN,0.130637661,0.511523187,0.631228447,#N/A,0.619423807,0.484826952,0.516072214,0.443538368,0.601521611,0.621265113,0.600690961,0.591263115,0.537198544,0.534638524,0.469416946,0.424271792,0.505627871,0.55851078,0.523939013,0.518744171,0.580500603,#N/A
Palau,PLW,1.098291993,1.114418864,1.117948532,#N/A,1.092975616,1.224354982,1.195130348,1.19432354,1.191498041,1.186718225,1.217000008,1.208629131,1.192970991,1.206217885,1.205604196,1.20579803,1.176770806,1.200871944,1.213330507,1.210544586,1.146016002,#N/A
Peru,PER,-0.52950269,-0.638316989,-0.370226055,#N/A,0.222937241,0.078648843,-0.134529516,-0.013819257,0.091934875,0.10835699,0.152134761,0.083485998,0.111137487,0.131239608,0.114262931,0.084785022,0.192517072,0.227367848,0.267631143,0.272593796,0.23453413,#N/A
Philippines,PHL,0.257727921,0.419711262,0.232365355,#N/A,0.164603293,0.153800815,0.02555364,-0.007255056,-0.091142498,-0.1105415,-0.138752624,-0.027797226,-0.039102528,-0.019902656,-0.02968674,0.006347137,0.15926604,0.147069395,0.162108853,0.082399085,0.037987661,#N/A
Papua New Guinea,PNG,0.078156613,0.075129718,-0.063969463,#N/A,-0.160774842,-0.207606077,-0.423719347,-0.306904912,0.012254033,0.066168189,0.010301263,-0.010511125,-0.030531555,-0.038828041,-0.059104972,-0.004463061,0.012504078,0.044743784,0.157241553,0.131177664,0.043219,#N/A
Poland,POL,1.042701244,1.087616324,1.075671673,#N/A,1.087819576,1.012596726,1.016627669,0.944372296,0.803532481,0.879502356,0.953482151,1.026880741,1.03760159,1.027627707,1.064275742,0.998138905,1.105112672,1.039736032,0.843490481,0.781234205,0.723837733,#N/A
Puerto Rico,PRI,1.100432992,1.127611399,1.112326622,#N/A,1.01157546,0.963035405,0.871200383,0.976367772,1.140376568,1.122001171,1.150025129,0.857002437,0.838140845,0.719682574,0.685145795,0.680240393,0.776707172,0.403720826,0.410238475,0.491499096,0.491972774,#N/A
"Korea, Dem. Rep.",PRK,-1.924112439,-2.067680836,-2.116823196,#N/A,-2.135807991,-2.189693451,-2.06829834,-2.163150072,-2.313395023,-2.237637281,-2.22634244,-2.270495653,-2.227478981,-2.241722345,-2.240076303,-2.251712799,-2.193335295,-2.201959848,-2.180396318,-2.202269793,-2.202045202,#N/A
Portugal,PRT,1.497632861,1.434567332,1.357868314,#N/A,1.304545403,1.409579992,1.464911222,1.430305123,1.232661724,1.231420636,1.201863885,1.128243089,1.107203126,1.107910514,1.028528333,1.066934705,1.107445598,1.128677726,1.156959772,1.207645655,1.204606652,#N/A
Paraguay,PRY,-0.122391537,-0.251117051,-0.506525874,#N/A,-0.456348479,-0.400354236,-0.47459361,-0.395821035,-0.25690937,-0.164958507,-0.115736693,-0.134577975,-0.078933053,-0.083290026,-0.113736898,-0.104938991,-0.102842316,-0.069935821,-0.062343452,-0.042686593,0.053769711,#N/A
Qatar,QAT,-0.710006773,-0.776588619,-0.651787341,#N/A,-0.695015848,-0.687298834,-0.429903537,-0.513849497,-0.865734756,-1.040322661,-1.020598412,-1.003544807,-1.012165904,-1.084917188,-0.921773374,-0.978366435,-1.133435845,-1.144769907,-1.152304173,-1.177425146,-1.195094824,#N/A
Réunion,REU,#N/A,#N/A,#N/A,#N/A,#N/A,#N/A,1.205110073,1.402678609,1.251678705,1.199540734,1.188221097,1.183784127,1.209140062,1.233685613,1.25088954,1.226088643,#N/A,#N/A,#N/A,#N/A,#N/A,#N/A
Romania,ROM,0.286023378,0.389990568,0.469307065,#N/A,0.386146128,0.299218893,0.367766201,0.408908844,0.517973423,0.498997658,0.514151156,0.464287341,0.432123989,0.376137167,0.318529606,0.311523467,0.428126812,0.486136109,0.539774656,0.517548203,0.45778054,#N/A
Russian Federation,RUS,-0.219651893,-0.406413347,-0.346270412,#N/A,-0.444490135,-0.535602927,-0.571611404,-0.651503563,-0.920553744,-0.916404068,-0.870993555,-0.899885774,-0.888972819,-0.883593857,-0.978818178,-1.022177219,-1.044410229,-1.087747216,-1.133949041,-1.091609597,-1.05800736,#N/A
Rwanda,RWA,-1.579203486,-1.411473036,-1.566323996,#N/A,-1.508477807,-1.306903243,-1.349340796,-1.194444418,-1.222134471,-1.246035695,-1.311892033,-1.291988492,-1.32714808,-1.328789234,-1.277656555,-1.211103439,-1.111962318,-1.135210752,-1.157009363,-1.121886849,-1.12991631,#N/A
Samoa,WSM,0.736145616,0.674378455,0.796699822,#N/A,0.758520305,0.753192306,0.683035672,0.637201309,0.637410522,0.608309805,0.575985312,0.539696455,0.434222847,0.402175754,0.349973142,0.40244171,0.665029645,0.73583281,0.774298787,0.775607347,0.763914704,#N/A
Saudi Arabia,SAU,-1.499028325,-1.617568731,-1.602675796,#N/A,-1.702851176,-1.644270658,-1.323740363,-1.536319256,-1.781469107,-1.705146909,-1.729973555,-1.822264433,-1.788063765,-1.907197475,-1.865640283,-1.876408696,-1.882013559,-1.84269619,-1.729216695,-1.675817132,-1.644231796,#N/A
Sudan,SDN,-1.858700871,-1.811389208,-1.752221942,#N/A,-1.543473721,-1.657191873,-1.666589975,-1.71884191,-1.739339948,-1.649223804,-1.641588092,-1.68687427,-1.72559011,-1.771315098,-1.774340391,-1.775898814,-1.736627936,-1.782847881,-1.837654591,-1.839451551,-1.841044188,#N/A
Senegal,SEN,0.108496256,0.029125068,0.199801683,#N/A,0.380685329,0.266685933,0.172796905,0.056197818,0.061726801,-0.181714088,-0.213503525,-0.269090861,-0.267737836,-0.220193043,-0.004189134,0.060057402,0.29227981,0.283629447,0.369218707,0.317083031,0.239694282,#N/A
Singapore,SGP,0.139815584,0.112500772,0.130497083,#N/A,0.058619268,-0.021019517,0.077511214,0.132438689,-0.387192518,-0.363209665,-0.3348355,-0.234220803,-0.208966196,-0.102027185,0.05309137,0.036768436,-0.098659426,-0.161821648,-0.150453717,-0.169366226,-0.059108868,#N/A
Solomon Islands,SLB,0.807382107,0.777904451,0.221702695,#N/A,0.386133492,0.322486877,-0.354120702,-0.098199673,0.045103252,0.063472606,0.020427996,0.137840047,0.06589397,-0.004266611,-0.028549533,0.001520949,0.226569712,0.28452456,0.467391282,0.489262223,0.534342706,#N/A
Sierra Leone,SLE,-0.587721765,-1.132704616,-1.3351897,#N/A,-0.554964662,-0.346790105,-0.311112106,-0.530995667,-0.326508969,-0.218499288,-0.141638219,-0.241322547,-0.157849088,-0.203812584,-0.320652544,-0.342591584,-0.286693156,-0.270441264,-0.199254081,-0.194124013,-0.179168627,#N/A
El Salvador,SLV,-0.102704912,0.043139808,-0.043113958,#N/A,0.122130692,0.107482299,0.024640525,-0.075012766,0.096629858,0.094508946,0.112083882,0.057646532,0.071544304,0.043949775,-0.040193722,-0.013092072,0.152603105,0.152389765,0.188028947,0.152975991,0.041806377,#N/A
San Marino,SMR,1.286168933,1.304194093,1.320832491,#N/A,1.237039447,1.200979352,1.172118306,1.170144558,1.164476037,1.158912063,1.188147068,1.182587266,1.165892482,1.196963787,1.205604196,1.19639349,1.16579926,1.189849019,1.191398382,1.18869698,1.146016002,#N/A
Somalia,SOM,-1.892187953,-1.817961335,-1.713139653,#N/A,-1.507476091,-1.751014113,-1.811015725,-1.759174347,-1.762414694,-1.848486543,-1.893330455,-2.039461374,-2.010569096,-2.015529394,-2.196763515,-2.174769878,-2.114792585,-2.001481295,-1.912402153,-1.77811408,-1.833135009,#N/A
São Tomé and Principe,STP,0.325054944,0.514014363,0.477989197,#N/A,0.555894732,0.244709224,0.10961426,0.061734982,0.272127628,0.1911356,0.184755787,0.156031355,0.123737358,0.248113558,0.180133849,0.135057107,0.321446329,0.280058593,0.368810177,0.299020529,0.158327684,#N/A
Suriname,SUR,-0.091421932,0.170819804,0.442086488,#N/A,0.494850069,0.326033354,0.114305288,0.129616141,0.511488795,0.556039929,0.60561341,0.444832236,0.383502573,0.380300343,0.340863466,0.357050985,0.516894996,0.411395192,0.415239722,0.429843724,0.315850735,#N/A
Slovak Republic,SVK,0.644221544,0.710790992,0.848681509,#N/A,0.976482391,0.931504726,0.947524965,0.899956763,0.931123257,0.947436213,0.935453057,0.876250327,0.910906971,0.96597904,0.973016918,0.959550261,0.959586143,0.965434074,0.960772455,0.935944319,0.878241003,#N/A
Slovenia,SVN,1.275352716,1.204610944,1.107541919,#N/A,1.130460024,1.124961376,1.112388611,1.092290401,1.06961453,1.062970877,1.01736474,1.055124044,1.048638225,1.056918144,0.999778092,1.00189662,0.956106901,0.986826181,1.010171175,1.004897594,0.991061091,#N/A
Sweden,SWE,1.518390656,1.536840677,1.57328856,#N/A,1.50778389,1.548605323,1.739247203,1.584472775,1.48571825,1.510136127,1.520166636,1.546039462,1.542726278,1.612955451,1.690358043,1.658110142,1.61108911,1.565309644,1.563903809,1.576979995,1.61105454,#N/A
Swaziland,SWZ,-1.326706529,-1.236201644,-1.462375522,#N/A,-1.402146339,-1.530229688,-1.46496892,-1.494866014,-1.251292229,-1.351682901,-1.319656968,-1.27179265,-1.325328112,-1.315425396,-1.281684399,-1.261993408,-1.333801031,-1.391945601,-1.416254401,-1.430190921,-1.339050055,#N/A
Seychelles,SYC,0.122146733,0.129361436,0.044132926,#N/A,0.113340296,0.075662278,0.323293954,0.174468666,0.087051935,0.064095937,-0.005131568,0.039896928,0.101656489,0.017898088,0.050829604,0.020099299,-0.047514915,0.080109909,0.158111498,0.190367743,0.211649179,#N/A
Syrian Arab Republic,SYR,-1.403753996,-1.559234619,-1.625865698,#N/A,-1.623203754,-1.621074677,-1.505781054,-1.508198977,-1.757812738,-1.781911016,-1.72432065,-1.692829728,-1.69667232,-1.806280851,-1.844221115,-1.834907055,-1.878197074,-1.92248106,-1.986811161,-1.968701363,-1.958449244,#N/A
Chad,TCD,-0.993629873,-0.972022057,-0.978057504,#N/A,-0.940512538,-1.103416204,-1.230528593,-1.307716489,-1.418420553,-1.451322198,-1.445906639,-1.398563266,-1.360328674,-1.350031614,-1.342747569,-1.374709487,-1.331053138,-1.335182548,-1.355860233,-1.372230768,-1.454470158,#N/A
Togo,TGO,-0.986241639,-1.124888897,-1.125960112,#N/A,-1.383552551,-1.180868506,-1.231241107,-1.221733451,-1.19514668,-1.067694306,-0.988219619,-0.978558838,-0.952039719,-0.903721452,-0.995809436,-0.904471815,-0.766488612,-0.700786948,-0.545899749,-0.623960853,-0.743135929,#N/A
Thailand,THA,0.310659021,0.382473677,0.467802942,#N/A,0.321516633,0.218241096,0.126583293,-0.098295785,-0.739193976,-0.562502325,-0.529666901,-0.455883652,-0.495821983,-0.405181706,-0.321141154,-0.42992577,-0.874782622,-0.969105005,-1.025114059,-1.047120333,-1.005581617,#N/A
Tajikistan,TJK,-1.645832658,-1.505258083,-1.382805347,#N/A,-1.111795902,-1.1499089,-1.222273111,-1.266097903,-1.351941347,-1.292120814,-1.355681419,-1.332100153,-1.431078672,-1.38084805,-1.422403574,-1.504126787,-1.495485544,-1.569085598,-1.691763759,-1.722815156,-1.689397812,#N/A
Turkmenistan,TKM,-1.577282786,-1.65626657,-1.692534447,#N/A,-1.932025552,-1.957250237,-1.98201263,-2.001130581,-2.088715553,-2.156128407,-2.109706879,-2.082513094,-2.040294886,-2.16572094,-2.250428438,-2.216408491,-2.259158611,-2.237534761,-2.17088747,-2.159001827,-2.143716574,#N/A
Timor-Leste,TMP,-1.723410606,-1.700446963,-0.130789056,#N/A,0.267976731,0.165442884,-0.093514897,-0.210176095,0.057441618,0.148541182,0.217161998,0.097795025,0.061659403,0.132830247,0.096344516,0.091121644,0.148780629,0.186151534,0.21950981,0.341287673,0.339762926,#N/A
Tonga,TON,0.226543546,0.249043971,0.217144221,#N/A,-0.02441217,0.061886646,-0.189794227,-0.054514434,-0.025430443,-0.171447739,-0.030295873,-0.046902046,0.29281339,0.321024299,0.336211622,0.458545208,0.663713038,0.661657333,0.642693758,0.602258146,0.562847912,#N/A
Trinidad and Tobago,TTO,0.687231183,0.839022398,0.566399753,#N/A,0.566648781,0.613744557,0.574701726,0.613131702,0.608323753,0.54562223,0.533641875,0.554204643,0.523346186,0.520742893,0.501116395,0.482290119,0.473085731,0.480533689,0.557950914,0.553372681,0.565609276,#N/A
Tunisia,TUN,-0.599355578,-0.823301256,-0.81373626,#N/A,-0.959111214,-0.920870602,-0.866649389,-0.950093031,-1.297919273,-1.378913879,-1.35054493,-1.358339071,-1.416165471,-0.37050426,-0.171652213,-0.084427364,0.192784011,0.241411224,0.303426892,0.161438689,0.210815012,#N/A
Turkey,TUR,-0.12976031,-0.615934074,-0.289199769,#N/A,-0.219570532,-0.033270795,0.013201932,0.000233759,-0.064095311,-0.053324576,-0.041286401,-0.055522546,-0.084820725,-0.1368507,-0.206933513,-0.251326382,-0.338419706,-0.367720038,-0.608911455,-0.707490087,-0.832939386,#N/A
Tuvalu,TUV,1.286168933,1.304194093,1.320832491,#N/A,1.176532745,1.035866261,0.460603118,0.587014854,0.783710897,0.74657464,0.801951885,0.74199599,0.721381724,0.715651512,0.661697507,0.71204257,1.045113087,1.068597555,1.081737995,1.079458833,1.146016002,#N/A
"Taiwan, China",TWN,0.672523856,0.7658813,0.853017509,#N/A,0.965681553,0.904806018,0.935679317,0.932036042,0.703497112,0.727425098,0.715358555,0.825764418,0.831275165,0.840462029,0.849648178,0.889037311,0.881723523,0.898489475,1.009287596,1.014691949,0.977472007,#N/A
Tanzania,TZA,-0.641581655,-0.516356766,-0.47222051,#N/A,-0.39925918,-0.427327722,-0.53358233,-0.363443315,-0.200293675,-0.142469853,-0.166212574,-0.160308748,-0.130891219,-0.141483948,-0.176013693,-0.203786597,-0.192261621,-0.221778274,-0.223795786,-0.278323859,-0.364481002,#N/A
Uganda,UGA,-0.891807199,-0.855878174,-0.993294954,#N/A,-0.930503964,-0.702457309,-0.724424124,-0.597283959,-0.44538334,-0.486063898,-0.509934664,-0.509161592,-0.518392324,-0.525404513,-0.493546128,-0.551976681,-0.584996819,-0.56700325,-0.650013685,-0.588859558,-0.66664964,#N/A
Ukraine,UKR,-0.324850231,-0.240636587,-0.610850513,#N/A,-0.519448936,-0.589256763,-0.671051443,-0.285324842,0.049641289,0.064118445,0.0906661,0.059044831,-0.084004156,-0.132440642,-0.279543012,-0.315396577,-0.142231718,-0.08679916,0.000596148,0.013318107,-0.013729651,#N/A
Uruguay,URY,0.829836369,0.974659562,0.989812434,#N/A,1.054346561,0.992518246,0.842710495,0.885737658,1.030710816,1.04552269,1.062144518,1.105794668,1.14654541,1.12143147,1.06096673,1.085263252,1.107863307,1.14340353,1.162972093,1.166255593,1.212350249,#N/A
United States,USA,1.348660827,1.336877227,1.310166717,#N/A,1.344568133,1.33822763,1.327751994,1.294523597,1.101621866,1.109810352,1.144266844,1.097206473,1.133605719,1.126965761,1.161587,1.103018641,1.07122314,1.109821081,1.109279513,1.049652219,1.039328814,#N/A
Uzbekistan,UZB,-1.600370407,-1.758488417,-1.833386898,#N/A,-1.809311628,-1.7646029,-1.78085947,-1.930238962,-2.071797371,-2.117637634,-2.100142717,-2.102612495,-2.085673094,-2.124430656,-2.033548832,-1.966497064,-1.913251996,-1.956139326,-1.886903882,-1.796641111,-1.615988493,#N/A
St. Vincent and the Grenadines,VCT,1.040676475,1.056221128,1.055730939,#N/A,1.023825049,1.071115375,0.679108441,1.086107612,1.06227541,1.043143034,1.069163799,1.030366659,1.133849859,1.02087605,1.015530825,1.026437998,1.154827714,0.968771935,0.955304384,0.943329751,0.878006101,#N/A
"Venezuela, RB",VEN,-0.093646303,0.114986144,-0.068792894,#N/A,-0.462428361,-0.439825684,-0.598475635,-0.637349963,-0.622201085,-0.745731115,-0.752219379,-0.853561223,-0.870547354,-0.934033573,-0.906963706,-0.951577425,-1.083764911,-1.091086149,-1.13659811,-1.211326361,-1.414395332,#N/A
Virgin Islands (U.S.),VIR,#N/A,#N/A,#N/A,#N/A,#N/A,#N/A,0.760900199,1.153230071,0.782868326,0.744717002,0.746175408,0.743840396,0.767428935,0.784417808,0.800454021,0.783445895,#N/A,#N/A,#N/A,#N/A,#N/A,#N/A
Vietnam,VNM,-1.087494493,-1.347712874,-1.238299251,#N/A,-1.448818564,-1.474382758,-1.337931871,-1.40304482,-1.538451314,-1.526949406,-1.496713758,-1.482666969,-1.496983051,-1.45916307,-1.420068979,-1.366399527,-1.374714971,-1.358865023,-1.374982357,-1.401755214,-1.445501447,#N/A
Vanuatu,VUT,0.62880218,0.639759064,0.639512837,#N/A,0.810420454,0.732518852,0.276733279,0.195848137,0.454070419,0.392456979,0.478367478,0.505172074,0.496133268,0.427274108,0.395672679,0.437806696,0.591240466,0.592977941,0.664110839,0.693794131,0.536725163,#N/A
West Bank and Gaza,WBG,-0.75876075,-0.7178756,-0.76744622,#N/A,-0.80527252,-0.850594282,-0.682446539,-0.653496861,-0.434554845,-0.67793411,-0.862080753,-0.953671992,-0.823597729,-1.00567627,-0.935010076,-0.928261817,-0.881765187,-0.985835791,-1.094875455,-1.031525612,-0.901764333,#N/A
"Jersey, Channel Islands",JEY,#N/A,#N/A,#N/A,#N/A,#N/A,#N/A,#N/A,#N/A,#N/A,#N/A,#N/A,#N/A,#N/A,1.276298761,1.290535688,1.278615117,1.276822448,1.273941755,1.279303908,1.294317722,1.305925131,#N/A
"Yemen, Rep.",YEM,-0.681765139,-0.777622283,-0.801567316,#N/A,-1.161358595,-0.892346799,-0.965285063,-1.049738765,-1.187120438,-1.112436891,-1.220972538,-1.271411657,-1.331268907,-1.39367044,-1.35484612,-1.333612323,-1.301007152,-1.523453712,-1.691973686,-1.692145109,-1.750748515,#N/A
Serbia,SRB,-1.2158041,-0.973842919,-0.63773793,#N/A,0.003405629,-0.12049368,-0.176049948,-0.206954584,0.214458928,0.305300176,0.281703681,0.335619777,0.286466479,0.278624475,0.198943496,0.285488486,0.212611303,0.231058836,0.199047953,0.115802646,0.001831878,#N/A
South Africa,ZAF,0.841138542,0.84697777,0.746240437,#N/A,0.659822226,0.700217009,0.715736926,0.64901042,0.651613116,0.578765213,0.575648129,0.570502579,0.602069676,0.590838611,0.58215332,0.600703418,0.642118156,0.650173008,0.647684216,0.630973518,0.657389879,#N/A
"Congo, Dem. Rep.",ZAR,-1.600948572,-1.728646636,-1.733551145,#N/A,-1.609575033,-1.555048466,-1.697052956,-1.521638393,-1.23079133,-1.211480856,-1.387891054,-1.409387946,-1.409102917,-1.48515594,-1.481081605,-1.45855391,-1.286677957,-1.30390811,-1.390514135,-1.443117976,-1.512408376,#N/A
Zambia,ZMB,-0.334019482,-0.483754486,-0.413114339,#N/A,-0.317013323,-0.36678043,-0.444224864,-0.430345923,-0.207338288,-0.206985191,-0.161100164,-0.300324321,-0.243015707,-0.170420825,-0.132826567,-0.106042109,-0.109600693,-0.066544786,-0.306109667,-0.335298628,-0.320463121,#N/A
Zimbabwe,ZWE,-0.611550152,-0.789812207,-1.085387945,#N/A,-1.363360763,-1.431191921,-1.553577185,-1.674941421,-1.539243817,-1.571520925,-1.5490309,-1.539211273,-1.475183487,-1.463762522,-1.471968174,-1.38621974,-1.256963611,-1.165903687,-1.180986643,-1.196419835,-1.134756327,#N/A
